2025-11-19 00:55:06,134 - mmdet - INFO - Environment info:
------------------------------------------------------------
sys.platform: win32
Python: 3.10.11 (tags/v3.10.11:7d4cc5a, Apr  5 2023, 00:38:17) [MSC v.1929 64 bit (AMD64)]
CUDA available: True
GPU 0: NVIDIA GeForce RTX 3070
CUDA_HOME: C:/Program Files/NVIDIA GPU Computing Toolkit/CUDA\v11.8
NVCC: Not Available
MSVC: Compilador de optimización de C/C++ de Microsoft (R) versión 19.50.35717 para x64
GCC: n/a
PyTorch: 1.11.0+cu113
PyTorch compiling details: PyTorch built with:
  - C++ Version: 199711
  - MSVC 192829337
  - Intel(R) Math Kernel Library Version 2020.0.2 Product Build 20200624 for Intel(R) 64 architecture applications
  - Intel(R) MKL-DNN v2.5.2 (Git Hash a9302535553c73243c632ad3c4c80beec3d19a1e)
  - OpenMP 2019
  - LAPACK is enabled (usually provided by MKL)
  - CPU capability usage: AVX2
  - CUDA Runtime 11.3
  - NVCC architecture flags: -gencode;arch=compute_37,code=sm_37;-gencode;arch=compute_50,code=sm_50;-gencode;arch=compute_60,code=sm_60;-gencode;arch=compute_61,code=sm_61;-gencode;arch=compute_70,code=sm_70;-gencode;arch=compute_75,code=sm_75;-gencode;arch=compute_80,code=sm_80;-gencode;arch=compute_86,code=sm_86;-gencode;arch=compute_37,code=compute_37
  - CuDNN 8.2
  - Magma 2.5.4
  - Build settings: BLAS_INFO=mkl, BUILD_TYPE=Release, CUDA_VERSION=11.3, CUDNN_VERSION=8.2.0, CXX_COMPILER=C:/actions-runner/_work/pytorch/pytorch/builder/windows/tmp_bin/sccache-cl.exe, CXX_FLAGS=/DWIN32 /D_WINDOWS /GR /EHsc /w /bigobj -DUSE_PTHREADPOOL -openmp:experimental -IC:/actions-runner/_work/pytorch/pytorch/builder/windows/mkl/include -DNDEBUG -DUSE_KINETO -DLIBKINETO_NOCUPTI -DUSE_FBGEMM -DUSE_XNNPACK -DSYMBOLICATE_MOBILE_DEBUG_HANDLE -DEDGE_PROFILER_USE_KINETO, LAPACK_INFO=mkl, PERF_WITH_AVX=1, PERF_WITH_AVX2=1, PERF_WITH_AVX512=1, TORCH_VERSION=1.11.0, USE_CUDA=ON, USE_CUDNN=ON, USE_EXCEPTION_PTR=1, USE_GFLAGS=OFF, USE_GLOG=OFF, USE_MKL=ON, USE_MKLDNN=OFF, USE_MPI=OFF, USE_NCCL=OFF, USE_NNPACK=OFF, USE_OPENMP=ON, USE_ROCM=OFF, 

TorchVision: 0.12.0+cu113
OpenCV: 4.12.0
MMCV: 1.5.3
MMCV Compiler: MSVC 192930140
MMCV CUDA Compiler: 11.3
MMDetection: 2.28.1+
------------------------------------------------------------

2025-11-19 00:55:06,807 - mmdet - INFO - Distributed training: False
2025-11-19 00:55:07,454 - mmdet - INFO - Config:
model = dict(
    type='FasterRCNN',
    backbone=dict(
        type='ResNet',
        depth=50,
        num_stages=4,
        out_indices=(0, 1, 2, 3),
        frozen_stages=1,
        norm_cfg=dict(type='BN', requires_grad=True),
        norm_eval=True,
        style='pytorch',
        init_cfg=dict(type='Pretrained', checkpoint='torchvision://resnet50')),
    neck=dict(
        type='FreqFusionCARAFEFPN',
        in_channels=[256, 512, 1024, 2048],
        out_channels=256,
        num_outs=5,
        use_high_pass=True,
        use_low_pass=True,
        lowpass_kernel=5,
        highpass_kernel=3,
        compress_ratio=8,
        feature_resample=True,
        semi_conv=True,
        feature_resample_group=4),
    rpn_head=dict(
        type='RPNHead',
        in_channels=256,
        feat_channels=256,
        anchor_generator=dict(
            type='AnchorGenerator',
            scales=[8],
            ratios=[0.5, 1.0, 2.0],
            strides=[4, 8, 16, 32, 64]),
        bbox_coder=dict(
            type='DeltaXYWHBBoxCoder',
            target_means=[0.0, 0.0, 0.0, 0.0],
            target_stds=[1.0, 1.0, 1.0, 1.0]),
        loss_cls=dict(
            type='CrossEntropyLoss', use_sigmoid=True, loss_weight=1.0),
        loss_bbox=dict(type='L1Loss', loss_weight=1.0)),
    roi_head=dict(
        type='StandardRoIHead',
        bbox_roi_extractor=dict(
            type='SingleRoIExtractor',
            roi_layer=dict(type='RoIAlign', output_size=7, sampling_ratio=0),
            out_channels=256,
            featmap_strides=[4, 8, 16, 32]),
        bbox_head=dict(
            type='Shared2FCBBoxHead',
            in_channels=256,
            fc_out_channels=1024,
            roi_feat_size=7,
            num_classes=10,
            bbox_coder=dict(
                type='DeltaXYWHBBoxCoder',
                target_means=[0.0, 0.0, 0.0, 0.0],
                target_stds=[0.1, 0.1, 0.2, 0.2]),
            reg_class_agnostic=False,
            loss_cls=dict(
                type='CrossEntropyLoss', use_sigmoid=False, loss_weight=1.0),
            loss_bbox=dict(type='L1Loss', loss_weight=1.0))),
    train_cfg=dict(
        rpn=dict(
            assigner=dict(
                type='MaxIoUAssigner',
                pos_iou_thr=0.7,
                neg_iou_thr=0.3,
                min_pos_iou=0.3,
                match_low_quality=True,
                ignore_iof_thr=-1),
            sampler=dict(
                type='RandomSampler',
                num=256,
                pos_fraction=0.5,
                neg_pos_ub=-1,
                add_gt_as_proposals=False),
            allowed_border=-1,
            pos_weight=-1,
            debug=False),
        rpn_proposal=dict(
            nms_pre=2000,
            max_per_img=1000,
            nms=dict(type='nms', iou_threshold=0.7),
            min_bbox_size=0),
        rcnn=dict(
            assigner=dict(
                type='MaxIoUAssigner',
                pos_iou_thr=0.5,
                neg_iou_thr=0.5,
                min_pos_iou=0.5,
                match_low_quality=False,
                ignore_iof_thr=-1),
            sampler=dict(
                type='RandomSampler',
                num=512,
                pos_fraction=0.25,
                neg_pos_ub=-1,
                add_gt_as_proposals=True),
            pos_weight=-1,
            debug=False)),
    test_cfg=dict(
        rpn=dict(
            nms_pre=1000,
            max_per_img=1000,
            nms=dict(type='nms', iou_threshold=0.7),
            min_bbox_size=0),
        rcnn=dict(
            score_thr=0.05,
            nms=dict(type='nms', iou_threshold=0.5),
            max_per_img=100)))
dataset_type = 'CocoDataset'
data_root = 'D:/freqfusion/mmdetection/coco/'
img_norm_cfg = dict(
    mean=[123.675, 116.28, 103.53], std=[58.395, 57.12, 57.375], to_rgb=True)
train_pipeline = [
    dict(type='LoadImageFromFile'),
    dict(type='LoadAnnotations', with_bbox=True),
    dict(type='Resize', img_scale=(1333, 800), keep_ratio=True),
    dict(type='RandomFlip', flip_ratio=0.5),
    dict(
        type='Normalize',
        mean=[123.675, 116.28, 103.53],
        std=[58.395, 57.12, 57.375],
        to_rgb=True),
    dict(type='Pad', size_divisor=64),
    dict(type='DefaultFormatBundle'),
    dict(type='Collect', keys=['img', 'gt_bboxes', 'gt_labels'])
]
test_pipeline = [
    dict(type='LoadImageFromFile'),
    dict(
        type='MultiScaleFlipAug',
        img_scale=(1333, 800),
        flip=False,
        transforms=[
            dict(type='Resize', keep_ratio=True),
            dict(type='RandomFlip'),
            dict(
                type='Normalize',
                mean=[123.675, 116.28, 103.53],
                std=[58.395, 57.12, 57.375],
                to_rgb=True),
            dict(type='Pad', size_divisor=64),
            dict(type='ImageToTensor', keys=['img']),
            dict(type='Collect', keys=['img'])
        ])
]
data = dict(
    samples_per_gpu=2,
    workers_per_gpu=2,
    train=dict(
        type='CocoDataset',
        ann_file=
        'D:/freqfusion/mmdetection/coco/annotations/instances_train2017.json',
        img_prefix='D:/freqfusion/mmdetection/coco/images/train2017/',
        pipeline=[
            dict(type='LoadImageFromFile'),
            dict(type='LoadAnnotations', with_bbox=True),
            dict(type='Resize', img_scale=(1333, 800), keep_ratio=True),
            dict(type='RandomFlip', flip_ratio=0.5),
            dict(
                type='Normalize',
                mean=[123.675, 116.28, 103.53],
                std=[58.395, 57.12, 57.375],
                to_rgb=True),
            dict(type='Pad', size_divisor=64),
            dict(type='DefaultFormatBundle'),
            dict(type='Collect', keys=['img', 'gt_bboxes', 'gt_labels'])
        ],
        classes=('pizza', 'bird', 'bicycle', 'toilet', 'tennis racket',
                 'skateboard', 'surfboard', 'motorcycle', 'laptop', 'spoon'),
        filter_empty_gt=True),
    val=dict(
        type='CocoDataset',
        ann_file=
        'D:/freqfusion/mmdetection/coco/annotations/instances_val2017.json',
        img_prefix='D:/freqfusion/mmdetection/coco/images/val2017/',
        pipeline=[
            dict(type='LoadImageFromFile'),
            dict(
                type='MultiScaleFlipAug',
                img_scale=(1333, 800),
                flip=False,
                transforms=[
                    dict(type='Resize', keep_ratio=True),
                    dict(type='RandomFlip'),
                    dict(
                        type='Normalize',
                        mean=[123.675, 116.28, 103.53],
                        std=[58.395, 57.12, 57.375],
                        to_rgb=True),
                    dict(type='Pad', size_divisor=64),
                    dict(type='ImageToTensor', keys=['img']),
                    dict(type='Collect', keys=['img'])
                ])
        ],
        classes=('pizza', 'bird', 'bicycle', 'toilet', 'tennis racket',
                 'skateboard', 'surfboard', 'motorcycle', 'laptop', 'spoon')),
    test=dict(
        type='CocoDataset',
        ann_file=
        'D:/freqfusion/mmdetection/coco/annotations/instances_val2017.json',
        img_prefix='D:/freqfusion/mmdetection/coco/images/val2017/',
        pipeline=[
            dict(type='LoadImageFromFile'),
            dict(
                type='MultiScaleFlipAug',
                img_scale=(1333, 800),
                flip=False,
                transforms=[
                    dict(type='Resize', keep_ratio=True),
                    dict(type='RandomFlip'),
                    dict(
                        type='Normalize',
                        mean=[123.675, 116.28, 103.53],
                        std=[58.395, 57.12, 57.375],
                        to_rgb=True),
                    dict(type='Pad', size_divisor=64),
                    dict(type='ImageToTensor', keys=['img']),
                    dict(type='Collect', keys=['img'])
                ])
        ],
        classes=('pizza', 'bird', 'bicycle', 'toilet', 'tennis racket',
                 'skateboard', 'surfboard', 'motorcycle', 'laptop', 'spoon')))
evaluation = dict(interval=1, metric='bbox')
optimizer = dict(type='SGD', lr=0.0025, momentum=0.9, weight_decay=0.0001)
optimizer_config = dict(grad_clip=None)
lr_config = dict(
    policy='step',
    warmup='linear',
    warmup_iters=500,
    warmup_ratio=0.001,
    step=[8, 11])
runner = dict(type='EpochBasedRunner', max_epochs=12)
checkpoint_config = dict(interval=1)
log_config = dict(interval=50, hooks=[dict(type='TextLoggerHook')])
custom_hooks = [dict(type='NumClassCheckHook')]
dist_params = dict(backend='nccl')
log_level = 'INFO'
load_from = None
resume_from = None
workflow = [('train', 1)]
opencv_num_threads = 0
mp_start_method = 'spawn'
auto_scale_lr = dict(enable=False, base_batch_size=16)
ten_classes = ('pizza', 'bird', 'bicycle', 'toilet', 'tennis racket',
               'skateboard', 'surfboard', 'motorcycle', 'laptop', 'spoon')
cudnn_benchmark = True
work_dir = 'work_dirs/ff_r50_10cls_b2'
auto_resume = False
gpu_ids = [0]

2025-11-19 00:55:07,457 - mmdet - INFO - Set random seed to 715034054, deterministic: False
2025-11-19 00:55:07,834 - mmdet - INFO - initialize ResNet with init_cfg {'type': 'Pretrained', 'checkpoint': 'torchvision://resnet50'}
2025-11-19 00:55:08,367 - mmdet - INFO - initialize RPNHead with init_cfg {'type': 'Normal', 'layer': 'Conv2d', 'std': 0.01}
2025-11-19 00:55:08,373 - mmdet - INFO - initialize Shared2FCBBoxHead with init_cfg [{'type': 'Normal', 'std': 0.01, 'override': {'name': 'fc_cls'}}, {'type': 'Normal', 'std': 0.001, 'override': {'name': 'fc_reg'}}, {'type': 'Xavier', 'distribution': 'uniform', 'override': [{'name': 'shared_fcs'}, {'name': 'cls_fcs'}, {'name': 'reg_fcs'}]}]
Name of parameter - Initialization information

backbone.conv1.weight - torch.Size([64, 3, 7, 7]): 
PretrainedInit: load from torchvision://resnet50 

backbone.bn1.weight - torch.Size([64]): 
PretrainedInit: load from torchvision://resnet50 

backbone.bn1.bias - torch.Size([64]): 
PretrainedInit: load from torchvision://resnet50 

backbone.layer1.0.conv1.weight - torch.Size([64, 64, 1, 1]): 
PretrainedInit: load from torchvision://resnet50 

backbone.layer1.0.bn1.weight - torch.Size([64]): 
PretrainedInit: load from torchvision://resnet50 

backbone.layer1.0.bn1.bias - torch.Size([64]): 
PretrainedInit: load from torchvision://resnet50 

backbone.layer1.0.conv2.weight - torch.Size([64, 64, 3, 3]): 
PretrainedInit: load from torchvision://resnet50 

backbone.layer1.0.bn2.weight - torch.Size([64]): 
PretrainedInit: load from torchvision://resnet50 

backbone.layer1.0.bn2.bias - torch.Size([64]): 
PretrainedInit: load from torchvision://resnet50 

backbone.layer1.0.conv3.weight - torch.Size([256, 64, 1, 1]): 
PretrainedInit: load from torchvision://resnet50 

backbone.layer1.0.bn3.weight - torch.Size([256]): 
PretrainedInit: load from torchvision://resnet50 

backbone.layer1.0.bn3.bias - torch.Size([256]): 
PretrainedInit: load from torchvision://resnet50 

backbone.layer1.0.downsample.0.weight - torch.Size([256, 64, 1, 1]): 
PretrainedInit: load from torchvision://resnet50 

backbone.layer1.0.downsample.1.weight - torch.Size([256]): 
PretrainedInit: load from torchvision://resnet50 

backbone.layer1.0.downsample.1.bias - torch.Size([256]): 
PretrainedInit: load from torchvision://resnet50 

backbone.layer1.1.conv1.weight - torch.Size([64, 256, 1, 1]): 
PretrainedInit: load from torchvision://resnet50 

backbone.layer1.1.bn1.weight - torch.Size([64]): 
PretrainedInit: load from torchvision://resnet50 

backbone.layer1.1.bn1.bias - torch.Size([64]): 
PretrainedInit: load from torchvision://resnet50 

backbone.layer1.1.conv2.weight - torch.Size([64, 64, 3, 3]): 
PretrainedInit: load from torchvision://resnet50 

backbone.layer1.1.bn2.weight - torch.Size([64]): 
PretrainedInit: load from torchvision://resnet50 

backbone.layer1.1.bn2.bias - torch.Size([64]): 
PretrainedInit: load from torchvision://resnet50 

backbone.layer1.1.conv3.weight - torch.Size([256, 64, 1, 1]): 
PretrainedInit: load from torchvision://resnet50 

backbone.layer1.1.bn3.weight - torch.Size([256]): 
PretrainedInit: load from torchvision://resnet50 

backbone.layer1.1.bn3.bias - torch.Size([256]): 
PretrainedInit: load from torchvision://resnet50 

backbone.layer1.2.conv1.weight - torch.Size([64, 256, 1, 1]): 
PretrainedInit: load from torchvision://resnet50 

backbone.layer1.2.bn1.weight - torch.Size([64]): 
PretrainedInit: load from torchvision://resnet50 

backbone.layer1.2.bn1.bias - torch.Size([64]): 
PretrainedInit: load from torchvision://resnet50 

backbone.layer1.2.conv2.weight - torch.Size([64, 64, 3, 3]): 
PretrainedInit: load from torchvision://resnet50 

backbone.layer1.2.bn2.weight - torch.Size([64]): 
PretrainedInit: load from torchvision://resnet50 

backbone.layer1.2.bn2.bias - torch.Size([64]): 
PretrainedInit: load from torchvision://resnet50 

backbone.layer1.2.conv3.weight - torch.Size([256, 64, 1, 1]): 
PretrainedInit: load from torchvision://resnet50 

backbone.layer1.2.bn3.weight - torch.Size([256]): 
PretrainedInit: load from torchvision://resnet50 

backbone.layer1.2.bn3.bias - torch.Size([256]): 
PretrainedInit: load from torchvision://resnet50 

backbone.layer2.0.conv1.weight - torch.Size([128, 256, 1, 1]): 
PretrainedInit: load from torchvision://resnet50 

backbone.layer2.0.bn1.weight - torch.Size([128]): 
PretrainedInit: load from torchvision://resnet50 

backbone.layer2.0.bn1.bias - torch.Size([128]): 
PretrainedInit: load from torchvision://resnet50 

backbone.layer2.0.conv2.weight - torch.Size([128, 128, 3, 3]): 
PretrainedInit: load from torchvision://resnet50 

backbone.layer2.0.bn2.weight - torch.Size([128]): 
PretrainedInit: load from torchvision://resnet50 

backbone.layer2.0.bn2.bias - torch.Size([128]): 
PretrainedInit: load from torchvision://resnet50 

backbone.layer2.0.conv3.weight - torch.Size([512, 128, 1, 1]): 
PretrainedInit: load from torchvision://resnet50 

backbone.layer2.0.bn3.weight - torch.Size([512]): 
PretrainedInit: load from torchvision://resnet50 

backbone.layer2.0.bn3.bias - torch.Size([512]): 
PretrainedInit: load from torchvision://resnet50 

backbone.layer2.0.downsample.0.weight - torch.Size([512, 256, 1, 1]): 
PretrainedInit: load from torchvision://resnet50 

backbone.layer2.0.downsample.1.weight - torch.Size([512]): 
PretrainedInit: load from torchvision://resnet50 

backbone.layer2.0.downsample.1.bias - torch.Size([512]): 
PretrainedInit: load from torchvision://resnet50 

backbone.layer2.1.conv1.weight - torch.Size([128, 512, 1, 1]): 
PretrainedInit: load from torchvision://resnet50 

backbone.layer2.1.bn1.weight - torch.Size([128]): 
PretrainedInit: load from torchvision://resnet50 

backbone.layer2.1.bn1.bias - torch.Size([128]): 
PretrainedInit: load from torchvision://resnet50 

backbone.layer2.1.conv2.weight - torch.Size([128, 128, 3, 3]): 
PretrainedInit: load from torchvision://resnet50 

backbone.layer2.1.bn2.weight - torch.Size([128]): 
PretrainedInit: load from torchvision://resnet50 

backbone.layer2.1.bn2.bias - torch.Size([128]): 
PretrainedInit: load from torchvision://resnet50 

backbone.layer2.1.conv3.weight - torch.Size([512, 128, 1, 1]): 
PretrainedInit: load from torchvision://resnet50 

backbone.layer2.1.bn3.weight - torch.Size([512]): 
PretrainedInit: load from torchvision://resnet50 

backbone.layer2.1.bn3.bias - torch.Size([512]): 
PretrainedInit: load from torchvision://resnet50 

backbone.layer2.2.conv1.weight - torch.Size([128, 512, 1, 1]): 
PretrainedInit: load from torchvision://resnet50 

backbone.layer2.2.bn1.weight - torch.Size([128]): 
PretrainedInit: load from torchvision://resnet50 

backbone.layer2.2.bn1.bias - torch.Size([128]): 
PretrainedInit: load from torchvision://resnet50 

backbone.layer2.2.conv2.weight - torch.Size([128, 128, 3, 3]): 
PretrainedInit: load from torchvision://resnet50 

backbone.layer2.2.bn2.weight - torch.Size([128]): 
PretrainedInit: load from torchvision://resnet50 

backbone.layer2.2.bn2.bias - torch.Size([128]): 
PretrainedInit: load from torchvision://resnet50 

backbone.layer2.2.conv3.weight - torch.Size([512, 128, 1, 1]): 
PretrainedInit: load from torchvision://resnet50 

backbone.layer2.2.bn3.weight - torch.Size([512]): 
PretrainedInit: load from torchvision://resnet50 

backbone.layer2.2.bn3.bias - torch.Size([512]): 
PretrainedInit: load from torchvision://resnet50 

backbone.layer2.3.conv1.weight - torch.Size([128, 512, 1, 1]): 
PretrainedInit: load from torchvision://resnet50 

backbone.layer2.3.bn1.weight - torch.Size([128]): 
PretrainedInit: load from torchvision://resnet50 

backbone.layer2.3.bn1.bias - torch.Size([128]): 
PretrainedInit: load from torchvision://resnet50 

backbone.layer2.3.conv2.weight - torch.Size([128, 128, 3, 3]): 
PretrainedInit: load from torchvision://resnet50 

backbone.layer2.3.bn2.weight - torch.Size([128]): 
PretrainedInit: load from torchvision://resnet50 

backbone.layer2.3.bn2.bias - torch.Size([128]): 
PretrainedInit: load from torchvision://resnet50 

backbone.layer2.3.conv3.weight - torch.Size([512, 128, 1, 1]): 
PretrainedInit: load from torchvision://resnet50 

backbone.layer2.3.bn3.weight - torch.Size([512]): 
PretrainedInit: load from torchvision://resnet50 

backbone.layer2.3.bn3.bias - torch.Size([512]): 
PretrainedInit: load from torchvision://resnet50 

backbone.layer3.0.conv1.weight - torch.Size([256, 512, 1, 1]): 
PretrainedInit: load from torchvision://resnet50 

backbone.layer3.0.bn1.weight - torch.Size([256]): 
PretrainedInit: load from torchvision://resnet50 

backbone.layer3.0.bn1.bias - torch.Size([256]): 
PretrainedInit: load from torchvision://resnet50 

backbone.layer3.0.conv2.weight - torch.Size([256, 256, 3, 3]): 
PretrainedInit: load from torchvision://resnet50 

backbone.layer3.0.bn2.weight - torch.Size([256]): 
PretrainedInit: load from torchvision://resnet50 

backbone.layer3.0.bn2.bias - torch.Size([256]): 
PretrainedInit: load from torchvision://resnet50 

backbone.layer3.0.conv3.weight - torch.Size([1024, 256, 1, 1]): 
PretrainedInit: load from torchvision://resnet50 

backbone.layer3.0.bn3.weight - torch.Size([1024]): 
PretrainedInit: load from torchvision://resnet50 

backbone.layer3.0.bn3.bias - torch.Size([1024]): 
PretrainedInit: load from torchvision://resnet50 

backbone.layer3.0.downsample.0.weight - torch.Size([1024, 512, 1, 1]): 
PretrainedInit: load from torchvision://resnet50 

backbone.layer3.0.downsample.1.weight - torch.Size([1024]): 
PretrainedInit: load from torchvision://resnet50 

backbone.layer3.0.downsample.1.bias - torch.Size([1024]): 
PretrainedInit: load from torchvision://resnet50 

backbone.layer3.1.conv1.weight - torch.Size([256, 1024, 1, 1]): 
PretrainedInit: load from torchvision://resnet50 

backbone.layer3.1.bn1.weight - torch.Size([256]): 
PretrainedInit: load from torchvision://resnet50 

backbone.layer3.1.bn1.bias - torch.Size([256]): 
PretrainedInit: load from torchvision://resnet50 

backbone.layer3.1.conv2.weight - torch.Size([256, 256, 3, 3]): 
PretrainedInit: load from torchvision://resnet50 

backbone.layer3.1.bn2.weight - torch.Size([256]): 
PretrainedInit: load from torchvision://resnet50 

backbone.layer3.1.bn2.bias - torch.Size([256]): 
PretrainedInit: load from torchvision://resnet50 

backbone.layer3.1.conv3.weight - torch.Size([1024, 256, 1, 1]): 
PretrainedInit: load from torchvision://resnet50 

backbone.layer3.1.bn3.weight - torch.Size([1024]): 
PretrainedInit: load from torchvision://resnet50 

backbone.layer3.1.bn3.bias - torch.Size([1024]): 
PretrainedInit: load from torchvision://resnet50 

backbone.layer3.2.conv1.weight - torch.Size([256, 1024, 1, 1]): 
PretrainedInit: load from torchvision://resnet50 

backbone.layer3.2.bn1.weight - torch.Size([256]): 
PretrainedInit: load from torchvision://resnet50 

backbone.layer3.2.bn1.bias - torch.Size([256]): 
PretrainedInit: load from torchvision://resnet50 

backbone.layer3.2.conv2.weight - torch.Size([256, 256, 3, 3]): 
PretrainedInit: load from torchvision://resnet50 

backbone.layer3.2.bn2.weight - torch.Size([256]): 
PretrainedInit: load from torchvision://resnet50 

backbone.layer3.2.bn2.bias - torch.Size([256]): 
PretrainedInit: load from torchvision://resnet50 

backbone.layer3.2.conv3.weight - torch.Size([1024, 256, 1, 1]): 
PretrainedInit: load from torchvision://resnet50 

backbone.layer3.2.bn3.weight - torch.Size([1024]): 
PretrainedInit: load from torchvision://resnet50 

backbone.layer3.2.bn3.bias - torch.Size([1024]): 
PretrainedInit: load from torchvision://resnet50 

backbone.layer3.3.conv1.weight - torch.Size([256, 1024, 1, 1]): 
PretrainedInit: load from torchvision://resnet50 

backbone.layer3.3.bn1.weight - torch.Size([256]): 
PretrainedInit: load from torchvision://resnet50 

backbone.layer3.3.bn1.bias - torch.Size([256]): 
PretrainedInit: load from torchvision://resnet50 

backbone.layer3.3.conv2.weight - torch.Size([256, 256, 3, 3]): 
PretrainedInit: load from torchvision://resnet50 

backbone.layer3.3.bn2.weight - torch.Size([256]): 
PretrainedInit: load from torchvision://resnet50 

backbone.layer3.3.bn2.bias - torch.Size([256]): 
PretrainedInit: load from torchvision://resnet50 

backbone.layer3.3.conv3.weight - torch.Size([1024, 256, 1, 1]): 
PretrainedInit: load from torchvision://resnet50 

backbone.layer3.3.bn3.weight - torch.Size([1024]): 
PretrainedInit: load from torchvision://resnet50 

backbone.layer3.3.bn3.bias - torch.Size([1024]): 
PretrainedInit: load from torchvision://resnet50 

backbone.layer3.4.conv1.weight - torch.Size([256, 1024, 1, 1]): 
PretrainedInit: load from torchvision://resnet50 

backbone.layer3.4.bn1.weight - torch.Size([256]): 
PretrainedInit: load from torchvision://resnet50 

backbone.layer3.4.bn1.bias - torch.Size([256]): 
PretrainedInit: load from torchvision://resnet50 

backbone.layer3.4.conv2.weight - torch.Size([256, 256, 3, 3]): 
PretrainedInit: load from torchvision://resnet50 

backbone.layer3.4.bn2.weight - torch.Size([256]): 
PretrainedInit: load from torchvision://resnet50 

backbone.layer3.4.bn2.bias - torch.Size([256]): 
PretrainedInit: load from torchvision://resnet50 

backbone.layer3.4.conv3.weight - torch.Size([1024, 256, 1, 1]): 
PretrainedInit: load from torchvision://resnet50 

backbone.layer3.4.bn3.weight - torch.Size([1024]): 
PretrainedInit: load from torchvision://resnet50 

backbone.layer3.4.bn3.bias - torch.Size([1024]): 
PretrainedInit: load from torchvision://resnet50 

backbone.layer3.5.conv1.weight - torch.Size([256, 1024, 1, 1]): 
PretrainedInit: load from torchvision://resnet50 

backbone.layer3.5.bn1.weight - torch.Size([256]): 
PretrainedInit: load from torchvision://resnet50 

backbone.layer3.5.bn1.bias - torch.Size([256]): 
PretrainedInit: load from torchvision://resnet50 

backbone.layer3.5.conv2.weight - torch.Size([256, 256, 3, 3]): 
PretrainedInit: load from torchvision://resnet50 

backbone.layer3.5.bn2.weight - torch.Size([256]): 
PretrainedInit: load from torchvision://resnet50 

backbone.layer3.5.bn2.bias - torch.Size([256]): 
PretrainedInit: load from torchvision://resnet50 

backbone.layer3.5.conv3.weight - torch.Size([1024, 256, 1, 1]): 
PretrainedInit: load from torchvision://resnet50 

backbone.layer3.5.bn3.weight - torch.Size([1024]): 
PretrainedInit: load from torchvision://resnet50 

backbone.layer3.5.bn3.bias - torch.Size([1024]): 
PretrainedInit: load from torchvision://resnet50 

backbone.layer4.0.conv1.weight - torch.Size([512, 1024, 1, 1]): 
PretrainedInit: load from torchvision://resnet50 

backbone.layer4.0.bn1.weight - torch.Size([512]): 
PretrainedInit: load from torchvision://resnet50 

backbone.layer4.0.bn1.bias - torch.Size([512]): 
PretrainedInit: load from torchvision://resnet50 

backbone.layer4.0.conv2.weight - torch.Size([512, 512, 3, 3]): 
PretrainedInit: load from torchvision://resnet50 

backbone.layer4.0.bn2.weight - torch.Size([512]): 
PretrainedInit: load from torchvision://resnet50 

backbone.layer4.0.bn2.bias - torch.Size([512]): 
PretrainedInit: load from torchvision://resnet50 

backbone.layer4.0.conv3.weight - torch.Size([2048, 512, 1, 1]): 
PretrainedInit: load from torchvision://resnet50 

backbone.layer4.0.bn3.weight - torch.Size([2048]): 
PretrainedInit: load from torchvision://resnet50 

backbone.layer4.0.bn3.bias - torch.Size([2048]): 
PretrainedInit: load from torchvision://resnet50 

backbone.layer4.0.downsample.0.weight - torch.Size([2048, 1024, 1, 1]): 
PretrainedInit: load from torchvision://resnet50 

backbone.layer4.0.downsample.1.weight - torch.Size([2048]): 
PretrainedInit: load from torchvision://resnet50 

backbone.layer4.0.downsample.1.bias - torch.Size([2048]): 
PretrainedInit: load from torchvision://resnet50 

backbone.layer4.1.conv1.weight - torch.Size([512, 2048, 1, 1]): 
PretrainedInit: load from torchvision://resnet50 

backbone.layer4.1.bn1.weight - torch.Size([512]): 
PretrainedInit: load from torchvision://resnet50 

backbone.layer4.1.bn1.bias - torch.Size([512]): 
PretrainedInit: load from torchvision://resnet50 

backbone.layer4.1.conv2.weight - torch.Size([512, 512, 3, 3]): 
PretrainedInit: load from torchvision://resnet50 

backbone.layer4.1.bn2.weight - torch.Size([512]): 
PretrainedInit: load from torchvision://resnet50 

backbone.layer4.1.bn2.bias - torch.Size([512]): 
PretrainedInit: load from torchvision://resnet50 

backbone.layer4.1.conv3.weight - torch.Size([2048, 512, 1, 1]): 
PretrainedInit: load from torchvision://resnet50 

backbone.layer4.1.bn3.weight - torch.Size([2048]): 
PretrainedInit: load from torchvision://resnet50 

backbone.layer4.1.bn3.bias - torch.Size([2048]): 
PretrainedInit: load from torchvision://resnet50 

backbone.layer4.2.conv1.weight - torch.Size([512, 2048, 1, 1]): 
PretrainedInit: load from torchvision://resnet50 

backbone.layer4.2.bn1.weight - torch.Size([512]): 
PretrainedInit: load from torchvision://resnet50 

backbone.layer4.2.bn1.bias - torch.Size([512]): 
PretrainedInit: load from torchvision://resnet50 

backbone.layer4.2.conv2.weight - torch.Size([512, 512, 3, 3]): 
PretrainedInit: load from torchvision://resnet50 

backbone.layer4.2.bn2.weight - torch.Size([512]): 
PretrainedInit: load from torchvision://resnet50 

backbone.layer4.2.bn2.bias - torch.Size([512]): 
PretrainedInit: load from torchvision://resnet50 

backbone.layer4.2.conv3.weight - torch.Size([2048, 512, 1, 1]): 
PretrainedInit: load from torchvision://resnet50 

backbone.layer4.2.bn3.weight - torch.Size([2048]): 
PretrainedInit: load from torchvision://resnet50 

backbone.layer4.2.bn3.bias - torch.Size([2048]): 
PretrainedInit: load from torchvision://resnet50 

neck.lateral_convs.0.conv.weight - torch.Size([256, 256, 1, 1]): 
Initialized by user-defined `init_weights` in FreqFusionCARAFEFPN  

neck.lateral_convs.0.conv.bias - torch.Size([256]): 
The value is the same before and after calling `init_weights` of FasterRCNN  

neck.lateral_convs.1.conv.weight - torch.Size([256, 512, 1, 1]): 
Initialized by user-defined `init_weights` in FreqFusionCARAFEFPN  

neck.lateral_convs.1.conv.bias - torch.Size([256]): 
The value is the same before and after calling `init_weights` of FasterRCNN  

neck.lateral_convs.2.conv.weight - torch.Size([256, 1024, 1, 1]): 
Initialized by user-defined `init_weights` in FreqFusionCARAFEFPN  

neck.lateral_convs.2.conv.bias - torch.Size([256]): 
The value is the same before and after calling `init_weights` of FasterRCNN  

neck.lateral_convs.3.conv.weight - torch.Size([256, 2048, 1, 1]): 
Initialized by user-defined `init_weights` in FreqFusionCARAFEFPN  

neck.lateral_convs.3.conv.bias - torch.Size([256]): 
The value is the same before and after calling `init_weights` of FasterRCNN  

neck.lateral_convs.4.conv.weight - torch.Size([256, 2048, 3, 3]): 
Initialized by user-defined `init_weights` in FreqFusionCARAFEFPN  

neck.lateral_convs.4.conv.bias - torch.Size([256]): 
The value is the same before and after calling `init_weights` of FasterRCNN  

neck.fpn_convs.0.conv.weight - torch.Size([256, 256, 3, 3]): 
Initialized by user-defined `init_weights` in FreqFusionCARAFEFPN  

neck.fpn_convs.0.conv.bias - torch.Size([256]): 
The value is the same before and after calling `init_weights` of FasterRCNN  

neck.fpn_convs.1.conv.weight - torch.Size([256, 256, 3, 3]): 
Initialized by user-defined `init_weights` in FreqFusionCARAFEFPN  

neck.fpn_convs.1.conv.bias - torch.Size([256]): 
The value is the same before and after calling `init_weights` of FasterRCNN  

neck.fpn_convs.2.conv.weight - torch.Size([256, 256, 3, 3]): 
Initialized by user-defined `init_weights` in FreqFusionCARAFEFPN  

neck.fpn_convs.2.conv.bias - torch.Size([256]): 
The value is the same before and after calling `init_weights` of FasterRCNN  

neck.fpn_convs.3.conv.weight - torch.Size([256, 256, 3, 3]): 
Initialized by user-defined `init_weights` in FreqFusionCARAFEFPN  

neck.fpn_convs.3.conv.bias - torch.Size([256]): 
The value is the same before and after calling `init_weights` of FasterRCNN  

neck.fpn_convs.4.conv.weight - torch.Size([256, 256, 3, 3]): 
Initialized by user-defined `init_weights` in FreqFusionCARAFEFPN  

neck.fpn_convs.4.conv.bias - torch.Size([256]): 
The value is the same before and after calling `init_weights` of FasterRCNN  

neck.alignment.0.hr_channel_compressor.weight - torch.Size([64, 256, 1, 1]): 
Initialized by user-defined `init_weights` in FreqFusionCARAFEFPN  

neck.alignment.0.hr_channel_compressor.bias - torch.Size([64]): 
The value is the same before and after calling `init_weights` of FasterRCNN  

neck.alignment.0.lr_channel_compressor.weight - torch.Size([64, 256, 1, 1]): 
Initialized by user-defined `init_weights` in FreqFusionCARAFEFPN  

neck.alignment.0.lr_channel_compressor.bias - torch.Size([64]): 
The value is the same before and after calling `init_weights` of FasterRCNN  

neck.alignment.0.content_encoder.weight - torch.Size([25, 64, 3, 3]): 
Initialized by user-defined `init_weights` in FreqFusionCARAFEFPN  

neck.alignment.0.content_encoder.bias - torch.Size([25]): 
The value is the same before and after calling `init_weights` of FasterRCNN  

neck.alignment.0.dysampler.offset.weight - torch.Size([32, 72, 3, 3]): 
Initialized by user-defined `init_weights` in FreqFusionCARAFEFPN  

neck.alignment.0.dysampler.offset.bias - torch.Size([32]): 
The value is the same before and after calling `init_weights` of FasterRCNN  

neck.alignment.0.dysampler.direct_scale.weight - torch.Size([32, 72, 3, 3]): 
Initialized by user-defined `init_weights` in FreqFusionCARAFEFPN  

neck.alignment.0.dysampler.direct_scale.bias - torch.Size([32]): 
The value is the same before and after calling `init_weights` of FasterRCNN  

neck.alignment.0.dysampler.hr_offset.weight - torch.Size([8, 72, 3, 3]): 
Initialized by user-defined `init_weights` in FreqFusionCARAFEFPN  

neck.alignment.0.dysampler.hr_offset.bias - torch.Size([8]): 
The value is the same before and after calling `init_weights` of FasterRCNN  

neck.alignment.0.dysampler.hr_direct_scale.weight - torch.Size([8, 72, 3, 3]): 
Initialized by user-defined `init_weights` in FreqFusionCARAFEFPN  

neck.alignment.0.dysampler.hr_direct_scale.bias - torch.Size([8]): 
The value is the same before and after calling `init_weights` of FasterRCNN  

neck.alignment.0.dysampler.norm_hr.weight - torch.Size([64]): 
The value is the same before and after calling `init_weights` of FasterRCNN  

neck.alignment.0.dysampler.norm_hr.bias - torch.Size([64]): 
The value is the same before and after calling `init_weights` of FasterRCNN  

neck.alignment.0.dysampler.norm_lr.weight - torch.Size([64]): 
The value is the same before and after calling `init_weights` of FasterRCNN  

neck.alignment.0.dysampler.norm_lr.bias - torch.Size([64]): 
The value is the same before and after calling `init_weights` of FasterRCNN  

neck.alignment.0.content_encoder2.weight - torch.Size([9, 64, 3, 3]): 
Initialized by user-defined `init_weights` in FreqFusionCARAFEFPN  

neck.alignment.0.content_encoder2.bias - torch.Size([9]): 
The value is the same before and after calling `init_weights` of FasterRCNN  

neck.alignment.1.hr_channel_compressor.weight - torch.Size([64, 256, 1, 1]): 
Initialized by user-defined `init_weights` in FreqFusionCARAFEFPN  

neck.alignment.1.hr_channel_compressor.bias - torch.Size([64]): 
The value is the same before and after calling `init_weights` of FasterRCNN  

neck.alignment.1.lr_channel_compressor.weight - torch.Size([64, 256, 1, 1]): 
Initialized by user-defined `init_weights` in FreqFusionCARAFEFPN  

neck.alignment.1.lr_channel_compressor.bias - torch.Size([64]): 
The value is the same before and after calling `init_weights` of FasterRCNN  

neck.alignment.1.content_encoder.weight - torch.Size([25, 64, 3, 3]): 
Initialized by user-defined `init_weights` in FreqFusionCARAFEFPN  

neck.alignment.1.content_encoder.bias - torch.Size([25]): 
The value is the same before and after calling `init_weights` of FasterRCNN  

neck.alignment.1.dysampler.offset.weight - torch.Size([32, 72, 3, 3]): 
Initialized by user-defined `init_weights` in FreqFusionCARAFEFPN  

neck.alignment.1.dysampler.offset.bias - torch.Size([32]): 
The value is the same before and after calling `init_weights` of FasterRCNN  

neck.alignment.1.dysampler.direct_scale.weight - torch.Size([32, 72, 3, 3]): 
Initialized by user-defined `init_weights` in FreqFusionCARAFEFPN  

neck.alignment.1.dysampler.direct_scale.bias - torch.Size([32]): 
The value is the same before and after calling `init_weights` of FasterRCNN  

neck.alignment.1.dysampler.hr_offset.weight - torch.Size([8, 72, 3, 3]): 
Initialized by user-defined `init_weights` in FreqFusionCARAFEFPN  

neck.alignment.1.dysampler.hr_offset.bias - torch.Size([8]): 
The value is the same before and after calling `init_weights` of FasterRCNN  

neck.alignment.1.dysampler.hr_direct_scale.weight - torch.Size([8, 72, 3, 3]): 
Initialized by user-defined `init_weights` in FreqFusionCARAFEFPN  

neck.alignment.1.dysampler.hr_direct_scale.bias - torch.Size([8]): 
The value is the same before and after calling `init_weights` of FasterRCNN  

neck.alignment.1.dysampler.norm_hr.weight - torch.Size([64]): 
The value is the same before and after calling `init_weights` of FasterRCNN  

neck.alignment.1.dysampler.norm_hr.bias - torch.Size([64]): 
The value is the same before and after calling `init_weights` of FasterRCNN  

neck.alignment.1.dysampler.norm_lr.weight - torch.Size([64]): 
The value is the same before and after calling `init_weights` of FasterRCNN  

neck.alignment.1.dysampler.norm_lr.bias - torch.Size([64]): 
The value is the same before and after calling `init_weights` of FasterRCNN  

neck.alignment.1.content_encoder2.weight - torch.Size([9, 64, 3, 3]): 
Initialized by user-defined `init_weights` in FreqFusionCARAFEFPN  

neck.alignment.1.content_encoder2.bias - torch.Size([9]): 
The value is the same before and after calling `init_weights` of FasterRCNN  

neck.alignment.2.hr_channel_compressor.weight - torch.Size([64, 256, 1, 1]): 
Initialized by user-defined `init_weights` in FreqFusionCARAFEFPN  

neck.alignment.2.hr_channel_compressor.bias - torch.Size([64]): 
The value is the same before and after calling `init_weights` of FasterRCNN  

neck.alignment.2.lr_channel_compressor.weight - torch.Size([64, 256, 1, 1]): 
Initialized by user-defined `init_weights` in FreqFusionCARAFEFPN  

neck.alignment.2.lr_channel_compressor.bias - torch.Size([64]): 
The value is the same before and after calling `init_weights` of FasterRCNN  

neck.alignment.2.content_encoder.weight - torch.Size([25, 64, 3, 3]): 
Initialized by user-defined `init_weights` in FreqFusionCARAFEFPN  

neck.alignment.2.content_encoder.bias - torch.Size([25]): 
The value is the same before and after calling `init_weights` of FasterRCNN  

neck.alignment.2.dysampler.offset.weight - torch.Size([32, 72, 3, 3]): 
Initialized by user-defined `init_weights` in FreqFusionCARAFEFPN  

neck.alignment.2.dysampler.offset.bias - torch.Size([32]): 
The value is the same before and after calling `init_weights` of FasterRCNN  

neck.alignment.2.dysampler.direct_scale.weight - torch.Size([32, 72, 3, 3]): 
Initialized by user-defined `init_weights` in FreqFusionCARAFEFPN  

neck.alignment.2.dysampler.direct_scale.bias - torch.Size([32]): 
The value is the same before and after calling `init_weights` of FasterRCNN  

neck.alignment.2.dysampler.hr_offset.weight - torch.Size([8, 72, 3, 3]): 
Initialized by user-defined `init_weights` in FreqFusionCARAFEFPN  

neck.alignment.2.dysampler.hr_offset.bias - torch.Size([8]): 
The value is the same before and after calling `init_weights` of FasterRCNN  

neck.alignment.2.dysampler.hr_direct_scale.weight - torch.Size([8, 72, 3, 3]): 
Initialized by user-defined `init_weights` in FreqFusionCARAFEFPN  

neck.alignment.2.dysampler.hr_direct_scale.bias - torch.Size([8]): 
The value is the same before and after calling `init_weights` of FasterRCNN  

neck.alignment.2.dysampler.norm_hr.weight - torch.Size([64]): 
The value is the same before and after calling `init_weights` of FasterRCNN  

neck.alignment.2.dysampler.norm_hr.bias - torch.Size([64]): 
The value is the same before and after calling `init_weights` of FasterRCNN  

neck.alignment.2.dysampler.norm_lr.weight - torch.Size([64]): 
The value is the same before and after calling `init_weights` of FasterRCNN  

neck.alignment.2.dysampler.norm_lr.bias - torch.Size([64]): 
The value is the same before and after calling `init_weights` of FasterRCNN  

neck.alignment.2.content_encoder2.weight - torch.Size([9, 64, 3, 3]): 
Initialized by user-defined `init_weights` in FreqFusionCARAFEFPN  

neck.alignment.2.content_encoder2.bias - torch.Size([9]): 
The value is the same before and after calling `init_weights` of FasterRCNN  

neck.alignment.3.hr_channel_compressor.weight - torch.Size([64, 256, 1, 1]): 
Initialized by user-defined `init_weights` in FreqFusionCARAFEFPN  

neck.alignment.3.hr_channel_compressor.bias - torch.Size([64]): 
The value is the same before and after calling `init_weights` of FasterRCNN  

neck.alignment.3.lr_channel_compressor.weight - torch.Size([64, 256, 1, 1]): 
Initialized by user-defined `init_weights` in FreqFusionCARAFEFPN  

neck.alignment.3.lr_channel_compressor.bias - torch.Size([64]): 
The value is the same before and after calling `init_weights` of FasterRCNN  

neck.alignment.3.content_encoder.weight - torch.Size([25, 64, 3, 3]): 
Initialized by user-defined `init_weights` in FreqFusionCARAFEFPN  

neck.alignment.3.content_encoder.bias - torch.Size([25]): 
The value is the same before and after calling `init_weights` of FasterRCNN  

neck.alignment.3.dysampler.offset.weight - torch.Size([32, 72, 3, 3]): 
Initialized by user-defined `init_weights` in FreqFusionCARAFEFPN  

neck.alignment.3.dysampler.offset.bias - torch.Size([32]): 
The value is the same before and after calling `init_weights` of FasterRCNN  

neck.alignment.3.dysampler.direct_scale.weight - torch.Size([32, 72, 3, 3]): 
Initialized by user-defined `init_weights` in FreqFusionCARAFEFPN  

neck.alignment.3.dysampler.direct_scale.bias - torch.Size([32]): 
The value is the same before and after calling `init_weights` of FasterRCNN  

neck.alignment.3.dysampler.hr_offset.weight - torch.Size([8, 72, 3, 3]): 
Initialized by user-defined `init_weights` in FreqFusionCARAFEFPN  

neck.alignment.3.dysampler.hr_offset.bias - torch.Size([8]): 
The value is the same before and after calling `init_weights` of FasterRCNN  

neck.alignment.3.dysampler.hr_direct_scale.weight - torch.Size([8, 72, 3, 3]): 
Initialized by user-defined `init_weights` in FreqFusionCARAFEFPN  

neck.alignment.3.dysampler.hr_direct_scale.bias - torch.Size([8]): 
The value is the same before and after calling `init_weights` of FasterRCNN  

neck.alignment.3.dysampler.norm_hr.weight - torch.Size([64]): 
The value is the same before and after calling `init_weights` of FasterRCNN  

neck.alignment.3.dysampler.norm_hr.bias - torch.Size([64]): 
The value is the same before and after calling `init_weights` of FasterRCNN  

neck.alignment.3.dysampler.norm_lr.weight - torch.Size([64]): 
The value is the same before and after calling `init_weights` of FasterRCNN  

neck.alignment.3.dysampler.norm_lr.bias - torch.Size([64]): 
The value is the same before and after calling `init_weights` of FasterRCNN  

neck.alignment.3.content_encoder2.weight - torch.Size([9, 64, 3, 3]): 
Initialized by user-defined `init_weights` in FreqFusionCARAFEFPN  

neck.alignment.3.content_encoder2.bias - torch.Size([9]): 
The value is the same before and after calling `init_weights` of FasterRCNN  

rpn_head.rpn_conv.weight - torch.Size([256, 256, 3, 3]): 
NormalInit: mean=0, std=0.01, bias=0 

rpn_head.rpn_conv.bias - torch.Size([256]): 
NormalInit: mean=0, std=0.01, bias=0 

rpn_head.rpn_cls.weight - torch.Size([3, 256, 1, 1]): 
NormalInit: mean=0, std=0.01, bias=0 

rpn_head.rpn_cls.bias - torch.Size([3]): 
NormalInit: mean=0, std=0.01, bias=0 

rpn_head.rpn_reg.weight - torch.Size([12, 256, 1, 1]): 
NormalInit: mean=0, std=0.01, bias=0 

rpn_head.rpn_reg.bias - torch.Size([12]): 
NormalInit: mean=0, std=0.01, bias=0 

roi_head.bbox_head.fc_cls.weight - torch.Size([11, 1024]): 
NormalInit: mean=0, std=0.01, bias=0 

roi_head.bbox_head.fc_cls.bias - torch.Size([11]): 
NormalInit: mean=0, std=0.01, bias=0 

roi_head.bbox_head.fc_reg.weight - torch.Size([40, 1024]): 
NormalInit: mean=0, std=0.001, bias=0 

roi_head.bbox_head.fc_reg.bias - torch.Size([40]): 
NormalInit: mean=0, std=0.001, bias=0 

roi_head.bbox_head.shared_fcs.0.weight - torch.Size([1024, 12544]): 
XavierInit: gain=1, distribution=uniform, bias=0 

roi_head.bbox_head.shared_fcs.0.bias - torch.Size([1024]): 
XavierInit: gain=1, distribution=uniform, bias=0 

roi_head.bbox_head.shared_fcs.1.weight - torch.Size([1024, 1024]): 
XavierInit: gain=1, distribution=uniform, bias=0 

roi_head.bbox_head.shared_fcs.1.bias - torch.Size([1024]): 
XavierInit: gain=1, distribution=uniform, bias=0 
2025-11-19 00:55:26,646 - mmdet - INFO - Automatic scaling of learning rate (LR) has been disabled.
2025-11-19 00:55:26,648 - mmdet - INFO - Start running, host: bsbry@Bryan, work_dir: D:\freqfusion\mmdetection\work_dirs\ff_r50_10cls_b2
2025-11-19 00:55:26,648 - mmdet - INFO - Hooks will be executed in the following order:
before_run:
(VERY_HIGH   ) StepLrUpdaterHook                  
(NORMAL      ) CheckpointHook                     
(VERY_LOW    ) TextLoggerHook                     
 -------------------- 
before_train_epoch:
(VERY_HIGH   ) StepLrUpdaterHook                  
(NORMAL      ) NumClassCheckHook                  
(LOW         ) IterTimerHook                      
(VERY_LOW    ) TextLoggerHook                     
 -------------------- 
before_train_iter:
(VERY_HIGH   ) StepLrUpdaterHook                  
(LOW         ) IterTimerHook                      
 -------------------- 
after_train_iter:
(ABOVE_NORMAL) OptimizerHook                      
(NORMAL      ) CheckpointHook                     
(LOW         ) IterTimerHook                      
(VERY_LOW    ) TextLoggerHook                     
 -------------------- 
after_train_epoch:
(NORMAL      ) CheckpointHook                     
(VERY_LOW    ) TextLoggerHook                     
 -------------------- 
before_val_epoch:
(NORMAL      ) NumClassCheckHook                  
(LOW         ) IterTimerHook                      
(VERY_LOW    ) TextLoggerHook                     
 -------------------- 
before_val_iter:
(LOW         ) IterTimerHook                      
 -------------------- 
after_val_iter:
(LOW         ) IterTimerHook                      
 -------------------- 
after_val_epoch:
(VERY_LOW    ) TextLoggerHook                     
 -------------------- 
after_run:
(VERY_LOW    ) TextLoggerHook                     
 -------------------- 
2025-11-19 00:55:26,649 - mmdet - INFO - workflow: [('train', 1)], max: 12 epochs
2025-11-19 00:55:26,649 - mmdet - INFO - Checkpoints will be saved to D:\freqfusion\mmdetection\work_dirs\ff_r50_10cls_b2 by HardDiskBackend.
2025-11-19 00:57:11,393 - mmdet - INFO - Epoch [1][50/16221]	lr: 2.473e-04, eta: 4 days, 17:11:36, time: 2.094, data_time: 0.514, memory: 5508, loss_rpn_cls: 0.6877, loss_rpn_bbox: 0.0355, loss_cls: 1.0886, acc: 74.0723, loss_bbox: 0.0161, loss: 1.8279
2025-11-19 00:58:18,211 - mmdet - INFO - Epoch [1][100/16221]	lr: 4.970e-04, eta: 3 days, 20:41:23, time: 1.336, data_time: 0.006, memory: 5508, loss_rpn_cls: 0.2858, loss_rpn_bbox: 0.0369, loss_cls: 0.1235, acc: 99.0625, loss_bbox: 0.0257, loss: 0.4719
2025-11-19 00:58:45,370 - mmdet - INFO - Epoch [1][150/16221]	lr: 7.468e-04, eta: 2 days, 23:33:32, time: 0.543, data_time: 0.006, memory: 5512, loss_rpn_cls: 0.1284, loss_rpn_bbox: 0.0342, loss_cls: 0.1233, acc: 98.7129, loss_bbox: 0.0403, loss: 0.3262
2025-11-19 00:59:13,883 - mmdet - INFO - Epoch [1][200/16221]	lr: 9.965e-04, eta: 2 days, 13:21:17, time: 0.570, data_time: 0.005, memory: 5512, loss_rpn_cls: 0.0982, loss_rpn_bbox: 0.0261, loss_cls: 0.1346, acc: 98.2344, loss_bbox: 0.0617, loss: 0.3206
2025-11-19 00:59:41,037 - mmdet - INFO - Epoch [1][250/16221]	lr: 1.246e-03, eta: 2 days, 6:56:21, time: 0.543, data_time: 0.006, memory: 5512, loss_rpn_cls: 0.0756, loss_rpn_bbox: 0.0272, loss_cls: 0.1262, acc: 98.1484, loss_bbox: 0.0679, loss: 0.2968
2025-11-19 01:00:06,462 - mmdet - INFO - Epoch [1][300/16221]	lr: 1.496e-03, eta: 2 days, 2:20:43, time: 0.508, data_time: 0.006, memory: 5512, loss_rpn_cls: 0.0831, loss_rpn_bbox: 0.0249, loss_cls: 0.1495, acc: 97.7441, loss_bbox: 0.0811, loss: 0.3386
2025-11-19 01:01:01,000 - mmdet - INFO - Epoch [1][350/16221]	lr: 1.746e-03, eta: 2 days, 3:33:03, time: 1.091, data_time: 0.006, memory: 5512, loss_rpn_cls: 0.0803, loss_rpn_bbox: 0.0288, loss_cls: 0.1401, acc: 97.8984, loss_bbox: 0.0781, loss: 0.3274
2025-11-19 01:01:34,552 - mmdet - INFO - Epoch [1][400/16221]	lr: 1.996e-03, eta: 2 days, 1:37:21, time: 0.671, data_time: 0.006, memory: 5512, loss_rpn_cls: 0.0643, loss_rpn_bbox: 0.0191, loss_cls: 0.1651, acc: 97.5078, loss_bbox: 0.0968, loss: 0.3452
2025-11-19 01:02:02,103 - mmdet - INFO - Epoch [1][450/16221]	lr: 2.245e-03, eta: 1 day, 23:23:55, time: 0.551, data_time: 0.006, memory: 5512, loss_rpn_cls: 0.0771, loss_rpn_bbox: 0.0305, loss_cls: 0.1661, acc: 97.5527, loss_bbox: 0.0947, loss: 0.3683
2025-11-19 01:02:30,089 - mmdet - INFO - Epoch [1][500/16221]	lr: 2.495e-03, eta: 1 day, 21:40:06, time: 0.560, data_time: 0.006, memory: 5512, loss_rpn_cls: 0.0923, loss_rpn_bbox: 0.0317, loss_cls: 0.1542, acc: 97.6914, loss_bbox: 0.0838, loss: 0.3620
2025-11-19 01:03:00,438 - mmdet - INFO - Epoch [1][550/16221]	lr: 2.500e-03, eta: 1 day, 20:28:47, time: 0.607, data_time: 0.005, memory: 5512, loss_rpn_cls: 0.1010, loss_rpn_bbox: 0.0347, loss_cls: 0.1504, acc: 97.5195, loss_bbox: 0.0927, loss: 0.3788
2025-11-19 01:03:27,905 - mmdet - INFO - Epoch [1][600/16221]	lr: 2.500e-03, eta: 1 day, 19:13:53, time: 0.550, data_time: 0.006, memory: 5512, loss_rpn_cls: 0.0671, loss_rpn_bbox: 0.0289, loss_cls: 0.1620, acc: 97.3652, loss_bbox: 0.1023, loss: 0.3603
2025-11-19 01:04:06,455 - mmdet - INFO - Epoch [1][650/16221]	lr: 2.500e-03, eta: 1 day, 19:05:28, time: 0.771, data_time: 0.005, memory: 5512, loss_rpn_cls: 0.0668, loss_rpn_bbox: 0.0262, loss_cls: 0.1405, acc: 97.6152, loss_bbox: 0.0905, loss: 0.3240
2025-11-19 01:04:37,011 - mmdet - INFO - Epoch [1][700/16221]	lr: 2.500e-03, eta: 1 day, 18:21:17, time: 0.611, data_time: 0.006, memory: 5512, loss_rpn_cls: 0.0681, loss_rpn_bbox: 0.0241, loss_cls: 0.1530, acc: 97.5703, loss_bbox: 0.0919, loss: 0.3370
2025-11-19 01:05:07,845 - mmdet - INFO - Epoch [1][750/16221]	lr: 2.500e-03, eta: 1 day, 17:44:05, time: 0.616, data_time: 0.005, memory: 5512, loss_rpn_cls: 0.0553, loss_rpn_bbox: 0.0229, loss_cls: 0.1595, acc: 97.3242, loss_bbox: 0.0993, loss: 0.3370
2025-11-19 01:05:38,780 - mmdet - INFO - Epoch [1][800/16221]	lr: 2.500e-03, eta: 1 day, 17:11:56, time: 0.619, data_time: 0.006, memory: 5512, loss_rpn_cls: 0.0933, loss_rpn_bbox: 0.0284, loss_cls: 0.1378, acc: 97.6992, loss_bbox: 0.0854, loss: 0.3449
2025-11-19 01:06:15,058 - mmdet - INFO - Epoch [1][850/16221]	lr: 2.500e-03, eta: 1 day, 17:03:48, time: 0.726, data_time: 0.005, memory: 5512, loss_rpn_cls: 0.0685, loss_rpn_bbox: 0.0276, loss_cls: 0.1396, acc: 97.7246, loss_bbox: 0.0860, loss: 0.3217
2025-11-19 01:06:39,930 - mmdet - INFO - Epoch [1][900/16221]	lr: 2.500e-03, eta: 1 day, 16:15:32, time: 0.497, data_time: 0.003, memory: 5512, loss_rpn_cls: 0.0732, loss_rpn_bbox: 0.0377, loss_cls: 0.1572, acc: 97.3477, loss_bbox: 0.0992, loss: 0.3674
2025-11-19 01:07:08,284 - mmdet - INFO - Epoch [1][950/16221]	lr: 2.500e-03, eta: 1 day, 15:44:14, time: 0.568, data_time: 0.005, memory: 5512, loss_rpn_cls: 0.0542, loss_rpn_bbox: 0.0244, loss_cls: 0.1483, acc: 97.1094, loss_bbox: 0.1065, loss: 0.3334
2025-11-19 01:07:51,889 - mmdet - INFO - Exp name: faster_rcnn_r50_fpn_1x_coco_freqfusion_10cls.py
2025-11-19 01:07:51,889 - mmdet - INFO - Epoch [1][1000/16221]	lr: 2.500e-03, eta: 1 day, 16:04:58, time: 0.871, data_time: 0.005, memory: 5512, loss_rpn_cls: 0.0692, loss_rpn_bbox: 0.0267, loss_cls: 0.1514, acc: 97.2422, loss_bbox: 0.1041, loss: 0.3514
2025-11-19 01:08:38,006 - mmdet - INFO - Epoch [1][1050/16221]	lr: 2.500e-03, eta: 1 day, 16:31:38, time: 0.923, data_time: 0.007, memory: 5512, loss_rpn_cls: 0.0511, loss_rpn_bbox: 0.0213, loss_cls: 0.1642, acc: 96.7891, loss_bbox: 0.1273, loss: 0.3640
2025-11-19 01:09:29,362 - mmdet - INFO - Epoch [1][1100/16221]	lr: 2.500e-03, eta: 1 day, 17:10:53, time: 1.026, data_time: 0.006, memory: 5512, loss_rpn_cls: 0.0614, loss_rpn_bbox: 0.0240, loss_cls: 0.1464, acc: 97.1055, loss_bbox: 0.1102, loss: 0.3421
2025-11-19 01:10:07,838 - mmdet - INFO - Epoch [1][1150/16221]	lr: 2.500e-03, eta: 1 day, 17:11:01, time: 0.771, data_time: 0.008, memory: 5512, loss_rpn_cls: 0.0507, loss_rpn_bbox: 0.0287, loss_cls: 0.1567, acc: 96.9609, loss_bbox: 0.1115, loss: 0.3476
2025-11-19 01:10:43,649 - mmdet - INFO - Epoch [1][1200/16221]	lr: 2.500e-03, eta: 1 day, 17:03:43, time: 0.717, data_time: 0.006, memory: 5512, loss_rpn_cls: 0.0505, loss_rpn_bbox: 0.0280, loss_cls: 0.1384, acc: 96.9062, loss_bbox: 0.1123, loss: 0.3292
2025-11-19 01:11:22,575 - mmdet - INFO - Epoch [1][1250/16221]	lr: 2.500e-03, eta: 1 day, 17:04:53, time: 0.778, data_time: 0.005, memory: 5512, loss_rpn_cls: 0.0702, loss_rpn_bbox: 0.0331, loss_cls: 0.1649, acc: 96.5469, loss_bbox: 0.1257, loss: 0.3939
2025-11-19 01:12:01,418 - mmdet - INFO - Epoch [1][1300/16221]	lr: 2.500e-03, eta: 1 day, 17:05:42, time: 0.776, data_time: 0.006, memory: 5512, loss_rpn_cls: 0.0591, loss_rpn_bbox: 0.0284, loss_cls: 0.1320, acc: 97.3086, loss_bbox: 0.0952, loss: 0.3148
2025-11-19 01:12:57,495 - mmdet - INFO - Epoch [1][1350/16221]	lr: 2.500e-03, eta: 1 day, 17:47:31, time: 1.121, data_time: 0.007, memory: 5512, loss_rpn_cls: 0.0630, loss_rpn_bbox: 0.0267, loss_cls: 0.1350, acc: 97.1973, loss_bbox: 0.1045, loss: 0.3293
2025-11-19 01:13:48,902 - mmdet - INFO - Epoch [1][1400/16221]	lr: 2.500e-03, eta: 1 day, 18:15:45, time: 1.029, data_time: 0.007, memory: 5512, loss_rpn_cls: 0.0611, loss_rpn_bbox: 0.0365, loss_cls: 0.1385, acc: 97.0859, loss_bbox: 0.1048, loss: 0.3409
2025-11-19 01:14:16,145 - mmdet - INFO - Epoch [1][1450/16221]	lr: 2.500e-03, eta: 1 day, 17:48:09, time: 0.545, data_time: 0.005, memory: 5512, loss_rpn_cls: 0.0506, loss_rpn_bbox: 0.0200, loss_cls: 0.1270, acc: 97.2988, loss_bbox: 0.0971, loss: 0.2947
2025-11-19 01:14:43,671 - mmdet - INFO - Epoch [1][1500/16221]	lr: 2.500e-03, eta: 1 day, 17:23:00, time: 0.551, data_time: 0.005, memory: 5512, loss_rpn_cls: 0.0429, loss_rpn_bbox: 0.0250, loss_cls: 0.1506, acc: 96.4668, loss_bbox: 0.1238, loss: 0.3423
2025-11-19 01:15:14,782 - mmdet - INFO - Epoch [1][1550/16221]	lr: 2.500e-03, eta: 1 day, 17:06:50, time: 0.622, data_time: 0.005, memory: 5512, loss_rpn_cls: 0.0647, loss_rpn_bbox: 0.0359, loss_cls: 0.1370, acc: 96.8926, loss_bbox: 0.1056, loss: 0.3432
2025-11-19 01:15:43,371 - mmdet - INFO - Epoch [1][1600/16221]	lr: 2.500e-03, eta: 1 day, 16:46:41, time: 0.572, data_time: 0.005, memory: 5512, loss_rpn_cls: 0.0430, loss_rpn_bbox: 0.0274, loss_cls: 0.1181, acc: 97.4648, loss_bbox: 0.0931, loss: 0.2817
2025-11-19 01:16:33,962 - mmdet - INFO - Epoch [1][1650/16221]	lr: 2.500e-03, eta: 1 day, 17:10:21, time: 1.010, data_time: 0.005, memory: 5512, loss_rpn_cls: 0.0547, loss_rpn_bbox: 0.0237, loss_cls: 0.1274, acc: 97.1719, loss_bbox: 0.0972, loss: 0.3030
2025-11-19 01:18:37,465 - mmdet - INFO - Epoch [1][1700/16221]	lr: 2.500e-03, eta: 1 day, 19:50:47, time: 2.471, data_time: 0.008, memory: 5512, loss_rpn_cls: 0.0513, loss_rpn_bbox: 0.0340, loss_cls: 0.1150, acc: 97.2480, loss_bbox: 0.1018, loss: 0.3022
2025-11-19 01:19:38,619 - mmdet - INFO - Epoch [1][1750/16221]	lr: 2.500e-03, eta: 1 day, 20:27:20, time: 1.223, data_time: 0.007, memory: 5512, loss_rpn_cls: 0.0511, loss_rpn_bbox: 0.0314, loss_cls: 0.1242, acc: 97.1465, loss_bbox: 0.1077, loss: 0.3144
2025-11-19 01:20:21,054 - mmdet - INFO - Epoch [1][1800/16221]	lr: 2.500e-03, eta: 1 day, 20:28:21, time: 0.849, data_time: 0.006, memory: 5512, loss_rpn_cls: 0.0789, loss_rpn_bbox: 0.0305, loss_cls: 0.1261, acc: 97.2480, loss_bbox: 0.0998, loss: 0.3353
2025-11-19 01:21:07,145 - mmdet - INFO - Epoch [1][1850/16221]	lr: 2.500e-03, eta: 1 day, 20:35:35, time: 0.921, data_time: 0.006, memory: 5512, loss_rpn_cls: 0.0429, loss_rpn_bbox: 0.0211, loss_cls: 0.1203, acc: 97.2383, loss_bbox: 0.1011, loss: 0.2854
2025-11-19 01:22:20,184 - mmdet - INFO - Epoch [1][1900/16221]	lr: 2.500e-03, eta: 1 day, 21:27:45, time: 1.458, data_time: 0.008, memory: 5512, loss_rpn_cls: 0.0539, loss_rpn_bbox: 0.0307, loss_cls: 0.1103, acc: 97.5098, loss_bbox: 0.0876, loss: 0.2824
2025-11-19 01:24:28,492 - mmdet - INFO - Epoch [1][1950/16221]	lr: 2.500e-03, eta: 1 day, 23:48:47, time: 2.570, data_time: 0.011, memory: 5512, loss_rpn_cls: 0.0392, loss_rpn_bbox: 0.0251, loss_cls: 0.1520, acc: 96.4570, loss_bbox: 0.1248, loss: 0.3411
2025-11-19 01:25:14,651 - mmdet - INFO - Exp name: faster_rcnn_r50_fpn_1x_coco_freqfusion_10cls.py
2025-11-19 01:25:14,652 - mmdet - INFO - Epoch [1][2000/16221]	lr: 2.500e-03, eta: 1 day, 23:50:18, time: 0.921, data_time: 0.006, memory: 5512, loss_rpn_cls: 0.0473, loss_rpn_bbox: 0.0228, loss_cls: 0.1270, acc: 97.1152, loss_bbox: 0.1051, loss: 0.3022
2025-11-19 01:25:54,372 - mmdet - INFO - Epoch [1][2050/16221]	lr: 2.500e-03, eta: 1 day, 23:41:53, time: 0.796, data_time: 0.007, memory: 5512, loss_rpn_cls: 0.0464, loss_rpn_bbox: 0.0226, loss_cls: 0.1167, acc: 97.5684, loss_bbox: 0.0918, loss: 0.2775
2025-11-19 01:26:27,741 - mmdet - INFO - Epoch [1][2100/16221]	lr: 2.500e-03, eta: 1 day, 23:24:00, time: 0.667, data_time: 0.006, memory: 5512, loss_rpn_cls: 0.0491, loss_rpn_bbox: 0.0225, loss_cls: 0.1267, acc: 96.9355, loss_bbox: 0.1122, loss: 0.3104
2025-11-19 01:26:59,560 - mmdet - INFO - Epoch [1][2150/16221]	lr: 2.500e-03, eta: 1 day, 23:04:36, time: 0.636, data_time: 0.006, memory: 5512, loss_rpn_cls: 0.0494, loss_rpn_bbox: 0.0336, loss_cls: 0.1288, acc: 96.7910, loss_bbox: 0.1142, loss: 0.3260
2025-11-19 01:27:31,035 - mmdet - INFO - Epoch [1][2200/16221]	lr: 2.500e-03, eta: 1 day, 22:45:37, time: 0.630, data_time: 0.006, memory: 5512, loss_rpn_cls: 0.0486, loss_rpn_bbox: 0.0214, loss_cls: 0.1294, acc: 96.9668, loss_bbox: 0.1068, loss: 0.3062
2025-11-19 01:28:02,714 - mmdet - INFO - Epoch [1][2250/16221]	lr: 2.500e-03, eta: 1 day, 22:27:40, time: 0.633, data_time: 0.005, memory: 5512, loss_rpn_cls: 0.0542, loss_rpn_bbox: 0.0288, loss_cls: 0.1524, acc: 96.6602, loss_bbox: 0.1197, loss: 0.3551
2025-11-19 01:28:34,098 - mmdet - INFO - Epoch [1][2300/16221]	lr: 2.500e-03, eta: 1 day, 22:10:07, time: 0.628, data_time: 0.006, memory: 5512, loss_rpn_cls: 0.0501, loss_rpn_bbox: 0.0279, loss_cls: 0.1522, acc: 96.7520, loss_bbox: 0.1141, loss: 0.3444
2025-11-19 01:29:05,640 - mmdet - INFO - Epoch [1][2350/16221]	lr: 2.500e-03, eta: 1 day, 21:53:30, time: 0.631, data_time: 0.006, memory: 5512, loss_rpn_cls: 0.0441, loss_rpn_bbox: 0.0287, loss_cls: 0.1319, acc: 96.8574, loss_bbox: 0.1106, loss: 0.3153
2025-11-19 01:29:54,437 - mmdet - INFO - Epoch [1][2400/16221]	lr: 2.500e-03, eta: 1 day, 22:00:33, time: 0.976, data_time: 0.006, memory: 5512, loss_rpn_cls: 0.0434, loss_rpn_bbox: 0.0263, loss_cls: 0.1298, acc: 97.0664, loss_bbox: 0.1034, loss: 0.3028
2025-11-19 01:30:35,476 - mmdet - INFO - Epoch [1][2450/16221]	lr: 2.500e-03, eta: 1 day, 21:57:08, time: 0.820, data_time: 0.006, memory: 5512, loss_rpn_cls: 0.0421, loss_rpn_bbox: 0.0235, loss_cls: 0.1380, acc: 96.4570, loss_bbox: 0.1214, loss: 0.3249
2025-11-19 01:31:31,675 - mmdet - INFO - Epoch [1][2500/16221]	lr: 2.500e-03, eta: 1 day, 22:13:21, time: 1.125, data_time: 0.007, memory: 5512, loss_rpn_cls: 0.0363, loss_rpn_bbox: 0.0225, loss_cls: 0.1457, acc: 96.6094, loss_bbox: 0.1214, loss: 0.3259
2025-11-19 01:32:13,572 - mmdet - INFO - Epoch [1][2550/16221]	lr: 2.500e-03, eta: 1 day, 22:10:53, time: 0.838, data_time: 0.006, memory: 5512, loss_rpn_cls: 0.0567, loss_rpn_bbox: 0.0280, loss_cls: 0.1366, acc: 96.8516, loss_bbox: 0.1097, loss: 0.3310
2025-11-19 01:32:45,164 - mmdet - INFO - Epoch [1][2600/16221]	lr: 2.500e-03, eta: 1 day, 21:55:42, time: 0.631, data_time: 0.004, memory: 5512, loss_rpn_cls: 0.0504, loss_rpn_bbox: 0.0244, loss_cls: 0.1467, acc: 96.5156, loss_bbox: 0.1239, loss: 0.3454
2025-11-19 01:33:29,170 - mmdet - INFO - Epoch [1][2650/16221]	lr: 2.500e-03, eta: 1 day, 21:55:58, time: 0.877, data_time: 0.006, memory: 5512, loss_rpn_cls: 0.0456, loss_rpn_bbox: 0.0204, loss_cls: 0.1301, acc: 96.5469, loss_bbox: 0.1177, loss: 0.3138
2025-11-19 01:34:16,669 - mmdet - INFO - Epoch [1][2700/16221]	lr: 2.500e-03, eta: 1 day, 22:00:45, time: 0.954, data_time: 0.009, memory: 5512, loss_rpn_cls: 0.0364, loss_rpn_bbox: 0.0195, loss_cls: 0.1274, acc: 96.9336, loss_bbox: 0.1099, loss: 0.2932
2025-11-19 01:34:50,532 - mmdet - INFO - Epoch [1][2750/16221]	lr: 2.500e-03, eta: 1 day, 21:49:14, time: 0.677, data_time: 0.005, memory: 5512, loss_rpn_cls: 0.0546, loss_rpn_bbox: 0.0351, loss_cls: 0.1265, acc: 96.8516, loss_bbox: 0.1066, loss: 0.3229
2025-11-19 01:35:20,382 - mmdet - INFO - Epoch [1][2800/16221]	lr: 2.500e-03, eta: 1 day, 21:33:29, time: 0.596, data_time: 0.005, memory: 5512, loss_rpn_cls: 0.0420, loss_rpn_bbox: 0.0252, loss_cls: 0.1337, acc: 96.7676, loss_bbox: 0.1151, loss: 0.3161
2025-11-19 01:35:46,354 - mmdet - INFO - Epoch [1][2850/16221]	lr: 2.500e-03, eta: 1 day, 21:14:00, time: 0.520, data_time: 0.005, memory: 5512, loss_rpn_cls: 0.0430, loss_rpn_bbox: 0.0226, loss_cls: 0.1329, acc: 96.7949, loss_bbox: 0.1161, loss: 0.3146
2025-11-19 01:36:10,759 - mmdet - INFO - Epoch [1][2900/16221]	lr: 2.500e-03, eta: 1 day, 20:53:25, time: 0.488, data_time: 0.004, memory: 5512, loss_rpn_cls: 0.0456, loss_rpn_bbox: 0.0292, loss_cls: 0.1499, acc: 96.4707, loss_bbox: 0.1291, loss: 0.3538
2025-11-19 01:36:42,411 - mmdet - INFO - Epoch [1][2950/16221]	lr: 2.500e-03, eta: 1 day, 20:41:21, time: 0.633, data_time: 0.004, memory: 5512, loss_rpn_cls: 0.0369, loss_rpn_bbox: 0.0278, loss_cls: 0.1211, acc: 96.5723, loss_bbox: 0.1246, loss: 0.3103
2025-11-19 01:37:17,229 - mmdet - INFO - Exp name: faster_rcnn_r50_fpn_1x_coco_freqfusion_10cls.py
2025-11-19 01:37:17,229 - mmdet - INFO - Epoch [1][3000/16221]	lr: 2.500e-03, eta: 1 day, 20:32:58, time: 0.695, data_time: 0.005, memory: 5512, loss_rpn_cls: 0.0349, loss_rpn_bbox: 0.0223, loss_cls: 0.0989, acc: 97.6445, loss_bbox: 0.0814, loss: 0.2375
2025-11-19 01:38:02,923 - mmdet - INFO - Epoch [1][3050/16221]	lr: 2.500e-03, eta: 1 day, 20:36:21, time: 0.915, data_time: 0.006, memory: 5512, loss_rpn_cls: 0.0516, loss_rpn_bbox: 0.0248, loss_cls: 0.1147, acc: 97.1523, loss_bbox: 0.0978, loss: 0.2889
2025-11-19 01:38:47,510 - mmdet - INFO - Epoch [1][3100/16221]	lr: 2.500e-03, eta: 1 day, 20:38:24, time: 0.892, data_time: 0.005, memory: 5512, loss_rpn_cls: 0.0629, loss_rpn_bbox: 0.0335, loss_cls: 0.1587, acc: 95.9453, loss_bbox: 0.1398, loss: 0.3949
2025-11-19 01:39:32,749 - mmdet - INFO - Epoch [1][3150/16221]	lr: 2.500e-03, eta: 1 day, 20:41:02, time: 0.905, data_time: 0.005, memory: 5512, loss_rpn_cls: 0.0461, loss_rpn_bbox: 0.0257, loss_cls: 0.1188, acc: 96.7773, loss_bbox: 0.1155, loss: 0.3060
2025-11-19 01:40:18,047 - mmdet - INFO - Epoch [1][3200/16221]	lr: 2.500e-03, eta: 1 day, 20:43:38, time: 0.906, data_time: 0.006, memory: 5512, loss_rpn_cls: 0.0426, loss_rpn_bbox: 0.0215, loss_cls: 0.1335, acc: 96.5605, loss_bbox: 0.1128, loss: 0.3104
2025-11-19 01:41:02,059 - mmdet - INFO - Epoch [1][3250/16221]	lr: 2.500e-03, eta: 1 day, 20:44:53, time: 0.881, data_time: 0.006, memory: 5512, loss_rpn_cls: 0.0606, loss_rpn_bbox: 0.0230, loss_cls: 0.1102, acc: 97.1582, loss_bbox: 0.0960, loss: 0.2898
2025-11-19 01:41:47,400 - mmdet - INFO - Epoch [1][3300/16221]	lr: 2.500e-03, eta: 1 day, 20:47:17, time: 0.906, data_time: 0.005, memory: 5512, loss_rpn_cls: 0.0578, loss_rpn_bbox: 0.0372, loss_cls: 0.1713, acc: 95.8496, loss_bbox: 0.1445, loss: 0.4108
2025-11-19 01:42:32,560 - mmdet - INFO - Epoch [1][3350/16221]	lr: 2.500e-03, eta: 1 day, 20:49:28, time: 0.903, data_time: 0.006, memory: 5512, loss_rpn_cls: 0.0455, loss_rpn_bbox: 0.0270, loss_cls: 0.1595, acc: 95.7617, loss_bbox: 0.1502, loss: 0.3822
2025-11-19 01:43:17,177 - mmdet - INFO - Epoch [1][3400/16221]	lr: 2.500e-03, eta: 1 day, 20:51:04, time: 0.893, data_time: 0.005, memory: 5512, loss_rpn_cls: 0.0409, loss_rpn_bbox: 0.0218, loss_cls: 0.1302, acc: 96.5781, loss_bbox: 0.1153, loss: 0.3082
2025-11-19 01:44:02,620 - mmdet - INFO - Epoch [1][3450/16221]	lr: 2.500e-03, eta: 1 day, 20:53:22, time: 0.909, data_time: 0.005, memory: 5512, loss_rpn_cls: 0.0370, loss_rpn_bbox: 0.0214, loss_cls: 0.1301, acc: 96.3066, loss_bbox: 0.1231, loss: 0.3116
2025-11-19 01:44:47,783 - mmdet - INFO - Epoch [1][3500/16221]	lr: 2.500e-03, eta: 1 day, 20:55:16, time: 0.903, data_time: 0.005, memory: 5512, loss_rpn_cls: 0.0352, loss_rpn_bbox: 0.0303, loss_cls: 0.1646, acc: 95.7383, loss_bbox: 0.1398, loss: 0.3700
2025-11-19 01:45:35,094 - mmdet - INFO - Epoch [1][3550/16221]	lr: 2.500e-03, eta: 1 day, 20:59:05, time: 0.946, data_time: 0.006, memory: 5512, loss_rpn_cls: 0.0385, loss_rpn_bbox: 0.0226, loss_cls: 0.1337, acc: 96.5078, loss_bbox: 0.1261, loss: 0.3209
2025-11-19 01:46:19,396 - mmdet - INFO - Epoch [1][3600/16221]	lr: 2.500e-03, eta: 1 day, 21:00:03, time: 0.886, data_time: 0.005, memory: 5512, loss_rpn_cls: 0.0392, loss_rpn_bbox: 0.0234, loss_cls: 0.1316, acc: 96.5371, loss_bbox: 0.1211, loss: 0.3153
2025-11-19 01:47:04,669 - mmdet - INFO - Epoch [1][3650/16221]	lr: 2.500e-03, eta: 1 day, 21:01:50, time: 0.905, data_time: 0.006, memory: 5512, loss_rpn_cls: 0.0443, loss_rpn_bbox: 0.0320, loss_cls: 0.1160, acc: 96.9492, loss_bbox: 0.1041, loss: 0.2965
2025-11-19 01:47:49,755 - mmdet - INFO - Epoch [1][3700/16221]	lr: 2.500e-03, eta: 1 day, 21:03:25, time: 0.902, data_time: 0.007, memory: 5512, loss_rpn_cls: 0.0380, loss_rpn_bbox: 0.0180, loss_cls: 0.1494, acc: 96.1191, loss_bbox: 0.1266, loss: 0.3319
2025-11-19 01:48:33,555 - mmdet - INFO - Epoch [1][3750/16221]	lr: 2.500e-03, eta: 1 day, 21:03:53, time: 0.878, data_time: 0.006, memory: 5512, loss_rpn_cls: 0.0258, loss_rpn_bbox: 0.0183, loss_cls: 0.1270, acc: 96.5391, loss_bbox: 0.1161, loss: 0.2871
2025-11-19 01:49:18,348 - mmdet - INFO - Epoch [1][3800/16221]	lr: 2.500e-03, eta: 1 day, 21:05:05, time: 0.895, data_time: 0.005, memory: 5512, loss_rpn_cls: 0.0403, loss_rpn_bbox: 0.0233, loss_cls: 0.1160, acc: 96.8633, loss_bbox: 0.1075, loss: 0.2871
2025-11-19 01:50:03,453 - mmdet - INFO - Epoch [1][3850/16221]	lr: 2.500e-03, eta: 1 day, 21:06:29, time: 0.902, data_time: 0.005, memory: 5512, loss_rpn_cls: 0.0375, loss_rpn_bbox: 0.0247, loss_cls: 0.1245, acc: 96.7227, loss_bbox: 0.1120, loss: 0.2987
2025-11-19 01:50:48,490 - mmdet - INFO - Epoch [1][3900/16221]	lr: 2.500e-03, eta: 1 day, 21:07:49, time: 0.901, data_time: 0.007, memory: 5512, loss_rpn_cls: 0.0476, loss_rpn_bbox: 0.0279, loss_cls: 0.1473, acc: 95.8828, loss_bbox: 0.1389, loss: 0.3616
2025-11-19 01:51:32,946 - mmdet - INFO - Epoch [1][3950/16221]	lr: 2.500e-03, eta: 1 day, 21:08:38, time: 0.889, data_time: 0.005, memory: 5512, loss_rpn_cls: 0.0623, loss_rpn_bbox: 0.0347, loss_cls: 0.1378, acc: 96.1582, loss_bbox: 0.1243, loss: 0.3590
2025-11-19 01:52:17,687 - mmdet - INFO - Exp name: faster_rcnn_r50_fpn_1x_coco_freqfusion_10cls.py
2025-11-19 01:52:17,687 - mmdet - INFO - Epoch [1][4000/16221]	lr: 2.500e-03, eta: 1 day, 21:09:37, time: 0.895, data_time: 0.005, memory: 5512, loss_rpn_cls: 0.0520, loss_rpn_bbox: 0.0337, loss_cls: 0.1443, acc: 96.1816, loss_bbox: 0.1357, loss: 0.3657
2025-11-19 01:53:02,873 - mmdet - INFO - Epoch [1][4050/16221]	lr: 2.500e-03, eta: 1 day, 21:10:53, time: 0.903, data_time: 0.005, memory: 5512, loss_rpn_cls: 0.0409, loss_rpn_bbox: 0.0321, loss_cls: 0.1335, acc: 96.7383, loss_bbox: 0.1136, loss: 0.3201
2025-11-19 01:53:47,678 - mmdet - INFO - Epoch [1][4100/16221]	lr: 2.500e-03, eta: 1 day, 21:11:50, time: 0.896, data_time: 0.006, memory: 5512, loss_rpn_cls: 0.0417, loss_rpn_bbox: 0.0272, loss_cls: 0.1271, acc: 96.5078, loss_bbox: 0.1185, loss: 0.3145
2025-11-19 01:54:33,357 - mmdet - INFO - Epoch [1][4150/16221]	lr: 2.500e-03, eta: 1 day, 21:13:23, time: 0.913, data_time: 0.005, memory: 5512, loss_rpn_cls: 0.0477, loss_rpn_bbox: 0.0311, loss_cls: 0.1576, acc: 95.7109, loss_bbox: 0.1512, loss: 0.3876
2025-11-19 01:55:18,880 - mmdet - INFO - Epoch [1][4200/16221]	lr: 2.500e-03, eta: 1 day, 21:14:49, time: 0.911, data_time: 0.006, memory: 5512, loss_rpn_cls: 0.0424, loss_rpn_bbox: 0.0280, loss_cls: 0.1392, acc: 96.4238, loss_bbox: 0.1240, loss: 0.3335
2025-11-19 01:56:04,932 - mmdet - INFO - Epoch [1][4250/16221]	lr: 2.500e-03, eta: 1 day, 21:16:34, time: 0.921, data_time: 0.005, memory: 5512, loss_rpn_cls: 0.0393, loss_rpn_bbox: 0.0232, loss_cls: 0.1447, acc: 96.2676, loss_bbox: 0.1352, loss: 0.3424
2025-11-19 01:56:30,665 - mmdet - INFO - Epoch [1][4300/16221]	lr: 2.500e-03, eta: 1 day, 21:03:15, time: 0.515, data_time: 0.005, memory: 5512, loss_rpn_cls: 0.0408, loss_rpn_bbox: 0.0240, loss_cls: 0.1434, acc: 96.2246, loss_bbox: 0.1267, loss: 0.3349
2025-11-19 01:57:00,106 - mmdet - INFO - Epoch [1][4350/16221]	lr: 2.500e-03, eta: 1 day, 20:52:57, time: 0.589, data_time: 0.005, memory: 5512, loss_rpn_cls: 0.0305, loss_rpn_bbox: 0.0193, loss_cls: 0.1139, acc: 96.9883, loss_bbox: 0.1078, loss: 0.2715
2025-11-19 01:57:46,517 - mmdet - INFO - Epoch [1][4400/16221]	lr: 2.500e-03, eta: 1 day, 20:55:03, time: 0.927, data_time: 0.004, memory: 5512, loss_rpn_cls: 0.0258, loss_rpn_bbox: 0.0212, loss_cls: 0.1246, acc: 96.5234, loss_bbox: 0.1236, loss: 0.2952
2025-11-19 01:58:33,660 - mmdet - INFO - Epoch [1][4450/16221]	lr: 2.500e-03, eta: 1 day, 20:57:41, time: 0.944, data_time: 0.006, memory: 5512, loss_rpn_cls: 0.0380, loss_rpn_bbox: 0.0254, loss_cls: 0.1406, acc: 96.1191, loss_bbox: 0.1354, loss: 0.3394
2025-11-19 01:59:11,739 - mmdet - INFO - Epoch [1][4500/16221]	lr: 2.500e-03, eta: 1 day, 20:53:48, time: 0.761, data_time: 0.005, memory: 5512, loss_rpn_cls: 0.0414, loss_rpn_bbox: 0.0241, loss_cls: 0.1434, acc: 96.2363, loss_bbox: 0.1277, loss: 0.3365
2025-11-19 02:00:01,932 - mmdet - INFO - Epoch [1][4550/16221]	lr: 2.500e-03, eta: 1 day, 20:58:29, time: 1.005, data_time: 0.006, memory: 5512, loss_rpn_cls: 0.0410, loss_rpn_bbox: 0.0220, loss_cls: 0.1265, acc: 96.7910, loss_bbox: 0.1021, loss: 0.2915
2025-11-19 02:00:35,229 - mmdet - INFO - Epoch [1][4600/16221]	lr: 2.500e-03, eta: 1 day, 20:51:22, time: 0.666, data_time: 0.004, memory: 5512, loss_rpn_cls: 0.0399, loss_rpn_bbox: 0.0239, loss_cls: 0.1355, acc: 96.4160, loss_bbox: 0.1260, loss: 0.3252
2025-11-19 02:01:16,730 - mmdet - INFO - Epoch [1][4650/16221]	lr: 2.500e-03, eta: 1 day, 20:49:56, time: 0.828, data_time: 0.005, memory: 5512, loss_rpn_cls: 0.0430, loss_rpn_bbox: 0.0266, loss_cls: 0.1427, acc: 95.6992, loss_bbox: 0.1506, loss: 0.3628
2025-11-19 02:02:29,079 - mmdet - INFO - Epoch [1][4700/16221]	lr: 2.500e-03, eta: 1 day, 21:09:24, time: 1.448, data_time: 0.008, memory: 5512, loss_rpn_cls: 0.0361, loss_rpn_bbox: 0.0281, loss_cls: 0.1417, acc: 96.3691, loss_bbox: 0.1314, loss: 0.3374
2025-11-19 02:03:23,907 - mmdet - INFO - Epoch [1][4750/16221]	lr: 2.500e-03, eta: 1 day, 21:16:41, time: 1.096, data_time: 0.007, memory: 5512, loss_rpn_cls: 0.0472, loss_rpn_bbox: 0.0279, loss_cls: 0.1460, acc: 95.7891, loss_bbox: 0.1453, loss: 0.3665
2025-11-19 02:04:11,249 - mmdet - INFO - Epoch [1][4800/16221]	lr: 2.500e-03, eta: 1 day, 21:18:54, time: 0.947, data_time: 0.007, memory: 5512, loss_rpn_cls: 0.0296, loss_rpn_bbox: 0.0217, loss_cls: 0.1193, acc: 96.6387, loss_bbox: 0.1252, loss: 0.2958
2025-11-19 02:04:49,369 - mmdet - INFO - Epoch [1][4850/16221]	lr: 2.500e-03, eta: 1 day, 21:15:03, time: 0.763, data_time: 0.006, memory: 5512, loss_rpn_cls: 0.0415, loss_rpn_bbox: 0.0244, loss_cls: 0.1295, acc: 96.1738, loss_bbox: 0.1334, loss: 0.3289
2025-11-19 02:05:14,754 - mmdet - INFO - Epoch [1][4900/16221]	lr: 2.500e-03, eta: 1 day, 21:03:01, time: 0.508, data_time: 0.005, memory: 5512, loss_rpn_cls: 0.0536, loss_rpn_bbox: 0.0343, loss_cls: 0.1385, acc: 96.3066, loss_bbox: 0.1272, loss: 0.3536
2025-11-19 02:05:39,723 - mmdet - INFO - Epoch [1][4950/16221]	lr: 2.500e-03, eta: 1 day, 20:50:58, time: 0.499, data_time: 0.005, memory: 5512, loss_rpn_cls: 0.0450, loss_rpn_bbox: 0.0279, loss_cls: 0.1275, acc: 96.3535, loss_bbox: 0.1251, loss: 0.3254
2025-11-19 02:06:04,720 - mmdet - INFO - Exp name: faster_rcnn_r50_fpn_1x_coco_freqfusion_10cls.py
2025-11-19 02:06:04,721 - mmdet - INFO - Epoch [1][5000/16221]	lr: 2.500e-03, eta: 1 day, 20:39:09, time: 0.500, data_time: 0.005, memory: 5512, loss_rpn_cls: 0.0500, loss_rpn_bbox: 0.0299, loss_cls: 0.1695, acc: 95.3535, loss_bbox: 0.1610, loss: 0.4104
2025-11-19 02:06:29,596 - mmdet - INFO - Epoch [1][5050/16221]	lr: 2.500e-03, eta: 1 day, 20:27:30, time: 0.497, data_time: 0.005, memory: 5512, loss_rpn_cls: 0.0403, loss_rpn_bbox: 0.0265, loss_cls: 0.1085, acc: 96.8730, loss_bbox: 0.1079, loss: 0.2832
2025-11-19 02:06:54,675 - mmdet - INFO - Epoch [1][5100/16221]	lr: 2.500e-03, eta: 1 day, 20:16:11, time: 0.502, data_time: 0.005, memory: 5512, loss_rpn_cls: 0.0308, loss_rpn_bbox: 0.0192, loss_cls: 0.1305, acc: 96.4160, loss_bbox: 0.1216, loss: 0.3021
2025-11-19 02:07:19,386 - mmdet - INFO - Epoch [1][5150/16221]	lr: 2.500e-03, eta: 1 day, 20:04:51, time: 0.494, data_time: 0.005, memory: 5512, loss_rpn_cls: 0.0436, loss_rpn_bbox: 0.0260, loss_cls: 0.1305, acc: 96.3105, loss_bbox: 0.1248, loss: 0.3249
2025-11-19 02:07:44,151 - mmdet - INFO - Epoch [1][5200/16221]	lr: 2.500e-03, eta: 1 day, 19:53:46, time: 0.495, data_time: 0.005, memory: 5512, loss_rpn_cls: 0.0407, loss_rpn_bbox: 0.0292, loss_cls: 0.1218, acc: 96.6719, loss_bbox: 0.1179, loss: 0.3096
2025-11-19 02:08:11,402 - mmdet - INFO - Epoch [1][5250/16221]	lr: 2.500e-03, eta: 1 day, 19:44:23, time: 0.545, data_time: 0.005, memory: 5512, loss_rpn_cls: 0.0436, loss_rpn_bbox: 0.0309, loss_cls: 0.1357, acc: 96.2090, loss_bbox: 0.1275, loss: 0.3377
2025-11-19 02:08:36,302 - mmdet - INFO - Epoch [1][5300/16221]	lr: 2.500e-03, eta: 1 day, 19:33:46, time: 0.498, data_time: 0.005, memory: 5512, loss_rpn_cls: 0.0311, loss_rpn_bbox: 0.0259, loss_cls: 0.1250, acc: 96.4688, loss_bbox: 0.1202, loss: 0.3022
2025-11-19 02:09:01,023 - mmdet - INFO - Epoch [1][5350/16221]	lr: 2.500e-03, eta: 1 day, 19:23:14, time: 0.494, data_time: 0.005, memory: 5512, loss_rpn_cls: 0.0363, loss_rpn_bbox: 0.0236, loss_cls: 0.1343, acc: 96.0781, loss_bbox: 0.1381, loss: 0.3323
2025-11-19 02:09:25,599 - mmdet - INFO - Epoch [1][5400/16221]	lr: 2.500e-03, eta: 1 day, 19:12:48, time: 0.492, data_time: 0.005, memory: 5512, loss_rpn_cls: 0.0337, loss_rpn_bbox: 0.0201, loss_cls: 0.1228, acc: 96.4980, loss_bbox: 0.1319, loss: 0.3085
2025-11-19 02:09:50,290 - mmdet - INFO - Epoch [1][5450/16221]	lr: 2.500e-03, eta: 1 day, 19:02:37, time: 0.494, data_time: 0.005, memory: 5512, loss_rpn_cls: 0.0413, loss_rpn_bbox: 0.0228, loss_cls: 0.1302, acc: 96.6309, loss_bbox: 0.1173, loss: 0.3116
2025-11-19 02:10:15,417 - mmdet - INFO - Epoch [1][5500/16221]	lr: 2.500e-03, eta: 1 day, 18:52:52, time: 0.502, data_time: 0.005, memory: 5512, loss_rpn_cls: 0.0357, loss_rpn_bbox: 0.0216, loss_cls: 0.1304, acc: 96.5645, loss_bbox: 0.1178, loss: 0.3055
2025-11-19 02:10:39,806 - mmdet - INFO - Epoch [1][5550/16221]	lr: 2.500e-03, eta: 1 day, 18:42:52, time: 0.488, data_time: 0.005, memory: 5512, loss_rpn_cls: 0.0363, loss_rpn_bbox: 0.0180, loss_cls: 0.1155, acc: 96.7070, loss_bbox: 0.1123, loss: 0.2821
2025-11-19 02:11:04,247 - mmdet - INFO - Epoch [1][5600/16221]	lr: 2.500e-03, eta: 1 day, 18:33:04, time: 0.489, data_time: 0.005, memory: 5512, loss_rpn_cls: 0.0323, loss_rpn_bbox: 0.0200, loss_cls: 0.1328, acc: 96.1387, loss_bbox: 0.1376, loss: 0.3227
2025-11-19 02:11:29,213 - mmdet - INFO - Epoch [1][5650/16221]	lr: 2.500e-03, eta: 1 day, 18:23:43, time: 0.499, data_time: 0.005, memory: 5512, loss_rpn_cls: 0.0285, loss_rpn_bbox: 0.0188, loss_cls: 0.1351, acc: 96.2324, loss_bbox: 0.1285, loss: 0.3108
2025-11-19 02:12:00,130 - mmdet - INFO - Epoch [1][5700/16221]	lr: 2.500e-03, eta: 1 day, 18:17:49, time: 0.619, data_time: 0.006, memory: 5512, loss_rpn_cls: 0.0490, loss_rpn_bbox: 0.0261, loss_cls: 0.1358, acc: 95.9766, loss_bbox: 0.1347, loss: 0.3457
2025-11-19 02:12:26,776 - mmdet - INFO - Epoch [1][5750/16221]	lr: 2.500e-03, eta: 1 day, 18:09:40, time: 0.533, data_time: 0.005, memory: 5512, loss_rpn_cls: 0.0268, loss_rpn_bbox: 0.0171, loss_cls: 0.1223, acc: 96.5059, loss_bbox: 0.1199, loss: 0.2861
2025-11-19 02:12:54,220 - mmdet - INFO - Epoch [1][5800/16221]	lr: 2.500e-03, eta: 1 day, 18:02:05, time: 0.548, data_time: 0.005, memory: 5512, loss_rpn_cls: 0.0379, loss_rpn_bbox: 0.0269, loss_cls: 0.1365, acc: 96.0273, loss_bbox: 0.1410, loss: 0.3423
2025-11-19 02:13:25,419 - mmdet - INFO - Epoch [1][5850/16221]	lr: 2.500e-03, eta: 1 day, 17:56:39, time: 0.624, data_time: 0.005, memory: 5512, loss_rpn_cls: 0.0219, loss_rpn_bbox: 0.0196, loss_cls: 0.1337, acc: 96.2422, loss_bbox: 0.1339, loss: 0.3090
2025-11-19 02:13:53,423 - mmdet - INFO - Epoch [1][5900/16221]	lr: 2.500e-03, eta: 1 day, 17:49:36, time: 0.561, data_time: 0.006, memory: 5512, loss_rpn_cls: 0.0378, loss_rpn_bbox: 0.0197, loss_cls: 0.1228, acc: 96.5410, loss_bbox: 0.1249, loss: 0.3052
2025-11-19 02:14:19,881 - mmdet - INFO - Epoch [1][5950/16221]	lr: 2.500e-03, eta: 1 day, 17:41:50, time: 0.529, data_time: 0.004, memory: 5512, loss_rpn_cls: 0.0282, loss_rpn_bbox: 0.0233, loss_cls: 0.1220, acc: 96.3398, loss_bbox: 0.1300, loss: 0.3035
2025-11-19 02:14:46,398 - mmdet - INFO - Exp name: faster_rcnn_r50_fpn_1x_coco_freqfusion_10cls.py
2025-11-19 02:14:46,398 - mmdet - INFO - Epoch [1][6000/16221]	lr: 2.500e-03, eta: 1 day, 17:34:14, time: 0.530, data_time: 0.004, memory: 5512, loss_rpn_cls: 0.0274, loss_rpn_bbox: 0.0257, loss_cls: 0.1131, acc: 96.6250, loss_bbox: 0.1226, loss: 0.2887
2025-11-19 02:15:13,151 - mmdet - INFO - Epoch [1][6050/16221]	lr: 2.500e-03, eta: 1 day, 17:26:52, time: 0.535, data_time: 0.004, memory: 5512, loss_rpn_cls: 0.0423, loss_rpn_bbox: 0.0264, loss_cls: 0.1460, acc: 95.5000, loss_bbox: 0.1541, loss: 0.3689
2025-11-19 02:15:39,234 - mmdet - INFO - Epoch [1][6100/16221]	lr: 2.500e-03, eta: 1 day, 17:19:16, time: 0.522, data_time: 0.004, memory: 5512, loss_rpn_cls: 0.0290, loss_rpn_bbox: 0.0216, loss_cls: 0.1083, acc: 96.8535, loss_bbox: 0.1077, loss: 0.2667
2025-11-19 02:16:05,057 - mmdet - INFO - Epoch [1][6150/16221]	lr: 2.500e-03, eta: 1 day, 17:11:39, time: 0.516, data_time: 0.004, memory: 5512, loss_rpn_cls: 0.0388, loss_rpn_bbox: 0.0233, loss_cls: 0.1383, acc: 96.1074, loss_bbox: 0.1264, loss: 0.3268
2025-11-19 02:16:30,930 - mmdet - INFO - Epoch [1][6200/16221]	lr: 2.500e-03, eta: 1 day, 17:04:10, time: 0.517, data_time: 0.004, memory: 5512, loss_rpn_cls: 0.0453, loss_rpn_bbox: 0.0280, loss_cls: 0.1357, acc: 96.2305, loss_bbox: 0.1298, loss: 0.3387
2025-11-19 02:16:56,975 - mmdet - INFO - Epoch [1][6250/16221]	lr: 2.500e-03, eta: 1 day, 16:56:53, time: 0.521, data_time: 0.005, memory: 5512, loss_rpn_cls: 0.0263, loss_rpn_bbox: 0.0179, loss_cls: 0.1295, acc: 96.2305, loss_bbox: 0.1282, loss: 0.3019
2025-11-19 02:17:23,506 - mmdet - INFO - Epoch [1][6300/16221]	lr: 2.500e-03, eta: 1 day, 16:49:58, time: 0.531, data_time: 0.005, memory: 5512, loss_rpn_cls: 0.0427, loss_rpn_bbox: 0.0279, loss_cls: 0.1399, acc: 95.9629, loss_bbox: 0.1360, loss: 0.3465
2025-11-19 02:17:49,694 - mmdet - INFO - Epoch [1][6350/16221]	lr: 2.500e-03, eta: 1 day, 16:42:58, time: 0.524, data_time: 0.005, memory: 5512, loss_rpn_cls: 0.0463, loss_rpn_bbox: 0.0244, loss_cls: 0.1339, acc: 96.0918, loss_bbox: 0.1374, loss: 0.3420
2025-11-19 02:18:16,092 - mmdet - INFO - Epoch [1][6400/16221]	lr: 2.500e-03, eta: 1 day, 16:36:11, time: 0.528, data_time: 0.004, memory: 5512, loss_rpn_cls: 0.0562, loss_rpn_bbox: 0.0289, loss_cls: 0.1193, acc: 96.5605, loss_bbox: 0.1162, loss: 0.3207
2025-11-19 02:18:41,921 - mmdet - INFO - Epoch [1][6450/16221]	lr: 2.500e-03, eta: 1 day, 16:29:13, time: 0.517, data_time: 0.004, memory: 5512, loss_rpn_cls: 0.0310, loss_rpn_bbox: 0.0188, loss_cls: 0.1363, acc: 96.1582, loss_bbox: 0.1363, loss: 0.3224
2025-11-19 02:19:08,478 - mmdet - INFO - Epoch [1][6500/16221]	lr: 2.500e-03, eta: 1 day, 16:22:42, time: 0.531, data_time: 0.004, memory: 5512, loss_rpn_cls: 0.0268, loss_rpn_bbox: 0.0199, loss_cls: 0.1296, acc: 96.3965, loss_bbox: 0.1256, loss: 0.3018
2025-11-19 02:19:34,878 - mmdet - INFO - Epoch [1][6550/16221]	lr: 2.500e-03, eta: 1 day, 16:16:12, time: 0.528, data_time: 0.005, memory: 5512, loss_rpn_cls: 0.0278, loss_rpn_bbox: 0.0222, loss_cls: 0.1304, acc: 96.3809, loss_bbox: 0.1172, loss: 0.2975
2025-11-19 02:20:01,341 - mmdet - INFO - Epoch [1][6600/16221]	lr: 2.500e-03, eta: 1 day, 16:09:49, time: 0.529, data_time: 0.004, memory: 5512, loss_rpn_cls: 0.0305, loss_rpn_bbox: 0.0180, loss_cls: 0.1248, acc: 96.4648, loss_bbox: 0.1236, loss: 0.2969
2025-11-19 02:20:29,220 - mmdet - INFO - Epoch [1][6650/16221]	lr: 2.500e-03, eta: 1 day, 16:04:12, time: 0.558, data_time: 0.004, memory: 5512, loss_rpn_cls: 0.0408, loss_rpn_bbox: 0.0235, loss_cls: 0.1288, acc: 96.2246, loss_bbox: 0.1367, loss: 0.3299
2025-11-19 02:20:55,451 - mmdet - INFO - Epoch [1][6700/16221]	lr: 2.500e-03, eta: 1 day, 15:57:54, time: 0.525, data_time: 0.004, memory: 5512, loss_rpn_cls: 0.0489, loss_rpn_bbox: 0.0225, loss_cls: 0.1467, acc: 95.9980, loss_bbox: 0.1363, loss: 0.3543
2025-11-19 02:21:21,724 - mmdet - INFO - Epoch [1][6750/16221]	lr: 2.500e-03, eta: 1 day, 15:51:42, time: 0.526, data_time: 0.004, memory: 5512, loss_rpn_cls: 0.0512, loss_rpn_bbox: 0.0297, loss_cls: 0.1448, acc: 95.9707, loss_bbox: 0.1420, loss: 0.3677
2025-11-19 02:21:48,677 - mmdet - INFO - Epoch [1][6800/16221]	lr: 2.500e-03, eta: 1 day, 15:45:53, time: 0.539, data_time: 0.004, memory: 5512, loss_rpn_cls: 0.0396, loss_rpn_bbox: 0.0238, loss_cls: 0.1203, acc: 96.7363, loss_bbox: 0.1056, loss: 0.2894
2025-11-19 02:22:15,863 - mmdet - INFO - Epoch [1][6850/16221]	lr: 2.500e-03, eta: 1 day, 15:40:16, time: 0.544, data_time: 0.004, memory: 5512, loss_rpn_cls: 0.0372, loss_rpn_bbox: 0.0213, loss_cls: 0.1297, acc: 96.3047, loss_bbox: 0.1309, loss: 0.3191
2025-11-19 02:22:43,779 - mmdet - INFO - Epoch [1][6900/16221]	lr: 2.500e-03, eta: 1 day, 15:35:02, time: 0.558, data_time: 0.005, memory: 5512, loss_rpn_cls: 0.0343, loss_rpn_bbox: 0.0273, loss_cls: 0.1445, acc: 96.2773, loss_bbox: 0.1301, loss: 0.3362
2025-11-19 02:23:10,172 - mmdet - INFO - Epoch [1][6950/16221]	lr: 2.500e-03, eta: 1 day, 15:29:12, time: 0.528, data_time: 0.004, memory: 5512, loss_rpn_cls: 0.0344, loss_rpn_bbox: 0.0229, loss_cls: 0.1160, acc: 96.8574, loss_bbox: 0.1072, loss: 0.2805
2025-11-19 02:23:36,089 - mmdet - INFO - Exp name: faster_rcnn_r50_fpn_1x_coco_freqfusion_10cls.py
2025-11-19 02:23:36,089 - mmdet - INFO - Epoch [1][7000/16221]	lr: 2.500e-03, eta: 1 day, 15:23:14, time: 0.519, data_time: 0.005, memory: 5512, loss_rpn_cls: 0.0388, loss_rpn_bbox: 0.0283, loss_cls: 0.1299, acc: 96.2930, loss_bbox: 0.1342, loss: 0.3312
2025-11-19 02:24:02,360 - mmdet - INFO - Epoch [1][7050/16221]	lr: 2.500e-03, eta: 1 day, 15:17:30, time: 0.525, data_time: 0.004, memory: 5512, loss_rpn_cls: 0.0318, loss_rpn_bbox: 0.0231, loss_cls: 0.1192, acc: 96.4102, loss_bbox: 0.1255, loss: 0.2997
2025-11-19 02:24:28,674 - mmdet - INFO - Epoch [1][7100/16221]	lr: 2.500e-03, eta: 1 day, 15:11:51, time: 0.526, data_time: 0.004, memory: 5512, loss_rpn_cls: 0.0449, loss_rpn_bbox: 0.0303, loss_cls: 0.1798, acc: 94.6660, loss_bbox: 0.1784, loss: 0.4334
2025-11-19 02:24:54,678 - mmdet - INFO - Epoch [1][7150/16221]	lr: 2.500e-03, eta: 1 day, 15:06:10, time: 0.520, data_time: 0.004, memory: 5512, loss_rpn_cls: 0.0310, loss_rpn_bbox: 0.0165, loss_cls: 0.1312, acc: 96.3223, loss_bbox: 0.1255, loss: 0.3041
2025-11-19 02:25:21,066 - mmdet - INFO - Epoch [1][7200/16221]	lr: 2.500e-03, eta: 1 day, 15:00:41, time: 0.528, data_time: 0.004, memory: 5512, loss_rpn_cls: 0.0375, loss_rpn_bbox: 0.0236, loss_cls: 0.1169, acc: 96.6602, loss_bbox: 0.1170, loss: 0.2951
2025-11-19 02:25:47,975 - mmdet - INFO - Epoch [1][7250/16221]	lr: 2.500e-03, eta: 1 day, 14:55:31, time: 0.538, data_time: 0.005, memory: 5512, loss_rpn_cls: 0.0288, loss_rpn_bbox: 0.0218, loss_cls: 0.1144, acc: 96.5664, loss_bbox: 0.1201, loss: 0.2852
2025-11-19 02:26:16,158 - mmdet - INFO - Epoch [1][7300/16221]	lr: 2.500e-03, eta: 1 day, 14:50:58, time: 0.564, data_time: 0.005, memory: 5512, loss_rpn_cls: 0.0331, loss_rpn_bbox: 0.0247, loss_cls: 0.1428, acc: 96.0117, loss_bbox: 0.1349, loss: 0.3355
2025-11-19 02:26:42,171 - mmdet - INFO - Epoch [1][7350/16221]	lr: 2.500e-03, eta: 1 day, 14:45:32, time: 0.520, data_time: 0.005, memory: 5512, loss_rpn_cls: 0.0334, loss_rpn_bbox: 0.0221, loss_cls: 0.1393, acc: 95.9238, loss_bbox: 0.1481, loss: 0.3428
2025-11-19 02:27:08,614 - mmdet - INFO - Epoch [1][7400/16221]	lr: 2.500e-03, eta: 1 day, 14:40:21, time: 0.529, data_time: 0.004, memory: 5512, loss_rpn_cls: 0.0302, loss_rpn_bbox: 0.0251, loss_cls: 0.1390, acc: 96.2168, loss_bbox: 0.1392, loss: 0.3334
2025-11-19 02:27:34,887 - mmdet - INFO - Epoch [1][7450/16221]	lr: 2.500e-03, eta: 1 day, 14:35:10, time: 0.526, data_time: 0.005, memory: 5512, loss_rpn_cls: 0.0362, loss_rpn_bbox: 0.0265, loss_cls: 0.1280, acc: 96.2324, loss_bbox: 0.1329, loss: 0.3237
2025-11-19 02:28:02,120 - mmdet - INFO - Epoch [1][7500/16221]	lr: 2.500e-03, eta: 1 day, 14:30:27, time: 0.545, data_time: 0.005, memory: 5512, loss_rpn_cls: 0.0426, loss_rpn_bbox: 0.0252, loss_cls: 0.1324, acc: 96.4023, loss_bbox: 0.1247, loss: 0.3248
2025-11-19 02:28:29,147 - mmdet - INFO - Epoch [1][7550/16221]	lr: 2.500e-03, eta: 1 day, 14:25:42, time: 0.540, data_time: 0.004, memory: 5512, loss_rpn_cls: 0.0422, loss_rpn_bbox: 0.0334, loss_cls: 0.1702, acc: 95.1934, loss_bbox: 0.1719, loss: 0.4176
2025-11-19 02:28:55,156 - mmdet - INFO - Epoch [1][7600/16221]	lr: 2.500e-03, eta: 1 day, 14:20:35, time: 0.520, data_time: 0.004, memory: 5512, loss_rpn_cls: 0.0390, loss_rpn_bbox: 0.0207, loss_cls: 0.1328, acc: 96.2793, loss_bbox: 0.1315, loss: 0.3241
2025-11-19 02:29:22,339 - mmdet - INFO - Epoch [1][7650/16221]	lr: 2.500e-03, eta: 1 day, 14:16:01, time: 0.543, data_time: 0.004, memory: 5512, loss_rpn_cls: 0.0335, loss_rpn_bbox: 0.0191, loss_cls: 0.1235, acc: 96.2695, loss_bbox: 0.1231, loss: 0.2991
2025-11-19 02:29:49,893 - mmdet - INFO - Epoch [1][7700/16221]	lr: 2.500e-03, eta: 1 day, 14:11:39, time: 0.551, data_time: 0.004, memory: 5512, loss_rpn_cls: 0.0344, loss_rpn_bbox: 0.0249, loss_cls: 0.1261, acc: 96.1660, loss_bbox: 0.1351, loss: 0.3204
2025-11-19 02:30:16,076 - mmdet - INFO - Epoch [1][7750/16221]	lr: 2.500e-03, eta: 1 day, 14:06:47, time: 0.524, data_time: 0.004, memory: 5512, loss_rpn_cls: 0.0319, loss_rpn_bbox: 0.0250, loss_cls: 0.1173, acc: 96.4219, loss_bbox: 0.1251, loss: 0.2993
2025-11-19 02:30:42,119 - mmdet - INFO - Epoch [1][7800/16221]	lr: 2.500e-03, eta: 1 day, 14:01:54, time: 0.521, data_time: 0.004, memory: 5512, loss_rpn_cls: 0.0289, loss_rpn_bbox: 0.0188, loss_cls: 0.1067, acc: 96.9922, loss_bbox: 0.1008, loss: 0.2551
2025-11-19 02:31:13,546 - mmdet - INFO - Epoch [1][7850/16221]	lr: 2.500e-03, eta: 1 day, 13:59:11, time: 0.626, data_time: 0.004, memory: 5512, loss_rpn_cls: 0.0301, loss_rpn_bbox: 0.0208, loss_cls: 0.1222, acc: 96.2031, loss_bbox: 0.1261, loss: 0.2991
2025-11-19 02:32:08,209 - mmdet - INFO - Epoch [1][7900/16221]	lr: 2.500e-03, eta: 1 day, 14:05:44, time: 1.095, data_time: 0.008, memory: 5512, loss_rpn_cls: 0.0367, loss_rpn_bbox: 0.0279, loss_cls: 0.1167, acc: 96.5859, loss_bbox: 0.1120, loss: 0.2933
2025-11-19 02:32:50,923 - mmdet - INFO - Epoch [1][7950/16221]	lr: 2.500e-03, eta: 1 day, 14:07:23, time: 0.851, data_time: 0.006, memory: 5512, loss_rpn_cls: 0.0583, loss_rpn_bbox: 0.0344, loss_cls: 0.1544, acc: 95.4688, loss_bbox: 0.1553, loss: 0.4024
2025-11-19 02:33:50,831 - mmdet - INFO - Exp name: faster_rcnn_r50_fpn_1x_coco_freqfusion_10cls.py
2025-11-19 02:33:50,832 - mmdet - INFO - Epoch [1][8000/16221]	lr: 2.500e-03, eta: 1 day, 14:15:50, time: 1.201, data_time: 0.010, memory: 5512, loss_rpn_cls: 0.0488, loss_rpn_bbox: 0.0293, loss_cls: 0.1600, acc: 95.5469, loss_bbox: 0.1536, loss: 0.3917
2025-11-19 02:34:44,630 - mmdet - INFO - Epoch [1][8050/16221]	lr: 2.500e-03, eta: 1 day, 14:21:46, time: 1.077, data_time: 0.007, memory: 5512, loss_rpn_cls: 0.0262, loss_rpn_bbox: 0.0178, loss_cls: 0.1243, acc: 96.2930, loss_bbox: 0.1302, loss: 0.2985
2025-11-19 02:35:18,228 - mmdet - INFO - Epoch [1][8100/16221]	lr: 2.500e-03, eta: 1 day, 14:19:51, time: 0.672, data_time: 0.005, memory: 5512, loss_rpn_cls: 0.0244, loss_rpn_bbox: 0.0178, loss_cls: 0.1233, acc: 96.1445, loss_bbox: 0.1340, loss: 0.2995
2025-11-19 02:35:55,790 - mmdet - INFO - Epoch [1][8150/16221]	lr: 2.500e-03, eta: 1 day, 14:19:25, time: 0.750, data_time: 0.006, memory: 5512, loss_rpn_cls: 0.0438, loss_rpn_bbox: 0.0263, loss_cls: 0.1305, acc: 96.3047, loss_bbox: 0.1287, loss: 0.3293
2025-11-19 02:36:28,760 - mmdet - INFO - Epoch [1][8200/16221]	lr: 2.500e-03, eta: 1 day, 14:17:19, time: 0.661, data_time: 0.007, memory: 5512, loss_rpn_cls: 0.0431, loss_rpn_bbox: 0.0318, loss_cls: 0.1595, acc: 95.3652, loss_bbox: 0.1640, loss: 0.3984
2025-11-19 02:37:19,434 - mmdet - INFO - Epoch [1][8250/16221]	lr: 2.500e-03, eta: 1 day, 14:21:51, time: 1.014, data_time: 0.006, memory: 5512, loss_rpn_cls: 0.0410, loss_rpn_bbox: 0.0250, loss_cls: 0.1509, acc: 95.5547, loss_bbox: 0.1606, loss: 0.3775
2025-11-19 02:37:53,909 - mmdet - INFO - Epoch [1][8300/16221]	lr: 2.500e-03, eta: 1 day, 14:20:16, time: 0.689, data_time: 0.006, memory: 5512, loss_rpn_cls: 0.0472, loss_rpn_bbox: 0.0249, loss_cls: 0.1412, acc: 96.0195, loss_bbox: 0.1381, loss: 0.3515
2025-11-19 02:38:30,210 - mmdet - INFO - Epoch [1][8350/16221]	lr: 2.500e-03, eta: 1 day, 14:19:23, time: 0.726, data_time: 0.006, memory: 5512, loss_rpn_cls: 0.0484, loss_rpn_bbox: 0.0271, loss_cls: 0.1095, acc: 96.8125, loss_bbox: 0.1193, loss: 0.3043
2025-11-19 02:39:02,667 - mmdet - INFO - Epoch [1][8400/16221]	lr: 2.500e-03, eta: 1 day, 14:17:05, time: 0.649, data_time: 0.006, memory: 5512, loss_rpn_cls: 0.0380, loss_rpn_bbox: 0.0197, loss_cls: 0.1135, acc: 96.6348, loss_bbox: 0.1151, loss: 0.2863
2025-11-19 02:39:34,536 - mmdet - INFO - Epoch [1][8450/16221]	lr: 2.500e-03, eta: 1 day, 14:14:35, time: 0.638, data_time: 0.006, memory: 5512, loss_rpn_cls: 0.0400, loss_rpn_bbox: 0.0287, loss_cls: 0.1206, acc: 96.5566, loss_bbox: 0.1140, loss: 0.3033
2025-11-19 02:40:12,712 - mmdet - INFO - Epoch [1][8500/16221]	lr: 2.500e-03, eta: 1 day, 14:14:24, time: 0.763, data_time: 0.005, memory: 5512, loss_rpn_cls: 0.0416, loss_rpn_bbox: 0.0260, loss_cls: 0.1324, acc: 95.9648, loss_bbox: 0.1473, loss: 0.3473
2025-11-19 02:40:49,568 - mmdet - INFO - Epoch [1][8550/16221]	lr: 2.500e-03, eta: 1 day, 14:13:44, time: 0.737, data_time: 0.006, memory: 5512, loss_rpn_cls: 0.0394, loss_rpn_bbox: 0.0192, loss_cls: 0.1142, acc: 96.3867, loss_bbox: 0.1298, loss: 0.3026
2025-11-19 02:41:29,924 - mmdet - INFO - Epoch [1][8600/16221]	lr: 2.500e-03, eta: 1 day, 14:14:19, time: 0.805, data_time: 0.006, memory: 5512, loss_rpn_cls: 0.0342, loss_rpn_bbox: 0.0210, loss_cls: 0.1484, acc: 95.7422, loss_bbox: 0.1391, loss: 0.3428
2025-11-19 02:42:08,446 - mmdet - INFO - Epoch [1][8650/16221]	lr: 2.500e-03, eta: 1 day, 14:14:17, time: 0.773, data_time: 0.008, memory: 5512, loss_rpn_cls: 0.0325, loss_rpn_bbox: 0.0186, loss_cls: 0.1347, acc: 96.0566, loss_bbox: 0.1362, loss: 0.3221
2025-11-19 02:42:44,738 - mmdet - INFO - Epoch [1][8700/16221]	lr: 2.500e-03, eta: 1 day, 14:13:24, time: 0.726, data_time: 0.006, memory: 5512, loss_rpn_cls: 0.0350, loss_rpn_bbox: 0.0205, loss_cls: 0.1260, acc: 96.0684, loss_bbox: 0.1394, loss: 0.3209
2025-11-19 02:43:21,587 - mmdet - INFO - Epoch [1][8750/16221]	lr: 2.500e-03, eta: 1 day, 14:12:44, time: 0.737, data_time: 0.006, memory: 5512, loss_rpn_cls: 0.0266, loss_rpn_bbox: 0.0178, loss_cls: 0.1143, acc: 96.7051, loss_bbox: 0.1224, loss: 0.2811
2025-11-19 02:44:19,219 - mmdet - INFO - Epoch [1][8800/16221]	lr: 2.500e-03, eta: 1 day, 14:19:23, time: 1.153, data_time: 0.006, memory: 5512, loss_rpn_cls: 0.0287, loss_rpn_bbox: 0.0174, loss_cls: 0.1385, acc: 96.1992, loss_bbox: 0.1275, loss: 0.3122
2025-11-19 02:45:09,486 - mmdet - INFO - Epoch [1][8850/16221]	lr: 2.500e-03, eta: 1 day, 14:23:22, time: 1.005, data_time: 0.006, memory: 5512, loss_rpn_cls: 0.0295, loss_rpn_bbox: 0.0210, loss_cls: 0.1223, acc: 96.2988, loss_bbox: 0.1238, loss: 0.2967
2025-11-19 02:46:16,795 - mmdet - INFO - Epoch [1][8900/16221]	lr: 2.500e-03, eta: 1 day, 14:33:12, time: 1.345, data_time: 0.006, memory: 5512, loss_rpn_cls: 0.0311, loss_rpn_bbox: 0.0288, loss_cls: 0.1271, acc: 96.0820, loss_bbox: 0.1376, loss: 0.3246
2025-11-19 02:47:07,676 - mmdet - INFO - Epoch [1][8950/16221]	lr: 2.500e-03, eta: 1 day, 14:37:15, time: 1.018, data_time: 0.007, memory: 5512, loss_rpn_cls: 0.0382, loss_rpn_bbox: 0.0256, loss_cls: 0.1137, acc: 96.5117, loss_bbox: 0.1230, loss: 0.3004
2025-11-19 02:47:50,028 - mmdet - INFO - Exp name: faster_rcnn_r50_fpn_1x_coco_freqfusion_10cls.py
2025-11-19 02:47:50,028 - mmdet - INFO - Epoch [1][9000/16221]	lr: 2.500e-03, eta: 1 day, 14:38:20, time: 0.847, data_time: 0.007, memory: 5512, loss_rpn_cls: 0.0424, loss_rpn_bbox: 0.0275, loss_cls: 0.1389, acc: 95.7852, loss_bbox: 0.1466, loss: 0.3554
2025-11-19 02:48:28,429 - mmdet - INFO - Epoch [1][9050/16221]	lr: 2.500e-03, eta: 1 day, 14:38:02, time: 0.768, data_time: 0.006, memory: 5512, loss_rpn_cls: 0.0245, loss_rpn_bbox: 0.0178, loss_cls: 0.1300, acc: 95.9727, loss_bbox: 0.1425, loss: 0.3148
2025-11-19 02:49:19,880 - mmdet - INFO - Epoch [1][9100/16221]	lr: 2.500e-03, eta: 1 day, 14:42:10, time: 1.029, data_time: 0.006, memory: 5512, loss_rpn_cls: 0.0263, loss_rpn_bbox: 0.0186, loss_cls: 0.1191, acc: 96.3301, loss_bbox: 0.1386, loss: 0.3026
2025-11-19 02:50:15,867 - mmdet - INFO - Epoch [1][9150/16221]	lr: 2.500e-03, eta: 1 day, 14:47:44, time: 1.118, data_time: 0.006, memory: 5512, loss_rpn_cls: 0.0380, loss_rpn_bbox: 0.0269, loss_cls: 0.1217, acc: 96.2969, loss_bbox: 0.1286, loss: 0.3153
2025-11-19 02:51:09,106 - mmdet - INFO - Epoch [1][9200/16221]	lr: 2.500e-03, eta: 1 day, 14:52:23, time: 1.067, data_time: 0.008, memory: 5512, loss_rpn_cls: 0.0316, loss_rpn_bbox: 0.0234, loss_cls: 0.1198, acc: 96.5762, loss_bbox: 0.1193, loss: 0.2942
2025-11-19 02:52:06,951 - mmdet - INFO - Epoch [1][9250/16221]	lr: 2.500e-03, eta: 1 day, 14:58:27, time: 1.155, data_time: 0.006, memory: 5512, loss_rpn_cls: 0.0268, loss_rpn_bbox: 0.0171, loss_cls: 0.1115, acc: 96.6953, loss_bbox: 0.1187, loss: 0.2741
2025-11-19 02:52:55,704 - mmdet - INFO - Epoch [1][9300/16221]	lr: 2.500e-03, eta: 1 day, 15:01:28, time: 0.977, data_time: 0.007, memory: 5512, loss_rpn_cls: 0.0342, loss_rpn_bbox: 0.0247, loss_cls: 0.1417, acc: 96.0605, loss_bbox: 0.1318, loss: 0.3323
2025-11-19 02:53:31,549 - mmdet - INFO - Epoch [1][9350/16221]	lr: 2.500e-03, eta: 1 day, 15:00:09, time: 0.717, data_time: 0.006, memory: 5512, loss_rpn_cls: 0.0376, loss_rpn_bbox: 0.0252, loss_cls: 0.1260, acc: 96.2637, loss_bbox: 0.1232, loss: 0.3121
2025-11-19 02:54:08,981 - mmdet - INFO - Epoch [1][9400/16221]	lr: 2.500e-03, eta: 1 day, 14:59:22, time: 0.749, data_time: 0.006, memory: 5512, loss_rpn_cls: 0.0354, loss_rpn_bbox: 0.0293, loss_cls: 0.1240, acc: 96.0859, loss_bbox: 0.1455, loss: 0.3343
2025-11-19 02:54:48,550 - mmdet - INFO - Epoch [1][9450/16221]	lr: 2.500e-03, eta: 1 day, 14:59:18, time: 0.792, data_time: 0.006, memory: 5512, loss_rpn_cls: 0.0341, loss_rpn_bbox: 0.0304, loss_cls: 0.1279, acc: 96.1621, loss_bbox: 0.1311, loss: 0.3235
2025-11-19 02:55:30,173 - mmdet - INFO - Epoch [1][9500/16221]	lr: 2.500e-03, eta: 1 day, 14:59:52, time: 0.832, data_time: 0.006, memory: 5512, loss_rpn_cls: 0.0242, loss_rpn_bbox: 0.0166, loss_cls: 0.1185, acc: 96.3359, loss_bbox: 0.1279, loss: 0.2872
2025-11-19 02:56:12,737 - mmdet - INFO - Epoch [1][9550/16221]	lr: 2.500e-03, eta: 1 day, 15:00:44, time: 0.851, data_time: 0.006, memory: 5512, loss_rpn_cls: 0.0392, loss_rpn_bbox: 0.0244, loss_cls: 0.1416, acc: 95.3613, loss_bbox: 0.1610, loss: 0.3662
2025-11-19 02:57:06,272 - mmdet - INFO - Epoch [1][9600/16221]	lr: 2.500e-03, eta: 1 day, 15:05:06, time: 1.070, data_time: 0.007, memory: 5512, loss_rpn_cls: 0.0262, loss_rpn_bbox: 0.0190, loss_cls: 0.1210, acc: 96.2480, loss_bbox: 0.1359, loss: 0.3021
2025-11-19 02:58:02,712 - mmdet - INFO - Epoch [1][9650/16221]	lr: 2.500e-03, eta: 1 day, 15:10:23, time: 1.131, data_time: 0.008, memory: 5512, loss_rpn_cls: 0.0301, loss_rpn_bbox: 0.0205, loss_cls: 0.1362, acc: 96.0020, loss_bbox: 0.1372, loss: 0.3240
2025-11-19 02:58:52,196 - mmdet - INFO - Epoch [1][9700/16221]	lr: 2.500e-03, eta: 1 day, 15:13:21, time: 0.989, data_time: 0.006, memory: 5512, loss_rpn_cls: 0.0287, loss_rpn_bbox: 0.0199, loss_cls: 0.1527, acc: 95.8223, loss_bbox: 0.1491, loss: 0.3503
2025-11-19 03:00:34,759 - mmdet - INFO - Epoch [1][9750/16221]	lr: 2.500e-03, eta: 1 day, 15:32:57, time: 2.044, data_time: 0.005, memory: 5512, loss_rpn_cls: 0.0380, loss_rpn_bbox: 0.0282, loss_cls: 0.1358, acc: 95.9512, loss_bbox: 0.1375, loss: 0.3394
2025-11-19 03:02:04,851 - mmdet - INFO - Epoch [1][9800/16221]	lr: 2.500e-03, eta: 1 day, 15:48:38, time: 1.809, data_time: 0.014, memory: 5512, loss_rpn_cls: 0.0293, loss_rpn_bbox: 0.0230, loss_cls: 0.1347, acc: 95.9160, loss_bbox: 0.1474, loss: 0.3344
2025-11-19 03:02:55,692 - mmdet - INFO - Epoch [1][9850/16221]	lr: 2.500e-03, eta: 1 day, 15:51:46, time: 1.017, data_time: 0.006, memory: 5512, loss_rpn_cls: 0.0281, loss_rpn_bbox: 0.0242, loss_cls: 0.1158, acc: 96.2773, loss_bbox: 0.1379, loss: 0.3060
2025-11-19 03:03:35,766 - mmdet - INFO - Epoch [1][9900/16221]	lr: 2.500e-03, eta: 1 day, 15:51:31, time: 0.803, data_time: 0.006, memory: 5512, loss_rpn_cls: 0.0281, loss_rpn_bbox: 0.0206, loss_cls: 0.1132, acc: 96.5176, loss_bbox: 0.1170, loss: 0.2790
2025-11-19 03:04:33,872 - mmdet - INFO - Epoch [1][9950/16221]	lr: 2.500e-03, eta: 1 day, 15:56:50, time: 1.162, data_time: 0.005, memory: 5512, loss_rpn_cls: 0.0349, loss_rpn_bbox: 0.0263, loss_cls: 0.1523, acc: 95.3633, loss_bbox: 0.1556, loss: 0.3691
2025-11-19 03:04:58,090 - mmdet - INFO - Exp name: faster_rcnn_r50_fpn_1x_coco_freqfusion_10cls.py
2025-11-19 03:04:58,090 - mmdet - INFO - Epoch [1][10000/16221]	lr: 2.500e-03, eta: 1 day, 15:51:40, time: 0.484, data_time: 0.004, memory: 5512, loss_rpn_cls: 0.0360, loss_rpn_bbox: 0.0200, loss_cls: 0.1275, acc: 96.1035, loss_bbox: 0.1320, loss: 0.3154
2025-11-19 03:05:22,831 - mmdet - INFO - Epoch [1][10050/16221]	lr: 2.500e-03, eta: 1 day, 15:46:41, time: 0.495, data_time: 0.004, memory: 5512, loss_rpn_cls: 0.0347, loss_rpn_bbox: 0.0186, loss_cls: 0.1236, acc: 96.4375, loss_bbox: 0.1152, loss: 0.2922
2025-11-19 03:05:47,657 - mmdet - INFO - Epoch [1][10100/16221]	lr: 2.500e-03, eta: 1 day, 15:41:47, time: 0.497, data_time: 0.004, memory: 5512, loss_rpn_cls: 0.0332, loss_rpn_bbox: 0.0262, loss_cls: 0.1244, acc: 96.2559, loss_bbox: 0.1386, loss: 0.3223
2025-11-19 03:06:12,684 - mmdet - INFO - Epoch [1][10150/16221]	lr: 2.500e-03, eta: 1 day, 15:37:00, time: 0.501, data_time: 0.004, memory: 5512, loss_rpn_cls: 0.0307, loss_rpn_bbox: 0.0245, loss_cls: 0.1398, acc: 95.5879, loss_bbox: 0.1563, loss: 0.3513
2025-11-19 03:06:37,301 - mmdet - INFO - Epoch [1][10200/16221]	lr: 2.500e-03, eta: 1 day, 15:32:07, time: 0.492, data_time: 0.004, memory: 5512, loss_rpn_cls: 0.0272, loss_rpn_bbox: 0.0232, loss_cls: 0.1337, acc: 95.8301, loss_bbox: 0.1498, loss: 0.3340
2025-11-19 03:07:01,895 - mmdet - INFO - Epoch [1][10250/16221]	lr: 2.500e-03, eta: 1 day, 15:27:17, time: 0.492, data_time: 0.004, memory: 5512, loss_rpn_cls: 0.0326, loss_rpn_bbox: 0.0255, loss_cls: 0.1066, acc: 96.6270, loss_bbox: 0.1132, loss: 0.2780
2025-11-19 03:07:26,555 - mmdet - INFO - Epoch [1][10300/16221]	lr: 2.500e-03, eta: 1 day, 15:22:31, time: 0.493, data_time: 0.005, memory: 5512, loss_rpn_cls: 0.0283, loss_rpn_bbox: 0.0206, loss_cls: 0.1361, acc: 95.9668, loss_bbox: 0.1401, loss: 0.3251
2025-11-19 03:07:51,430 - mmdet - INFO - Epoch [1][10350/16221]	lr: 2.500e-03, eta: 1 day, 15:17:51, time: 0.498, data_time: 0.005, memory: 5512, loss_rpn_cls: 0.0388, loss_rpn_bbox: 0.0286, loss_cls: 0.1282, acc: 96.2422, loss_bbox: 0.1328, loss: 0.3285
2025-11-19 03:08:15,949 - mmdet - INFO - Epoch [1][10400/16221]	lr: 2.500e-03, eta: 1 day, 15:13:07, time: 0.490, data_time: 0.002, memory: 5512, loss_rpn_cls: 0.0628, loss_rpn_bbox: 0.0326, loss_cls: 0.1372, acc: 95.9023, loss_bbox: 0.1514, loss: 0.3840
2025-11-19 03:08:40,710 - mmdet - INFO - Epoch [1][10450/16221]	lr: 2.500e-03, eta: 1 day, 15:08:29, time: 0.495, data_time: 0.005, memory: 5512, loss_rpn_cls: 0.0320, loss_rpn_bbox: 0.0222, loss_cls: 0.1161, acc: 96.4883, loss_bbox: 0.1157, loss: 0.2860
2025-11-19 03:09:05,788 - mmdet - INFO - Epoch [1][10500/16221]	lr: 2.500e-03, eta: 1 day, 15:04:00, time: 0.502, data_time: 0.004, memory: 5512, loss_rpn_cls: 0.0484, loss_rpn_bbox: 0.0289, loss_cls: 0.1463, acc: 96.1230, loss_bbox: 0.1332, loss: 0.3568
2025-11-19 03:09:31,182 - mmdet - INFO - Epoch [1][10550/16221]	lr: 2.500e-03, eta: 1 day, 14:59:39, time: 0.508, data_time: 0.003, memory: 5512, loss_rpn_cls: 0.0278, loss_rpn_bbox: 0.0227, loss_cls: 0.1142, acc: 96.6133, loss_bbox: 0.1184, loss: 0.2831
2025-11-19 03:09:55,718 - mmdet - INFO - Epoch [1][10600/16221]	lr: 2.500e-03, eta: 1 day, 14:55:05, time: 0.491, data_time: 0.003, memory: 5512, loss_rpn_cls: 0.0230, loss_rpn_bbox: 0.0203, loss_cls: 0.1212, acc: 96.2480, loss_bbox: 0.1332, loss: 0.2977
2025-11-19 03:10:20,587 - mmdet - INFO - Epoch [1][10650/16221]	lr: 2.500e-03, eta: 1 day, 14:50:39, time: 0.497, data_time: 0.002, memory: 5512, loss_rpn_cls: 0.0359, loss_rpn_bbox: 0.0205, loss_cls: 0.1512, acc: 95.2070, loss_bbox: 0.1676, loss: 0.3752
2025-11-19 03:10:45,375 - mmdet - INFO - Epoch [1][10700/16221]	lr: 2.500e-03, eta: 1 day, 14:46:14, time: 0.496, data_time: 0.002, memory: 5512, loss_rpn_cls: 0.0235, loss_rpn_bbox: 0.0189, loss_cls: 0.1261, acc: 96.0449, loss_bbox: 0.1450, loss: 0.3136
2025-11-19 03:11:09,684 - mmdet - INFO - Epoch [1][10750/16221]	lr: 2.500e-03, eta: 1 day, 14:41:43, time: 0.486, data_time: 0.001, memory: 5512, loss_rpn_cls: 0.0273, loss_rpn_bbox: 0.0154, loss_cls: 0.1253, acc: 96.2266, loss_bbox: 0.1285, loss: 0.2965
2025-11-19 03:11:34,448 - mmdet - INFO - Epoch [1][10800/16221]	lr: 2.500e-03, eta: 1 day, 14:37:21, time: 0.495, data_time: 0.004, memory: 5512, loss_rpn_cls: 0.0381, loss_rpn_bbox: 0.0242, loss_cls: 0.1298, acc: 96.2480, loss_bbox: 0.1331, loss: 0.3252
2025-11-19 03:11:59,289 - mmdet - INFO - Epoch [1][10850/16221]	lr: 2.500e-03, eta: 1 day, 14:33:04, time: 0.497, data_time: 0.002, memory: 5512, loss_rpn_cls: 0.0408, loss_rpn_bbox: 0.0303, loss_cls: 0.1322, acc: 95.8809, loss_bbox: 0.1411, loss: 0.3444
2025-11-19 03:12:23,751 - mmdet - INFO - Epoch [1][10900/16221]	lr: 2.500e-03, eta: 1 day, 14:28:42, time: 0.489, data_time: 0.003, memory: 5512, loss_rpn_cls: 0.0321, loss_rpn_bbox: 0.0227, loss_cls: 0.1167, acc: 96.4688, loss_bbox: 0.1185, loss: 0.2900
2025-11-19 03:12:48,586 - mmdet - INFO - Epoch [1][10950/16221]	lr: 2.500e-03, eta: 1 day, 14:24:29, time: 0.497, data_time: 0.001, memory: 5512, loss_rpn_cls: 0.0355, loss_rpn_bbox: 0.0226, loss_cls: 0.1432, acc: 95.4609, loss_bbox: 0.1522, loss: 0.3534
2025-11-19 03:13:13,120 - mmdet - INFO - Exp name: faster_rcnn_r50_fpn_1x_coco_freqfusion_10cls.py
2025-11-19 03:13:13,120 - mmdet - INFO - Epoch [1][11000/16221]	lr: 2.500e-03, eta: 1 day, 14:20:12, time: 0.490, data_time: 0.004, memory: 5512, loss_rpn_cls: 0.0311, loss_rpn_bbox: 0.0256, loss_cls: 0.1337, acc: 95.9629, loss_bbox: 0.1353, loss: 0.3257
2025-11-19 03:13:37,981 - mmdet - INFO - Epoch [1][11050/16221]	lr: 2.500e-03, eta: 1 day, 14:16:04, time: 0.497, data_time: 0.004, memory: 5512, loss_rpn_cls: 0.0334, loss_rpn_bbox: 0.0175, loss_cls: 0.1388, acc: 95.9570, loss_bbox: 0.1367, loss: 0.3264
2025-11-19 03:14:02,554 - mmdet - INFO - Epoch [1][11100/16221]	lr: 2.500e-03, eta: 1 day, 14:11:52, time: 0.492, data_time: 0.003, memory: 5512, loss_rpn_cls: 0.0285, loss_rpn_bbox: 0.0165, loss_cls: 0.1102, acc: 96.8262, loss_bbox: 0.1076, loss: 0.2628
2025-11-19 03:14:27,369 - mmdet - INFO - Epoch [1][11150/16221]	lr: 2.500e-03, eta: 1 day, 14:07:46, time: 0.496, data_time: 0.002, memory: 5512, loss_rpn_cls: 0.0384, loss_rpn_bbox: 0.0261, loss_cls: 0.1253, acc: 95.7344, loss_bbox: 0.1449, loss: 0.3346
2025-11-19 03:14:52,048 - mmdet - INFO - Epoch [1][11200/16221]	lr: 2.500e-03, eta: 1 day, 14:03:41, time: 0.494, data_time: 0.003, memory: 5512, loss_rpn_cls: 0.0326, loss_rpn_bbox: 0.0243, loss_cls: 0.1035, acc: 96.7500, loss_bbox: 0.1086, loss: 0.2690
2025-11-19 03:15:17,159 - mmdet - INFO - Epoch [1][11250/16221]	lr: 2.500e-03, eta: 1 day, 13:59:44, time: 0.502, data_time: 0.003, memory: 5512, loss_rpn_cls: 0.0320, loss_rpn_bbox: 0.0198, loss_cls: 0.0998, acc: 97.0410, loss_bbox: 0.1051, loss: 0.2567
2025-11-19 03:15:42,183 - mmdet - INFO - Epoch [1][11300/16221]	lr: 2.500e-03, eta: 1 day, 13:55:48, time: 0.501, data_time: 0.002, memory: 5512, loss_rpn_cls: 0.0335, loss_rpn_bbox: 0.0255, loss_cls: 0.1344, acc: 95.8867, loss_bbox: 0.1478, loss: 0.3412
2025-11-19 03:16:07,304 - mmdet - INFO - Epoch [1][11350/16221]	lr: 2.500e-03, eta: 1 day, 13:51:55, time: 0.502, data_time: 0.002, memory: 5512, loss_rpn_cls: 0.0250, loss_rpn_bbox: 0.0187, loss_cls: 0.1174, acc: 96.3008, loss_bbox: 0.1285, loss: 0.2897
2025-11-19 03:16:32,205 - mmdet - INFO - Epoch [1][11400/16221]	lr: 2.500e-03, eta: 1 day, 13:48:00, time: 0.498, data_time: 0.002, memory: 5512, loss_rpn_cls: 0.0322, loss_rpn_bbox: 0.0248, loss_cls: 0.1156, acc: 96.3457, loss_bbox: 0.1318, loss: 0.3043
2025-11-19 03:16:56,975 - mmdet - INFO - Epoch [1][11450/16221]	lr: 2.500e-03, eta: 1 day, 13:44:05, time: 0.495, data_time: 0.002, memory: 5512, loss_rpn_cls: 0.0285, loss_rpn_bbox: 0.0198, loss_cls: 0.1105, acc: 96.4805, loss_bbox: 0.1246, loss: 0.2834
2025-11-19 03:17:21,810 - mmdet - INFO - Epoch [1][11500/16221]	lr: 2.500e-03, eta: 1 day, 13:40:13, time: 0.497, data_time: 0.001, memory: 5512, loss_rpn_cls: 0.0336, loss_rpn_bbox: 0.0215, loss_cls: 0.1255, acc: 96.0410, loss_bbox: 0.1374, loss: 0.3180
2025-11-19 03:17:46,667 - mmdet - INFO - Epoch [1][11550/16221]	lr: 2.500e-03, eta: 1 day, 13:36:23, time: 0.497, data_time: 0.002, memory: 5512, loss_rpn_cls: 0.0329, loss_rpn_bbox: 0.0220, loss_cls: 0.1277, acc: 95.9941, loss_bbox: 0.1372, loss: 0.3198
2025-11-19 03:18:11,697 - mmdet - INFO - Epoch [1][11600/16221]	lr: 2.500e-03, eta: 1 day, 13:32:38, time: 0.501, data_time: 0.002, memory: 5512, loss_rpn_cls: 0.0331, loss_rpn_bbox: 0.0264, loss_cls: 0.1316, acc: 95.9180, loss_bbox: 0.1471, loss: 0.3383
2025-11-19 03:18:37,042 - mmdet - INFO - Epoch [1][11650/16221]	lr: 2.500e-03, eta: 1 day, 13:28:59, time: 0.507, data_time: 0.001, memory: 5512, loss_rpn_cls: 0.0386, loss_rpn_bbox: 0.0228, loss_cls: 0.1208, acc: 96.3965, loss_bbox: 0.1222, loss: 0.3044
2025-11-19 03:19:01,813 - mmdet - INFO - Epoch [1][11700/16221]	lr: 2.500e-03, eta: 1 day, 13:25:13, time: 0.496, data_time: 0.004, memory: 5512, loss_rpn_cls: 0.0280, loss_rpn_bbox: 0.0223, loss_cls: 0.1215, acc: 96.2773, loss_bbox: 0.1263, loss: 0.2981
2025-11-19 03:19:26,675 - mmdet - INFO - Epoch [1][11750/16221]	lr: 2.500e-03, eta: 1 day, 13:21:30, time: 0.497, data_time: 0.003, memory: 5512, loss_rpn_cls: 0.0277, loss_rpn_bbox: 0.0233, loss_cls: 0.1069, acc: 96.5723, loss_bbox: 0.1163, loss: 0.2742
2025-11-19 03:19:51,453 - mmdet - INFO - Epoch [1][11800/16221]	lr: 2.500e-03, eta: 1 day, 13:17:48, time: 0.496, data_time: 0.001, memory: 5512, loss_rpn_cls: 0.0310, loss_rpn_bbox: 0.0223, loss_cls: 0.1357, acc: 95.5566, loss_bbox: 0.1557, loss: 0.3447
2025-11-19 03:20:16,197 - mmdet - INFO - Epoch [1][11850/16221]	lr: 2.500e-03, eta: 1 day, 13:14:06, time: 0.495, data_time: 0.002, memory: 5512, loss_rpn_cls: 0.0441, loss_rpn_bbox: 0.0239, loss_cls: 0.1301, acc: 96.2461, loss_bbox: 0.1327, loss: 0.3308
2025-11-19 03:20:41,130 - mmdet - INFO - Epoch [1][11900/16221]	lr: 2.500e-03, eta: 1 day, 13:10:29, time: 0.499, data_time: 0.003, memory: 5512, loss_rpn_cls: 0.0263, loss_rpn_bbox: 0.0193, loss_cls: 0.1283, acc: 96.0137, loss_bbox: 0.1382, loss: 0.3121
2025-11-19 03:21:06,116 - mmdet - INFO - Epoch [1][11950/16221]	lr: 2.500e-03, eta: 1 day, 13:06:55, time: 0.500, data_time: 0.003, memory: 5512, loss_rpn_cls: 0.0295, loss_rpn_bbox: 0.0246, loss_cls: 0.1189, acc: 96.3867, loss_bbox: 0.1212, loss: 0.2942
2025-11-19 03:21:30,826 - mmdet - INFO - Exp name: faster_rcnn_r50_fpn_1x_coco_freqfusion_10cls.py
2025-11-19 03:21:30,842 - mmdet - INFO - Epoch [1][12000/16221]	lr: 2.500e-03, eta: 1 day, 13:03:18, time: 0.494, data_time: 0.002, memory: 5512, loss_rpn_cls: 0.0279, loss_rpn_bbox: 0.0205, loss_cls: 0.1414, acc: 95.4766, loss_bbox: 0.1513, loss: 0.3412
2025-11-19 03:21:55,870 - mmdet - INFO - Epoch [1][12050/16221]	lr: 2.500e-03, eta: 1 day, 12:59:48, time: 0.501, data_time: 0.003, memory: 5512, loss_rpn_cls: 0.0303, loss_rpn_bbox: 0.0226, loss_cls: 0.1159, acc: 96.5000, loss_bbox: 0.1240, loss: 0.2927
2025-11-19 03:22:20,718 - mmdet - INFO - Epoch [1][12100/16221]	lr: 2.500e-03, eta: 1 day, 12:56:16, time: 0.497, data_time: 0.002, memory: 5512, loss_rpn_cls: 0.0333, loss_rpn_bbox: 0.0199, loss_cls: 0.1116, acc: 96.5801, loss_bbox: 0.1242, loss: 0.2889
2025-11-19 03:22:45,635 - mmdet - INFO - Epoch [1][12150/16221]	lr: 2.500e-03, eta: 1 day, 12:52:47, time: 0.498, data_time: 0.002, memory: 5512, loss_rpn_cls: 0.0336, loss_rpn_bbox: 0.0232, loss_cls: 0.1161, acc: 96.2969, loss_bbox: 0.1277, loss: 0.3006
2025-11-19 03:23:10,495 - mmdet - INFO - Epoch [1][12200/16221]	lr: 2.500e-03, eta: 1 day, 12:49:18, time: 0.498, data_time: 0.002, memory: 5512, loss_rpn_cls: 0.0382, loss_rpn_bbox: 0.0197, loss_cls: 0.1189, acc: 96.3379, loss_bbox: 0.1259, loss: 0.3027
2025-11-19 03:23:35,070 - mmdet - INFO - Epoch [1][12250/16221]	lr: 2.500e-03, eta: 1 day, 12:45:47, time: 0.491, data_time: 0.002, memory: 5512, loss_rpn_cls: 0.0281, loss_rpn_bbox: 0.0159, loss_cls: 0.1209, acc: 96.2793, loss_bbox: 0.1114, loss: 0.2763
2025-11-19 03:23:59,900 - mmdet - INFO - Epoch [1][12300/16221]	lr: 2.500e-03, eta: 1 day, 12:42:21, time: 0.497, data_time: 0.003, memory: 5512, loss_rpn_cls: 0.0308, loss_rpn_bbox: 0.0248, loss_cls: 0.1372, acc: 95.9609, loss_bbox: 0.1357, loss: 0.3285
2025-11-19 03:24:24,644 - mmdet - INFO - Epoch [1][12350/16221]	lr: 2.500e-03, eta: 1 day, 12:38:55, time: 0.495, data_time: 0.003, memory: 5512, loss_rpn_cls: 0.0218, loss_rpn_bbox: 0.0188, loss_cls: 0.1062, acc: 96.6895, loss_bbox: 0.1142, loss: 0.2609
2025-11-19 03:24:49,378 - mmdet - INFO - Epoch [1][12400/16221]	lr: 2.500e-03, eta: 1 day, 12:35:30, time: 0.494, data_time: 0.002, memory: 5512, loss_rpn_cls: 0.0315, loss_rpn_bbox: 0.0195, loss_cls: 0.1135, acc: 96.6426, loss_bbox: 0.1162, loss: 0.2807
2025-11-19 03:25:14,002 - mmdet - INFO - Epoch [1][12450/16221]	lr: 2.500e-03, eta: 1 day, 12:32:06, time: 0.493, data_time: 0.002, memory: 5512, loss_rpn_cls: 0.0285, loss_rpn_bbox: 0.0192, loss_cls: 0.1212, acc: 96.5879, loss_bbox: 0.1131, loss: 0.2820
2025-11-19 03:25:38,587 - mmdet - INFO - Epoch [1][12500/16221]	lr: 2.500e-03, eta: 1 day, 12:28:42, time: 0.492, data_time: 0.003, memory: 5512, loss_rpn_cls: 0.0372, loss_rpn_bbox: 0.0252, loss_cls: 0.1334, acc: 95.5879, loss_bbox: 0.1602, loss: 0.3560
2025-11-19 03:26:03,287 - mmdet - INFO - Epoch [1][12550/16221]	lr: 2.500e-03, eta: 1 day, 12:25:21, time: 0.494, data_time: 0.002, memory: 5512, loss_rpn_cls: 0.0283, loss_rpn_bbox: 0.0204, loss_cls: 0.1211, acc: 96.3984, loss_bbox: 0.1196, loss: 0.2894
2025-11-19 03:26:28,115 - mmdet - INFO - Epoch [1][12600/16221]	lr: 2.500e-03, eta: 1 day, 12:22:04, time: 0.496, data_time: 0.001, memory: 5512, loss_rpn_cls: 0.0460, loss_rpn_bbox: 0.0281, loss_cls: 0.1317, acc: 96.2227, loss_bbox: 0.1375, loss: 0.3433
2025-11-19 03:26:52,583 - mmdet - INFO - Epoch [1][12650/16221]	lr: 2.500e-03, eta: 1 day, 12:18:43, time: 0.490, data_time: 0.004, memory: 5512, loss_rpn_cls: 0.0288, loss_rpn_bbox: 0.0213, loss_cls: 0.1192, acc: 96.2344, loss_bbox: 0.1349, loss: 0.3042
2025-11-19 03:27:17,208 - mmdet - INFO - Epoch [1][12700/16221]	lr: 2.500e-03, eta: 1 day, 12:15:25, time: 0.492, data_time: 0.002, memory: 5512, loss_rpn_cls: 0.0348, loss_rpn_bbox: 0.0234, loss_cls: 0.1236, acc: 96.2480, loss_bbox: 0.1349, loss: 0.3166
2025-11-19 03:27:41,887 - mmdet - INFO - Epoch [1][12750/16221]	lr: 2.500e-03, eta: 1 day, 12:12:09, time: 0.494, data_time: 0.002, memory: 5512, loss_rpn_cls: 0.0220, loss_rpn_bbox: 0.0198, loss_cls: 0.1263, acc: 96.0449, loss_bbox: 0.1391, loss: 0.3071
2025-11-19 03:28:06,371 - mmdet - INFO - Epoch [1][12800/16221]	lr: 2.500e-03, eta: 1 day, 12:08:52, time: 0.490, data_time: 0.003, memory: 5512, loss_rpn_cls: 0.0250, loss_rpn_bbox: 0.0209, loss_cls: 0.1324, acc: 95.5488, loss_bbox: 0.1489, loss: 0.3271
2025-11-19 03:28:31,226 - mmdet - INFO - Epoch [1][12850/16221]	lr: 2.500e-03, eta: 1 day, 12:05:42, time: 0.497, data_time: 0.003, memory: 5512, loss_rpn_cls: 0.0294, loss_rpn_bbox: 0.0203, loss_cls: 0.1205, acc: 96.0742, loss_bbox: 0.1358, loss: 0.3059
2025-11-19 03:28:55,876 - mmdet - INFO - Epoch [1][12900/16221]	lr: 2.500e-03, eta: 1 day, 12:02:30, time: 0.493, data_time: 0.002, memory: 5512, loss_rpn_cls: 0.0400, loss_rpn_bbox: 0.0254, loss_cls: 0.1231, acc: 96.3555, loss_bbox: 0.1272, loss: 0.3156
2025-11-19 03:29:20,833 - mmdet - INFO - Epoch [1][12950/16221]	lr: 2.500e-03, eta: 1 day, 11:59:24, time: 0.499, data_time: 0.002, memory: 5512, loss_rpn_cls: 0.0293, loss_rpn_bbox: 0.0171, loss_cls: 0.1232, acc: 96.2637, loss_bbox: 0.1271, loss: 0.2966
2025-11-19 03:29:45,109 - mmdet - INFO - Exp name: faster_rcnn_r50_fpn_1x_coco_freqfusion_10cls.py
2025-11-19 03:29:45,109 - mmdet - INFO - Epoch [1][13000/16221]	lr: 2.500e-03, eta: 1 day, 11:56:09, time: 0.486, data_time: 0.002, memory: 5512, loss_rpn_cls: 0.0403, loss_rpn_bbox: 0.0222, loss_cls: 0.1262, acc: 96.3945, loss_bbox: 0.1283, loss: 0.3170
2025-11-19 03:30:09,625 - mmdet - INFO - Epoch [1][13050/16221]	lr: 2.500e-03, eta: 1 day, 11:52:59, time: 0.490, data_time: 0.001, memory: 5512, loss_rpn_cls: 0.0322, loss_rpn_bbox: 0.0200, loss_cls: 0.1259, acc: 95.9043, loss_bbox: 0.1354, loss: 0.3135
2025-11-19 03:30:34,920 - mmdet - INFO - Epoch [1][13100/16221]	lr: 2.500e-03, eta: 1 day, 11:50:01, time: 0.506, data_time: 0.001, memory: 5512, loss_rpn_cls: 0.0253, loss_rpn_bbox: 0.0183, loss_cls: 0.1227, acc: 96.2520, loss_bbox: 0.1310, loss: 0.2973
2025-11-19 03:31:00,039 - mmdet - INFO - Epoch [1][13150/16221]	lr: 2.500e-03, eta: 1 day, 11:47:02, time: 0.503, data_time: 0.002, memory: 5512, loss_rpn_cls: 0.0257, loss_rpn_bbox: 0.0194, loss_cls: 0.1174, acc: 96.3184, loss_bbox: 0.1318, loss: 0.2944
2025-11-19 03:31:25,039 - mmdet - INFO - Epoch [1][13200/16221]	lr: 2.500e-03, eta: 1 day, 11:44:02, time: 0.500, data_time: 0.002, memory: 5512, loss_rpn_cls: 0.0217, loss_rpn_bbox: 0.0154, loss_cls: 0.1312, acc: 96.0645, loss_bbox: 0.1389, loss: 0.3072
2025-11-19 03:31:49,858 - mmdet - INFO - Epoch [1][13250/16221]	lr: 2.500e-03, eta: 1 day, 11:41:01, time: 0.496, data_time: 0.002, memory: 5512, loss_rpn_cls: 0.0238, loss_rpn_bbox: 0.0218, loss_cls: 0.1326, acc: 95.7988, loss_bbox: 0.1483, loss: 0.3264
2025-11-19 03:32:14,742 - mmdet - INFO - Epoch [1][13300/16221]	lr: 2.500e-03, eta: 1 day, 11:38:03, time: 0.498, data_time: 0.003, memory: 5512, loss_rpn_cls: 0.0266, loss_rpn_bbox: 0.0225, loss_cls: 0.1278, acc: 96.1074, loss_bbox: 0.1424, loss: 0.3193
2025-11-19 03:32:39,532 - mmdet - INFO - Epoch [1][13350/16221]	lr: 2.500e-03, eta: 1 day, 11:35:04, time: 0.496, data_time: 0.003, memory: 5512, loss_rpn_cls: 0.0285, loss_rpn_bbox: 0.0168, loss_cls: 0.1199, acc: 96.4688, loss_bbox: 0.1217, loss: 0.2869
2025-11-19 03:33:04,321 - mmdet - INFO - Epoch [1][13400/16221]	lr: 2.500e-03, eta: 1 day, 11:32:06, time: 0.496, data_time: 0.004, memory: 5512, loss_rpn_cls: 0.0263, loss_rpn_bbox: 0.0197, loss_cls: 0.1303, acc: 95.7656, loss_bbox: 0.1535, loss: 0.3298
2025-11-19 03:33:28,999 - mmdet - INFO - Epoch [1][13450/16221]	lr: 2.500e-03, eta: 1 day, 11:29:07, time: 0.494, data_time: 0.002, memory: 5512, loss_rpn_cls: 0.0322, loss_rpn_bbox: 0.0237, loss_cls: 0.1351, acc: 95.5430, loss_bbox: 0.1609, loss: 0.3518
2025-11-19 03:33:54,351 - mmdet - INFO - Epoch [1][13500/16221]	lr: 2.500e-03, eta: 1 day, 11:26:19, time: 0.507, data_time: 0.001, memory: 5512, loss_rpn_cls: 0.0278, loss_rpn_bbox: 0.0221, loss_cls: 0.1304, acc: 95.7695, loss_bbox: 0.1477, loss: 0.3281
2025-11-19 03:34:19,283 - mmdet - INFO - Epoch [1][13550/16221]	lr: 2.500e-03, eta: 1 day, 11:23:27, time: 0.499, data_time: 0.003, memory: 5512, loss_rpn_cls: 0.0287, loss_rpn_bbox: 0.0220, loss_cls: 0.1106, acc: 96.5547, loss_bbox: 0.1208, loss: 0.2822
2025-11-19 03:34:43,744 - mmdet - INFO - Epoch [1][13600/16221]	lr: 2.500e-03, eta: 1 day, 11:20:29, time: 0.489, data_time: 0.002, memory: 5512, loss_rpn_cls: 0.0284, loss_rpn_bbox: 0.0233, loss_cls: 0.1220, acc: 96.1445, loss_bbox: 0.1324, loss: 0.3062
2025-11-19 03:35:08,973 - mmdet - INFO - Epoch [1][13650/16221]	lr: 2.500e-03, eta: 1 day, 11:17:42, time: 0.505, data_time: 0.002, memory: 5512, loss_rpn_cls: 0.0234, loss_rpn_bbox: 0.0206, loss_cls: 0.1229, acc: 96.0332, loss_bbox: 0.1314, loss: 0.2982
2025-11-19 03:35:34,075 - mmdet - INFO - Epoch [1][13700/16221]	lr: 2.500e-03, eta: 1 day, 11:14:55, time: 0.502, data_time: 0.003, memory: 5512, loss_rpn_cls: 0.0326, loss_rpn_bbox: 0.0257, loss_cls: 0.1304, acc: 96.1367, loss_bbox: 0.1431, loss: 0.3318
2025-11-19 03:35:58,738 - mmdet - INFO - Epoch [1][13750/16221]	lr: 2.500e-03, eta: 1 day, 11:12:03, time: 0.493, data_time: 0.002, memory: 5512, loss_rpn_cls: 0.0239, loss_rpn_bbox: 0.0164, loss_cls: 0.1034, acc: 96.7852, loss_bbox: 0.1203, loss: 0.2640
2025-11-19 03:36:23,154 - mmdet - INFO - Epoch [1][13800/16221]	lr: 2.500e-03, eta: 1 day, 11:09:09, time: 0.488, data_time: 0.004, memory: 5512, loss_rpn_cls: 0.0313, loss_rpn_bbox: 0.0205, loss_cls: 0.1157, acc: 96.4766, loss_bbox: 0.1229, loss: 0.2905
2025-11-19 03:36:47,873 - mmdet - INFO - Epoch [1][13850/16221]	lr: 2.500e-03, eta: 1 day, 11:06:20, time: 0.494, data_time: 0.002, memory: 5512, loss_rpn_cls: 0.0301, loss_rpn_bbox: 0.0197, loss_cls: 0.1203, acc: 96.1250, loss_bbox: 0.1291, loss: 0.2992
2025-11-19 03:37:12,351 - mmdet - INFO - Epoch [1][13900/16221]	lr: 2.500e-03, eta: 1 day, 11:03:29, time: 0.490, data_time: 0.003, memory: 5512, loss_rpn_cls: 0.0270, loss_rpn_bbox: 0.0218, loss_cls: 0.1058, acc: 96.4590, loss_bbox: 0.1262, loss: 0.2809
2025-11-19 03:37:37,068 - mmdet - INFO - Epoch [1][13950/16221]	lr: 2.500e-03, eta: 1 day, 11:00:42, time: 0.494, data_time: 0.003, memory: 5512, loss_rpn_cls: 0.0387, loss_rpn_bbox: 0.0256, loss_cls: 0.1329, acc: 95.9531, loss_bbox: 0.1422, loss: 0.3393
2025-11-19 03:38:01,758 - mmdet - INFO - Exp name: faster_rcnn_r50_fpn_1x_coco_freqfusion_10cls.py
2025-11-19 03:38:01,758 - mmdet - INFO - Epoch [1][14000/16221]	lr: 2.500e-03, eta: 1 day, 10:57:56, time: 0.494, data_time: 0.002, memory: 5512, loss_rpn_cls: 0.0267, loss_rpn_bbox: 0.0153, loss_cls: 0.1099, acc: 96.9043, loss_bbox: 0.1150, loss: 0.2669
2025-11-19 03:38:26,476 - mmdet - INFO - Epoch [1][14050/16221]	lr: 2.500e-03, eta: 1 day, 10:55:11, time: 0.494, data_time: 0.004, memory: 5512, loss_rpn_cls: 0.0316, loss_rpn_bbox: 0.0238, loss_cls: 0.1413, acc: 95.5801, loss_bbox: 0.1594, loss: 0.3561
2025-11-19 03:38:50,990 - mmdet - INFO - Epoch [1][14100/16221]	lr: 2.500e-03, eta: 1 day, 10:52:24, time: 0.490, data_time: 0.004, memory: 5512, loss_rpn_cls: 0.0318, loss_rpn_bbox: 0.0287, loss_cls: 0.1172, acc: 96.1953, loss_bbox: 0.1422, loss: 0.3199
2025-11-19 03:39:15,803 - mmdet - INFO - Epoch [1][14150/16221]	lr: 2.500e-03, eta: 1 day, 10:49:42, time: 0.496, data_time: 0.004, memory: 5512, loss_rpn_cls: 0.0275, loss_rpn_bbox: 0.0253, loss_cls: 0.1362, acc: 95.5801, loss_bbox: 0.1607, loss: 0.3498
2025-11-19 03:39:39,739 - mmdet - INFO - Epoch [1][14200/16221]	lr: 2.500e-03, eta: 1 day, 10:46:51, time: 0.479, data_time: 0.003, memory: 5512, loss_rpn_cls: 0.0325, loss_rpn_bbox: 0.0212, loss_cls: 0.1199, acc: 96.2480, loss_bbox: 0.1295, loss: 0.3030
2025-11-19 03:40:03,921 - mmdet - INFO - Epoch [1][14250/16221]	lr: 2.500e-03, eta: 1 day, 10:44:03, time: 0.483, data_time: 0.002, memory: 5512, loss_rpn_cls: 0.0384, loss_rpn_bbox: 0.0221, loss_cls: 0.1153, acc: 96.7402, loss_bbox: 0.1106, loss: 0.2864
2025-11-19 03:40:28,216 - mmdet - INFO - Epoch [1][14300/16221]	lr: 2.500e-03, eta: 1 day, 10:41:18, time: 0.486, data_time: 0.002, memory: 5512, loss_rpn_cls: 0.0234, loss_rpn_bbox: 0.0171, loss_cls: 0.1122, acc: 96.3438, loss_bbox: 0.1258, loss: 0.2786
2025-11-19 03:40:52,161 - mmdet - INFO - Epoch [1][14350/16221]	lr: 2.500e-03, eta: 1 day, 10:38:29, time: 0.479, data_time: 0.002, memory: 5512, loss_rpn_cls: 0.0225, loss_rpn_bbox: 0.0168, loss_cls: 0.1133, acc: 96.4805, loss_bbox: 0.1282, loss: 0.2808
2025-11-19 03:41:16,460 - mmdet - INFO - Epoch [1][14400/16221]	lr: 2.500e-03, eta: 1 day, 10:35:45, time: 0.486, data_time: 0.002, memory: 5512, loss_rpn_cls: 0.0358, loss_rpn_bbox: 0.0274, loss_cls: 0.1313, acc: 96.4355, loss_bbox: 0.1214, loss: 0.3159
2025-11-19 03:41:40,712 - mmdet - INFO - Epoch [1][14450/16221]	lr: 2.500e-03, eta: 1 day, 10:33:02, time: 0.485, data_time: 0.002, memory: 5512, loss_rpn_cls: 0.0205, loss_rpn_bbox: 0.0203, loss_cls: 0.1086, acc: 96.3730, loss_bbox: 0.1224, loss: 0.2719
2025-11-19 03:42:04,861 - mmdet - INFO - Epoch [1][14500/16221]	lr: 2.500e-03, eta: 1 day, 10:30:19, time: 0.483, data_time: 0.002, memory: 5512, loss_rpn_cls: 0.0268, loss_rpn_bbox: 0.0205, loss_cls: 0.1254, acc: 96.0957, loss_bbox: 0.1295, loss: 0.3021
2025-11-19 03:42:28,772 - mmdet - INFO - Epoch [1][14550/16221]	lr: 2.500e-03, eta: 1 day, 10:27:34, time: 0.478, data_time: 0.002, memory: 5512, loss_rpn_cls: 0.0219, loss_rpn_bbox: 0.0190, loss_cls: 0.1191, acc: 96.2422, loss_bbox: 0.1326, loss: 0.2926
2025-11-19 03:42:52,943 - mmdet - INFO - Epoch [1][14600/16221]	lr: 2.500e-03, eta: 1 day, 10:24:53, time: 0.483, data_time: 0.002, memory: 5512, loss_rpn_cls: 0.0287, loss_rpn_bbox: 0.0264, loss_cls: 0.1240, acc: 96.2871, loss_bbox: 0.1232, loss: 0.3024
2025-11-19 03:43:17,424 - mmdet - INFO - Epoch [1][14650/16221]	lr: 2.500e-03, eta: 1 day, 10:22:17, time: 0.490, data_time: 0.002, memory: 5512, loss_rpn_cls: 0.0380, loss_rpn_bbox: 0.0206, loss_cls: 0.1193, acc: 96.2500, loss_bbox: 0.1300, loss: 0.3079
2025-11-19 03:43:41,623 - mmdet - INFO - Epoch [1][14700/16221]	lr: 2.500e-03, eta: 1 day, 10:19:38, time: 0.484, data_time: 0.002, memory: 5512, loss_rpn_cls: 0.0360, loss_rpn_bbox: 0.0242, loss_cls: 0.1179, acc: 96.2988, loss_bbox: 0.1246, loss: 0.3028
2025-11-19 03:44:06,097 - mmdet - INFO - Epoch [1][14750/16221]	lr: 2.500e-03, eta: 1 day, 10:17:03, time: 0.489, data_time: 0.002, memory: 5512, loss_rpn_cls: 0.0256, loss_rpn_bbox: 0.0161, loss_cls: 0.1216, acc: 96.1621, loss_bbox: 0.1334, loss: 0.2967
2025-11-19 03:44:30,654 - mmdet - INFO - Epoch [1][14800/16221]	lr: 2.500e-03, eta: 1 day, 10:14:30, time: 0.491, data_time: 0.002, memory: 5512, loss_rpn_cls: 0.0275, loss_rpn_bbox: 0.0203, loss_cls: 0.1212, acc: 96.4238, loss_bbox: 0.1264, loss: 0.2955
2025-11-19 03:44:55,012 - mmdet - INFO - Epoch [1][14850/16221]	lr: 2.500e-03, eta: 1 day, 10:11:56, time: 0.487, data_time: 0.002, memory: 5512, loss_rpn_cls: 0.0194, loss_rpn_bbox: 0.0143, loss_cls: 0.1120, acc: 96.5664, loss_bbox: 0.1242, loss: 0.2700
2025-11-19 03:45:19,125 - mmdet - INFO - Epoch [1][14900/16221]	lr: 2.500e-03, eta: 1 day, 10:09:20, time: 0.482, data_time: 0.002, memory: 5512, loss_rpn_cls: 0.0238, loss_rpn_bbox: 0.0152, loss_cls: 0.1214, acc: 96.3633, loss_bbox: 0.1258, loss: 0.2862
2025-11-19 03:45:43,307 - mmdet - INFO - Epoch [1][14950/16221]	lr: 2.500e-03, eta: 1 day, 10:06:45, time: 0.484, data_time: 0.002, memory: 5512, loss_rpn_cls: 0.0264, loss_rpn_bbox: 0.0207, loss_cls: 0.1289, acc: 95.8828, loss_bbox: 0.1425, loss: 0.3185
2025-11-19 03:46:07,658 - mmdet - INFO - Exp name: faster_rcnn_r50_fpn_1x_coco_freqfusion_10cls.py
2025-11-19 03:46:07,658 - mmdet - INFO - Epoch [1][15000/16221]	lr: 2.500e-03, eta: 1 day, 10:04:13, time: 0.487, data_time: 0.002, memory: 5512, loss_rpn_cls: 0.0310, loss_rpn_bbox: 0.0247, loss_cls: 0.1285, acc: 96.0586, loss_bbox: 0.1399, loss: 0.3240
2025-11-19 03:46:32,107 - mmdet - INFO - Epoch [1][15050/16221]	lr: 2.500e-03, eta: 1 day, 10:01:43, time: 0.489, data_time: 0.001, memory: 5512, loss_rpn_cls: 0.0267, loss_rpn_bbox: 0.0238, loss_cls: 0.1283, acc: 96.1328, loss_bbox: 0.1383, loss: 0.3171
2025-11-19 03:46:56,398 - mmdet - INFO - Epoch [1][15100/16221]	lr: 2.500e-03, eta: 1 day, 9:59:13, time: 0.486, data_time: 0.002, memory: 5512, loss_rpn_cls: 0.0286, loss_rpn_bbox: 0.0222, loss_cls: 0.1291, acc: 95.9727, loss_bbox: 0.1432, loss: 0.3231
2025-11-19 03:47:20,428 - mmdet - INFO - Epoch [1][15150/16221]	lr: 2.500e-03, eta: 1 day, 9:56:40, time: 0.481, data_time: 0.002, memory: 5512, loss_rpn_cls: 0.0232, loss_rpn_bbox: 0.0191, loss_cls: 0.1153, acc: 96.3672, loss_bbox: 0.1295, loss: 0.2871
2025-11-19 03:47:44,564 - mmdet - INFO - Epoch [1][15200/16221]	lr: 2.500e-03, eta: 1 day, 9:54:08, time: 0.482, data_time: 0.002, memory: 5512, loss_rpn_cls: 0.0226, loss_rpn_bbox: 0.0211, loss_cls: 0.1213, acc: 95.9121, loss_bbox: 0.1431, loss: 0.3081
2025-11-19 03:48:08,916 - mmdet - INFO - Epoch [1][15250/16221]	lr: 2.500e-03, eta: 1 day, 9:51:41, time: 0.487, data_time: 0.002, memory: 5512, loss_rpn_cls: 0.0290, loss_rpn_bbox: 0.0204, loss_cls: 0.1371, acc: 95.5391, loss_bbox: 0.1605, loss: 0.3471
2025-11-19 03:48:32,793 - mmdet - INFO - Epoch [1][15300/16221]	lr: 2.500e-03, eta: 1 day, 9:49:09, time: 0.478, data_time: 0.002, memory: 5512, loss_rpn_cls: 0.0391, loss_rpn_bbox: 0.0228, loss_cls: 0.1250, acc: 96.4551, loss_bbox: 0.1200, loss: 0.3069
2025-11-19 03:48:57,291 - mmdet - INFO - Epoch [1][15350/16221]	lr: 2.500e-03, eta: 1 day, 9:46:44, time: 0.490, data_time: 0.002, memory: 5512, loss_rpn_cls: 0.0315, loss_rpn_bbox: 0.0219, loss_cls: 0.1106, acc: 96.4414, loss_bbox: 0.1228, loss: 0.2869
2025-11-19 03:49:21,639 - mmdet - INFO - Epoch [1][15400/16221]	lr: 2.500e-03, eta: 1 day, 9:44:19, time: 0.487, data_time: 0.002, memory: 5512, loss_rpn_cls: 0.0345, loss_rpn_bbox: 0.0235, loss_cls: 0.1611, acc: 95.5938, loss_bbox: 0.1476, loss: 0.3667
2025-11-19 03:49:45,779 - mmdet - INFO - Epoch [1][15450/16221]	lr: 2.500e-03, eta: 1 day, 9:41:52, time: 0.483, data_time: 0.001, memory: 5512, loss_rpn_cls: 0.0365, loss_rpn_bbox: 0.0177, loss_cls: 0.1121, acc: 96.5469, loss_bbox: 0.1148, loss: 0.2811
2025-11-19 03:50:10,497 - mmdet - INFO - Epoch [1][15500/16221]	lr: 2.500e-03, eta: 1 day, 9:39:33, time: 0.494, data_time: 0.002, memory: 5512, loss_rpn_cls: 0.0273, loss_rpn_bbox: 0.0253, loss_cls: 0.1326, acc: 95.6113, loss_bbox: 0.1510, loss: 0.3362
2025-11-19 03:50:35,173 - mmdet - INFO - Epoch [1][15550/16221]	lr: 2.500e-03, eta: 1 day, 9:37:14, time: 0.494, data_time: 0.002, memory: 5512, loss_rpn_cls: 0.0276, loss_rpn_bbox: 0.0187, loss_cls: 0.1162, acc: 96.5977, loss_bbox: 0.1231, loss: 0.2856
2025-11-19 03:50:59,608 - mmdet - INFO - Epoch [1][15600/16221]	lr: 2.500e-03, eta: 1 day, 9:34:53, time: 0.489, data_time: 0.002, memory: 5512, loss_rpn_cls: 0.0243, loss_rpn_bbox: 0.0186, loss_cls: 0.1307, acc: 96.0547, loss_bbox: 0.1352, loss: 0.3089
2025-11-19 03:51:24,033 - mmdet - INFO - Epoch [1][15650/16221]	lr: 2.500e-03, eta: 1 day, 9:32:32, time: 0.489, data_time: 0.002, memory: 5512, loss_rpn_cls: 0.0287, loss_rpn_bbox: 0.0216, loss_cls: 0.1224, acc: 96.1523, loss_bbox: 0.1292, loss: 0.3019
2025-11-19 03:51:48,315 - mmdet - INFO - Epoch [1][15700/16221]	lr: 2.500e-03, eta: 1 day, 9:30:11, time: 0.485, data_time: 0.001, memory: 5512, loss_rpn_cls: 0.0274, loss_rpn_bbox: 0.0214, loss_cls: 0.1189, acc: 96.2266, loss_bbox: 0.1227, loss: 0.2904
2025-11-19 03:52:12,709 - mmdet - INFO - Epoch [1][15750/16221]	lr: 2.500e-03, eta: 1 day, 9:27:51, time: 0.488, data_time: 0.002, memory: 5512, loss_rpn_cls: 0.0255, loss_rpn_bbox: 0.0172, loss_cls: 0.1249, acc: 95.9883, loss_bbox: 0.1315, loss: 0.2990
2025-11-19 03:52:37,410 - mmdet - INFO - Epoch [1][15800/16221]	lr: 2.500e-03, eta: 1 day, 9:25:36, time: 0.494, data_time: 0.002, memory: 5512, loss_rpn_cls: 0.0261, loss_rpn_bbox: 0.0249, loss_cls: 0.1405, acc: 95.9844, loss_bbox: 0.1439, loss: 0.3355
2025-11-19 03:53:01,536 - mmdet - INFO - Epoch [1][15850/16221]	lr: 2.500e-03, eta: 1 day, 9:23:15, time: 0.483, data_time: 0.002, memory: 5512, loss_rpn_cls: 0.0242, loss_rpn_bbox: 0.0223, loss_cls: 0.1315, acc: 95.9512, loss_bbox: 0.1311, loss: 0.3092
2025-11-19 03:53:25,823 - mmdet - INFO - Epoch [1][15900/16221]	lr: 2.500e-03, eta: 1 day, 9:20:57, time: 0.486, data_time: 0.002, memory: 5512, loss_rpn_cls: 0.0329, loss_rpn_bbox: 0.0247, loss_cls: 0.1406, acc: 95.6094, loss_bbox: 0.1486, loss: 0.3468
2025-11-19 03:53:50,020 - mmdet - INFO - Epoch [1][15950/16221]	lr: 2.500e-03, eta: 1 day, 9:18:38, time: 0.484, data_time: 0.002, memory: 5512, loss_rpn_cls: 0.0312, loss_rpn_bbox: 0.0196, loss_cls: 0.1153, acc: 96.4375, loss_bbox: 0.1266, loss: 0.2927
2025-11-19 03:54:14,228 - mmdet - INFO - Exp name: faster_rcnn_r50_fpn_1x_coco_freqfusion_10cls.py
2025-11-19 03:54:14,228 - mmdet - INFO - Epoch [1][16000/16221]	lr: 2.500e-03, eta: 1 day, 9:16:20, time: 0.484, data_time: 0.001, memory: 5512, loss_rpn_cls: 0.0272, loss_rpn_bbox: 0.0222, loss_cls: 0.1149, acc: 96.5020, loss_bbox: 0.1188, loss: 0.2831
2025-11-19 03:54:38,497 - mmdet - INFO - Epoch [1][16050/16221]	lr: 2.500e-03, eta: 1 day, 9:14:04, time: 0.485, data_time: 0.002, memory: 5512, loss_rpn_cls: 0.0263, loss_rpn_bbox: 0.0252, loss_cls: 0.1310, acc: 95.8223, loss_bbox: 0.1548, loss: 0.3372
2025-11-19 03:55:03,152 - mmdet - INFO - Epoch [1][16100/16221]	lr: 2.500e-03, eta: 1 day, 9:11:52, time: 0.493, data_time: 0.003, memory: 5512, loss_rpn_cls: 0.0281, loss_rpn_bbox: 0.0200, loss_cls: 0.1295, acc: 95.6367, loss_bbox: 0.1551, loss: 0.3327
2025-11-19 03:55:27,476 - mmdet - INFO - Epoch [1][16150/16221]	lr: 2.500e-03, eta: 1 day, 9:09:38, time: 0.486, data_time: 0.004, memory: 5512, loss_rpn_cls: 0.0432, loss_rpn_bbox: 0.0251, loss_cls: 0.1297, acc: 95.8105, loss_bbox: 0.1454, loss: 0.3434
2025-11-19 03:55:51,682 - mmdet - INFO - Epoch [1][16200/16221]	lr: 2.500e-03, eta: 1 day, 9:07:23, time: 0.484, data_time: 0.003, memory: 5512, loss_rpn_cls: 0.0258, loss_rpn_bbox: 0.0179, loss_cls: 0.1052, acc: 96.6602, loss_bbox: 0.1226, loss: 0.2715
2025-11-19 03:56:11,914 - mmdet - INFO - Saving checkpoint at 1 epochs
2025-11-19 03:57:08,899 - mmdet - INFO - Epoch [2][50/16221]	lr: 2.500e-03, eta: 1 day, 9:07:59, time: 1.103, data_time: 0.607, memory: 5512, loss_rpn_cls: 0.0198, loss_rpn_bbox: 0.0232, loss_cls: 0.1093, acc: 96.4414, loss_bbox: 0.1259, loss: 0.2782
2025-11-19 03:57:33,540 - mmdet - INFO - Epoch [2][100/16221]	lr: 2.500e-03, eta: 1 day, 9:05:50, time: 0.493, data_time: 0.001, memory: 5512, loss_rpn_cls: 0.0249, loss_rpn_bbox: 0.0240, loss_cls: 0.1512, acc: 95.4531, loss_bbox: 0.1501, loss: 0.3502
2025-11-19 03:57:57,879 - mmdet - INFO - Epoch [2][150/16221]	lr: 2.500e-03, eta: 1 day, 9:03:38, time: 0.487, data_time: 0.002, memory: 5512, loss_rpn_cls: 0.0228, loss_rpn_bbox: 0.0171, loss_cls: 0.1107, acc: 96.4199, loss_bbox: 0.1251, loss: 0.2758
2025-11-19 03:58:22,205 - mmdet - INFO - Epoch [2][200/16221]	lr: 2.500e-03, eta: 1 day, 9:01:26, time: 0.486, data_time: 0.001, memory: 5512, loss_rpn_cls: 0.0277, loss_rpn_bbox: 0.0230, loss_cls: 0.1236, acc: 95.9473, loss_bbox: 0.1374, loss: 0.3118
2025-11-19 03:58:46,795 - mmdet - INFO - Epoch [2][250/16221]	lr: 2.500e-03, eta: 1 day, 8:59:18, time: 0.492, data_time: 0.002, memory: 5512, loss_rpn_cls: 0.0235, loss_rpn_bbox: 0.0238, loss_cls: 0.1210, acc: 95.8398, loss_bbox: 0.1501, loss: 0.3183
2025-11-19 03:59:11,296 - mmdet - INFO - Epoch [2][300/16221]	lr: 2.500e-03, eta: 1 day, 8:57:10, time: 0.490, data_time: 0.001, memory: 5512, loss_rpn_cls: 0.0310, loss_rpn_bbox: 0.0257, loss_cls: 0.1409, acc: 95.4375, loss_bbox: 0.1668, loss: 0.3645
2025-11-19 03:59:35,459 - mmdet - INFO - Epoch [2][350/16221]	lr: 2.500e-03, eta: 1 day, 8:54:58, time: 0.483, data_time: 0.001, memory: 5512, loss_rpn_cls: 0.0268, loss_rpn_bbox: 0.0244, loss_cls: 0.1228, acc: 95.6426, loss_bbox: 0.1531, loss: 0.3272
2025-11-19 03:59:59,775 - mmdet - INFO - Epoch [2][400/16221]	lr: 2.500e-03, eta: 1 day, 8:52:49, time: 0.486, data_time: 0.001, memory: 5512, loss_rpn_cls: 0.0268, loss_rpn_bbox: 0.0233, loss_cls: 0.1246, acc: 96.0000, loss_bbox: 0.1424, loss: 0.3171
2025-11-19 04:00:23,871 - mmdet - INFO - Epoch [2][450/16221]	lr: 2.500e-03, eta: 1 day, 8:50:38, time: 0.482, data_time: 0.001, memory: 5512, loss_rpn_cls: 0.0242, loss_rpn_bbox: 0.0200, loss_cls: 0.1051, acc: 96.6602, loss_bbox: 0.1190, loss: 0.2683
2025-11-19 04:00:48,027 - mmdet - INFO - Epoch [2][500/16221]	lr: 2.500e-03, eta: 1 day, 8:48:28, time: 0.483, data_time: 0.001, memory: 5512, loss_rpn_cls: 0.0312, loss_rpn_bbox: 0.0235, loss_cls: 0.1128, acc: 96.4531, loss_bbox: 0.1299, loss: 0.2974
2025-11-19 04:01:12,119 - mmdet - INFO - Epoch [2][550/16221]	lr: 2.500e-03, eta: 1 day, 8:46:19, time: 0.482, data_time: 0.001, memory: 5512, loss_rpn_cls: 0.0218, loss_rpn_bbox: 0.0170, loss_cls: 0.1251, acc: 96.0176, loss_bbox: 0.1414, loss: 0.3053
2025-11-19 04:01:36,386 - mmdet - INFO - Epoch [2][600/16221]	lr: 2.500e-03, eta: 1 day, 8:44:11, time: 0.485, data_time: 0.001, memory: 5512, loss_rpn_cls: 0.0246, loss_rpn_bbox: 0.0178, loss_cls: 0.1205, acc: 96.2637, loss_bbox: 0.1321, loss: 0.2950
2025-11-19 04:02:00,554 - mmdet - INFO - Epoch [2][650/16221]	lr: 2.500e-03, eta: 1 day, 8:42:04, time: 0.483, data_time: 0.001, memory: 5512, loss_rpn_cls: 0.0275, loss_rpn_bbox: 0.0195, loss_cls: 0.1258, acc: 95.7910, loss_bbox: 0.1456, loss: 0.3185
2025-11-19 04:02:24,359 - mmdet - INFO - Epoch [2][700/16221]	lr: 2.500e-03, eta: 1 day, 8:39:53, time: 0.476, data_time: 0.001, memory: 5512, loss_rpn_cls: 0.0254, loss_rpn_bbox: 0.0222, loss_cls: 0.1155, acc: 96.4629, loss_bbox: 0.1230, loss: 0.2861
2025-11-19 04:02:48,546 - mmdet - INFO - Epoch [2][750/16221]	lr: 2.500e-03, eta: 1 day, 8:37:47, time: 0.484, data_time: 0.001, memory: 5512, loss_rpn_cls: 0.0322, loss_rpn_bbox: 0.0281, loss_cls: 0.1298, acc: 95.9082, loss_bbox: 0.1440, loss: 0.3341
2025-11-19 04:03:12,629 - mmdet - INFO - Epoch [2][800/16221]	lr: 2.500e-03, eta: 1 day, 8:35:40, time: 0.482, data_time: 0.001, memory: 5512, loss_rpn_cls: 0.0276, loss_rpn_bbox: 0.0183, loss_cls: 0.1220, acc: 96.0723, loss_bbox: 0.1339, loss: 0.3018
2025-11-19 04:03:36,714 - mmdet - INFO - Epoch [2][850/16221]	lr: 2.500e-03, eta: 1 day, 8:33:34, time: 0.482, data_time: 0.001, memory: 5512, loss_rpn_cls: 0.0233, loss_rpn_bbox: 0.0198, loss_cls: 0.1076, acc: 96.5781, loss_bbox: 0.1297, loss: 0.2804
2025-11-19 04:04:00,740 - mmdet - INFO - Epoch [2][900/16221]	lr: 2.500e-03, eta: 1 day, 8:31:28, time: 0.481, data_time: 0.001, memory: 5513, loss_rpn_cls: 0.0270, loss_rpn_bbox: 0.0186, loss_cls: 0.1176, acc: 96.0684, loss_bbox: 0.1433, loss: 0.3064
2025-11-19 04:04:24,231 - mmdet - INFO - Epoch [2][950/16221]	lr: 2.500e-03, eta: 1 day, 8:29:17, time: 0.470, data_time: 0.001, memory: 5513, loss_rpn_cls: 0.0257, loss_rpn_bbox: 0.0183, loss_cls: 0.1120, acc: 96.6328, loss_bbox: 0.1270, loss: 0.2830
2025-11-19 04:04:50,208 - mmdet - INFO - Epoch [2][1000/16221]	lr: 2.500e-03, eta: 1 day, 8:27:32, time: 0.519, data_time: 0.002, memory: 5513, loss_rpn_cls: 0.0223, loss_rpn_bbox: 0.0170, loss_cls: 0.1111, acc: 96.1250, loss_bbox: 0.1318, loss: 0.2821
2025-11-19 04:05:14,164 - mmdet - INFO - Epoch [2][1050/16221]	lr: 2.500e-03, eta: 1 day, 8:25:27, time: 0.479, data_time: 0.001, memory: 5513, loss_rpn_cls: 0.0229, loss_rpn_bbox: 0.0187, loss_cls: 0.1106, acc: 96.5391, loss_bbox: 0.1195, loss: 0.2718
2025-11-19 04:05:38,132 - mmdet - INFO - Epoch [2][1100/16221]	lr: 2.500e-03, eta: 1 day, 8:23:23, time: 0.479, data_time: 0.001, memory: 5513, loss_rpn_cls: 0.0194, loss_rpn_bbox: 0.0180, loss_cls: 0.1141, acc: 96.2207, loss_bbox: 0.1394, loss: 0.2909
2025-11-19 04:06:02,420 - mmdet - INFO - Epoch [2][1150/16221]	lr: 2.500e-03, eta: 1 day, 8:21:22, time: 0.486, data_time: 0.001, memory: 5513, loss_rpn_cls: 0.0216, loss_rpn_bbox: 0.0167, loss_cls: 0.1002, acc: 96.7617, loss_bbox: 0.1231, loss: 0.2616
2025-11-19 04:06:26,636 - mmdet - INFO - Epoch [2][1200/16221]	lr: 2.500e-03, eta: 1 day, 8:19:21, time: 0.484, data_time: 0.001, memory: 5513, loss_rpn_cls: 0.0233, loss_rpn_bbox: 0.0154, loss_cls: 0.1033, acc: 96.6445, loss_bbox: 0.1266, loss: 0.2686
2025-11-19 04:06:50,948 - mmdet - INFO - Epoch [2][1250/16221]	lr: 2.500e-03, eta: 1 day, 8:17:22, time: 0.487, data_time: 0.001, memory: 5513, loss_rpn_cls: 0.0540, loss_rpn_bbox: 0.0321, loss_cls: 0.1363, acc: 95.8145, loss_bbox: 0.1462, loss: 0.3687
2025-11-19 04:07:14,626 - mmdet - INFO - Epoch [2][1300/16221]	lr: 2.500e-03, eta: 1 day, 8:15:17, time: 0.473, data_time: 0.001, memory: 5513, loss_rpn_cls: 0.0280, loss_rpn_bbox: 0.0248, loss_cls: 0.1247, acc: 95.8496, loss_bbox: 0.1404, loss: 0.3180
2025-11-19 04:07:38,593 - mmdet - INFO - Epoch [2][1350/16221]	lr: 2.500e-03, eta: 1 day, 8:13:16, time: 0.479, data_time: 0.001, memory: 5513, loss_rpn_cls: 0.0238, loss_rpn_bbox: 0.0164, loss_cls: 0.0967, acc: 96.9941, loss_bbox: 0.1100, loss: 0.2468
2025-11-19 04:08:01,858 - mmdet - INFO - Epoch [2][1400/16221]	lr: 2.500e-03, eta: 1 day, 8:11:08, time: 0.466, data_time: 0.001, memory: 5513, loss_rpn_cls: 0.0283, loss_rpn_bbox: 0.0214, loss_cls: 0.1233, acc: 95.8652, loss_bbox: 0.1440, loss: 0.3171
2025-11-19 04:08:26,040 - mmdet - INFO - Epoch [2][1450/16221]	lr: 2.500e-03, eta: 1 day, 8:09:09, time: 0.483, data_time: 0.001, memory: 5513, loss_rpn_cls: 0.0235, loss_rpn_bbox: 0.0204, loss_cls: 0.1160, acc: 96.2969, loss_bbox: 0.1295, loss: 0.2895
2025-11-19 04:08:49,896 - mmdet - INFO - Epoch [2][1500/16221]	lr: 2.500e-03, eta: 1 day, 8:07:08, time: 0.477, data_time: 0.001, memory: 5513, loss_rpn_cls: 0.0266, loss_rpn_bbox: 0.0227, loss_cls: 0.1090, acc: 96.4277, loss_bbox: 0.1270, loss: 0.2853
2025-11-19 04:09:13,693 - mmdet - INFO - Epoch [2][1550/16221]	lr: 2.500e-03, eta: 1 day, 8:05:07, time: 0.476, data_time: 0.001, memory: 5513, loss_rpn_cls: 0.0185, loss_rpn_bbox: 0.0176, loss_cls: 0.1161, acc: 96.0684, loss_bbox: 0.1412, loss: 0.2933
2025-11-19 04:09:37,674 - mmdet - INFO - Epoch [2][1600/16221]	lr: 2.500e-03, eta: 1 day, 8:03:09, time: 0.480, data_time: 0.001, memory: 5513, loss_rpn_cls: 0.0226, loss_rpn_bbox: 0.0157, loss_cls: 0.1065, acc: 96.3086, loss_bbox: 0.1337, loss: 0.2785
2025-11-19 04:10:01,986 - mmdet - INFO - Epoch [2][1650/16221]	lr: 2.500e-03, eta: 1 day, 8:01:14, time: 0.486, data_time: 0.001, memory: 5513, loss_rpn_cls: 0.0341, loss_rpn_bbox: 0.0213, loss_cls: 0.1259, acc: 96.3535, loss_bbox: 0.1295, loss: 0.3108
2025-11-19 04:10:25,792 - mmdet - INFO - Epoch [2][1700/16221]	lr: 2.500e-03, eta: 1 day, 7:59:14, time: 0.476, data_time: 0.001, memory: 5513, loss_rpn_cls: 0.0247, loss_rpn_bbox: 0.0163, loss_cls: 0.1068, acc: 96.6035, loss_bbox: 0.1217, loss: 0.2696
2025-11-19 04:10:49,595 - mmdet - INFO - Epoch [2][1750/16221]	lr: 2.500e-03, eta: 1 day, 7:57:15, time: 0.476, data_time: 0.001, memory: 5513, loss_rpn_cls: 0.0254, loss_rpn_bbox: 0.0235, loss_cls: 0.1229, acc: 96.0000, loss_bbox: 0.1428, loss: 0.3146
2025-11-19 04:11:13,476 - mmdet - INFO - Epoch [2][1800/16221]	lr: 2.500e-03, eta: 1 day, 7:55:18, time: 0.478, data_time: 0.001, memory: 5513, loss_rpn_cls: 0.0268, loss_rpn_bbox: 0.0210, loss_cls: 0.1205, acc: 95.7891, loss_bbox: 0.1432, loss: 0.3115
2025-11-19 04:11:37,492 - mmdet - INFO - Epoch [2][1850/16221]	lr: 2.500e-03, eta: 1 day, 7:53:22, time: 0.480, data_time: 0.001, memory: 5513, loss_rpn_cls: 0.0256, loss_rpn_bbox: 0.0238, loss_cls: 0.1261, acc: 95.8223, loss_bbox: 0.1404, loss: 0.3159
2025-11-19 04:12:01,184 - mmdet - INFO - Epoch [2][1900/16221]	lr: 2.500e-03, eta: 1 day, 7:51:24, time: 0.474, data_time: 0.001, memory: 5513, loss_rpn_cls: 0.0278, loss_rpn_bbox: 0.0199, loss_cls: 0.1077, acc: 96.4297, loss_bbox: 0.1279, loss: 0.2833
2025-11-19 04:12:25,239 - mmdet - INFO - Epoch [2][1950/16221]	lr: 2.500e-03, eta: 1 day, 7:49:29, time: 0.481, data_time: 0.002, memory: 5513, loss_rpn_cls: 0.0295, loss_rpn_bbox: 0.0255, loss_cls: 0.1160, acc: 95.9766, loss_bbox: 0.1360, loss: 0.3069
2025-11-19 04:12:48,987 - mmdet - INFO - Epoch [2][2000/16221]	lr: 2.500e-03, eta: 1 day, 7:47:33, time: 0.475, data_time: 0.001, memory: 5513, loss_rpn_cls: 0.0232, loss_rpn_bbox: 0.0193, loss_cls: 0.1045, acc: 96.8652, loss_bbox: 0.1035, loss: 0.2506
2025-11-19 04:13:12,614 - mmdet - INFO - Epoch [2][2050/16221]	lr: 2.500e-03, eta: 1 day, 7:45:35, time: 0.472, data_time: 0.001, memory: 5513, loss_rpn_cls: 0.0286, loss_rpn_bbox: 0.0224, loss_cls: 0.1177, acc: 96.3164, loss_bbox: 0.1276, loss: 0.2963
2025-11-19 04:13:36,740 - mmdet - INFO - Epoch [2][2100/16221]	lr: 2.500e-03, eta: 1 day, 7:43:43, time: 0.483, data_time: 0.002, memory: 5513, loss_rpn_cls: 0.0217, loss_rpn_bbox: 0.0176, loss_cls: 0.1233, acc: 95.9590, loss_bbox: 0.1411, loss: 0.3036
2025-11-19 04:14:00,618 - mmdet - INFO - Epoch [2][2150/16221]	lr: 2.500e-03, eta: 1 day, 7:41:49, time: 0.478, data_time: 0.001, memory: 5513, loss_rpn_cls: 0.0323, loss_rpn_bbox: 0.0271, loss_cls: 0.1412, acc: 95.5176, loss_bbox: 0.1592, loss: 0.3599
2025-11-19 04:14:24,465 - mmdet - INFO - Epoch [2][2200/16221]	lr: 2.500e-03, eta: 1 day, 7:39:55, time: 0.477, data_time: 0.001, memory: 5513, loss_rpn_cls: 0.0222, loss_rpn_bbox: 0.0220, loss_cls: 0.1286, acc: 96.0391, loss_bbox: 0.1364, loss: 0.3092
2025-11-19 04:14:48,352 - mmdet - INFO - Epoch [2][2250/16221]	lr: 2.500e-03, eta: 1 day, 7:38:02, time: 0.478, data_time: 0.001, memory: 5513, loss_rpn_cls: 0.0235, loss_rpn_bbox: 0.0178, loss_cls: 0.1094, acc: 96.6328, loss_bbox: 0.1137, loss: 0.2644
2025-11-19 04:15:12,076 - mmdet - INFO - Epoch [2][2300/16221]	lr: 2.500e-03, eta: 1 day, 7:36:08, time: 0.474, data_time: 0.001, memory: 5513, loss_rpn_cls: 0.0226, loss_rpn_bbox: 0.0213, loss_cls: 0.1269, acc: 95.9707, loss_bbox: 0.1356, loss: 0.3064
2025-11-19 04:15:36,134 - mmdet - INFO - Epoch [2][2350/16221]	lr: 2.500e-03, eta: 1 day, 7:34:18, time: 0.481, data_time: 0.001, memory: 5513, loss_rpn_cls: 0.0322, loss_rpn_bbox: 0.0208, loss_cls: 0.1345, acc: 95.6582, loss_bbox: 0.1595, loss: 0.3470
2025-11-19 04:15:59,635 - mmdet - INFO - Epoch [2][2400/16221]	lr: 2.500e-03, eta: 1 day, 7:32:22, time: 0.470, data_time: 0.001, memory: 5513, loss_rpn_cls: 0.0264, loss_rpn_bbox: 0.0182, loss_cls: 0.1176, acc: 96.4707, loss_bbox: 0.1312, loss: 0.2933
2025-11-19 04:16:23,701 - mmdet - INFO - Epoch [2][2450/16221]	lr: 2.500e-03, eta: 1 day, 7:30:33, time: 0.481, data_time: 0.001, memory: 5513, loss_rpn_cls: 0.0300, loss_rpn_bbox: 0.0201, loss_cls: 0.1145, acc: 96.5000, loss_bbox: 0.1167, loss: 0.2813
2025-11-19 04:16:47,231 - mmdet - INFO - Epoch [2][2500/16221]	lr: 2.500e-03, eta: 1 day, 7:28:39, time: 0.471, data_time: 0.001, memory: 5513, loss_rpn_cls: 0.0243, loss_rpn_bbox: 0.0216, loss_cls: 0.1023, acc: 96.6289, loss_bbox: 0.1223, loss: 0.2705
2025-11-19 04:17:11,254 - mmdet - INFO - Epoch [2][2550/16221]	lr: 2.500e-03, eta: 1 day, 7:26:50, time: 0.480, data_time: 0.001, memory: 5513, loss_rpn_cls: 0.0238, loss_rpn_bbox: 0.0241, loss_cls: 0.1034, acc: 96.5449, loss_bbox: 0.1200, loss: 0.2713
2025-11-19 04:17:35,538 - mmdet - INFO - Epoch [2][2600/16221]	lr: 2.500e-03, eta: 1 day, 7:25:04, time: 0.486, data_time: 0.001, memory: 5513, loss_rpn_cls: 0.0408, loss_rpn_bbox: 0.0243, loss_cls: 0.0971, acc: 97.0469, loss_bbox: 0.1005, loss: 0.2627
2025-11-19 04:17:59,277 - mmdet - INFO - Epoch [2][2650/16221]	lr: 2.500e-03, eta: 1 day, 7:23:13, time: 0.475, data_time: 0.002, memory: 5513, loss_rpn_cls: 0.0249, loss_rpn_bbox: 0.0227, loss_cls: 0.0928, acc: 97.0039, loss_bbox: 0.1017, loss: 0.2421
2025-11-19 04:18:23,356 - mmdet - INFO - Epoch [2][2700/16221]	lr: 2.500e-03, eta: 1 day, 7:21:26, time: 0.482, data_time: 0.001, memory: 5513, loss_rpn_cls: 0.0314, loss_rpn_bbox: 0.0224, loss_cls: 0.1294, acc: 95.6836, loss_bbox: 0.1483, loss: 0.3315
2025-11-19 04:18:47,437 - mmdet - INFO - Epoch [2][2750/16221]	lr: 2.500e-03, eta: 1 day, 7:19:40, time: 0.482, data_time: 0.001, memory: 5513, loss_rpn_cls: 0.0179, loss_rpn_bbox: 0.0237, loss_cls: 0.1026, acc: 96.6992, loss_bbox: 0.1206, loss: 0.2648
2025-11-19 04:19:11,377 - mmdet - INFO - Epoch [2][2800/16221]	lr: 2.500e-03, eta: 1 day, 7:17:52, time: 0.479, data_time: 0.001, memory: 5513, loss_rpn_cls: 0.0246, loss_rpn_bbox: 0.0200, loss_cls: 0.1046, acc: 96.6348, loss_bbox: 0.1151, loss: 0.2642
2025-11-19 04:19:35,172 - mmdet - INFO - Epoch [2][2850/16221]	lr: 2.500e-03, eta: 1 day, 7:16:04, time: 0.476, data_time: 0.001, memory: 5513, loss_rpn_cls: 0.0360, loss_rpn_bbox: 0.0252, loss_cls: 0.1190, acc: 96.1113, loss_bbox: 0.1448, loss: 0.3251
2025-11-19 04:19:58,790 - mmdet - INFO - Epoch [2][2900/16221]	lr: 2.500e-03, eta: 1 day, 7:14:15, time: 0.472, data_time: 0.001, memory: 5513, loss_rpn_cls: 0.0213, loss_rpn_bbox: 0.0193, loss_cls: 0.1098, acc: 96.2832, loss_bbox: 0.1288, loss: 0.2792
2025-11-19 04:20:22,495 - mmdet - INFO - Epoch [2][2950/16221]	lr: 2.500e-03, eta: 1 day, 7:12:26, time: 0.474, data_time: 0.001, memory: 5513, loss_rpn_cls: 0.0299, loss_rpn_bbox: 0.0242, loss_cls: 0.1168, acc: 96.2871, loss_bbox: 0.1348, loss: 0.3056
2025-11-19 04:20:46,577 - mmdet - INFO - Epoch [2][3000/16221]	lr: 2.500e-03, eta: 1 day, 7:10:42, time: 0.482, data_time: 0.001, memory: 5513, loss_rpn_cls: 0.0240, loss_rpn_bbox: 0.0240, loss_cls: 0.1117, acc: 96.1758, loss_bbox: 0.1309, loss: 0.2906
2025-11-19 04:21:10,934 - mmdet - INFO - Epoch [2][3050/16221]	lr: 2.500e-03, eta: 1 day, 7:09:01, time: 0.487, data_time: 0.001, memory: 5513, loss_rpn_cls: 0.0236, loss_rpn_bbox: 0.0160, loss_cls: 0.1000, acc: 96.7949, loss_bbox: 0.1111, loss: 0.2506
2025-11-19 04:21:34,632 - mmdet - INFO - Epoch [2][3100/16221]	lr: 2.500e-03, eta: 1 day, 7:07:13, time: 0.474, data_time: 0.001, memory: 5513, loss_rpn_cls: 0.0223, loss_rpn_bbox: 0.0174, loss_cls: 0.1088, acc: 96.2969, loss_bbox: 0.1325, loss: 0.2809
2025-11-19 04:21:58,586 - mmdet - INFO - Epoch [2][3150/16221]	lr: 2.500e-03, eta: 1 day, 7:05:29, time: 0.479, data_time: 0.001, memory: 5513, loss_rpn_cls: 0.0257, loss_rpn_bbox: 0.0195, loss_cls: 0.1128, acc: 96.3809, loss_bbox: 0.1233, loss: 0.2813
2025-11-19 04:22:22,415 - mmdet - INFO - Epoch [2][3200/16221]	lr: 2.500e-03, eta: 1 day, 7:03:44, time: 0.477, data_time: 0.001, memory: 5513, loss_rpn_cls: 0.0285, loss_rpn_bbox: 0.0230, loss_cls: 0.1157, acc: 96.3516, loss_bbox: 0.1234, loss: 0.2906
2025-11-19 04:22:46,442 - mmdet - INFO - Epoch [2][3250/16221]	lr: 2.500e-03, eta: 1 day, 7:02:01, time: 0.481, data_time: 0.001, memory: 5513, loss_rpn_cls: 0.0250, loss_rpn_bbox: 0.0190, loss_cls: 0.1163, acc: 96.3555, loss_bbox: 0.1273, loss: 0.2877
2025-11-19 04:23:10,276 - mmdet - INFO - Epoch [2][3300/16221]	lr: 2.500e-03, eta: 1 day, 7:00:17, time: 0.477, data_time: 0.001, memory: 5513, loss_rpn_cls: 0.0181, loss_rpn_bbox: 0.0191, loss_cls: 0.1201, acc: 96.0449, loss_bbox: 0.1420, loss: 0.2992
2025-11-19 04:23:34,149 - mmdet - INFO - Epoch [2][3350/16221]	lr: 2.500e-03, eta: 1 day, 6:58:34, time: 0.477, data_time: 0.001, memory: 5513, loss_rpn_cls: 0.0244, loss_rpn_bbox: 0.0178, loss_cls: 0.1346, acc: 95.8105, loss_bbox: 0.1442, loss: 0.3210
2025-11-19 04:23:58,120 - mmdet - INFO - Epoch [2][3400/16221]	lr: 2.500e-03, eta: 1 day, 6:56:52, time: 0.479, data_time: 0.001, memory: 5513, loss_rpn_cls: 0.0240, loss_rpn_bbox: 0.0172, loss_cls: 0.1187, acc: 96.2129, loss_bbox: 0.1241, loss: 0.2839
2025-11-19 04:24:22,072 - mmdet - INFO - Epoch [2][3450/16221]	lr: 2.500e-03, eta: 1 day, 6:55:10, time: 0.479, data_time: 0.001, memory: 5513, loss_rpn_cls: 0.0227, loss_rpn_bbox: 0.0207, loss_cls: 0.0914, acc: 97.1660, loss_bbox: 0.1012, loss: 0.2361
2025-11-19 04:24:45,902 - mmdet - INFO - Epoch [2][3500/16221]	lr: 2.500e-03, eta: 1 day, 6:53:27, time: 0.477, data_time: 0.001, memory: 5513, loss_rpn_cls: 0.0187, loss_rpn_bbox: 0.0182, loss_cls: 0.1073, acc: 96.4688, loss_bbox: 0.1296, loss: 0.2738
2025-11-19 04:25:10,020 - mmdet - INFO - Epoch [2][3550/16221]	lr: 2.500e-03, eta: 1 day, 6:51:48, time: 0.482, data_time: 0.001, memory: 5513, loss_rpn_cls: 0.0289, loss_rpn_bbox: 0.0240, loss_cls: 0.1365, acc: 95.5957, loss_bbox: 0.1504, loss: 0.3398
2025-11-19 04:25:33,935 - mmdet - INFO - Epoch [2][3600/16221]	lr: 2.500e-03, eta: 1 day, 6:50:07, time: 0.478, data_time: 0.001, memory: 5513, loss_rpn_cls: 0.0272, loss_rpn_bbox: 0.0200, loss_cls: 0.1231, acc: 95.8770, loss_bbox: 0.1427, loss: 0.3130
2025-11-19 04:25:57,486 - mmdet - INFO - Epoch [2][3650/16221]	lr: 2.500e-03, eta: 1 day, 6:48:23, time: 0.471, data_time: 0.001, memory: 5513, loss_rpn_cls: 0.0267, loss_rpn_bbox: 0.0254, loss_cls: 0.1200, acc: 96.0762, loss_bbox: 0.1395, loss: 0.3116
2025-11-19 04:26:21,615 - mmdet - INFO - Epoch [2][3700/16221]	lr: 2.500e-03, eta: 1 day, 6:46:44, time: 0.483, data_time: 0.001, memory: 5513, loss_rpn_cls: 0.0281, loss_rpn_bbox: 0.0323, loss_cls: 0.1117, acc: 96.5117, loss_bbox: 0.1146, loss: 0.2867
2025-11-19 04:26:45,664 - mmdet - INFO - Epoch [2][3750/16221]	lr: 2.500e-03, eta: 1 day, 6:45:06, time: 0.481, data_time: 0.001, memory: 5513, loss_rpn_cls: 0.0284, loss_rpn_bbox: 0.0260, loss_cls: 0.1164, acc: 96.2520, loss_bbox: 0.1259, loss: 0.2966
2025-11-19 04:27:09,917 - mmdet - INFO - Epoch [2][3800/16221]	lr: 2.500e-03, eta: 1 day, 6:43:29, time: 0.485, data_time: 0.001, memory: 5513, loss_rpn_cls: 0.0347, loss_rpn_bbox: 0.0209, loss_cls: 0.1161, acc: 96.3008, loss_bbox: 0.1254, loss: 0.2970
2025-11-19 04:27:34,040 - mmdet - INFO - Epoch [2][3850/16221]	lr: 2.500e-03, eta: 1 day, 6:41:52, time: 0.482, data_time: 0.001, memory: 5513, loss_rpn_cls: 0.0272, loss_rpn_bbox: 0.0244, loss_cls: 0.0972, acc: 96.8184, loss_bbox: 0.1104, loss: 0.2592
2025-11-19 04:27:58,159 - mmdet - INFO - Epoch [2][3900/16221]	lr: 2.500e-03, eta: 1 day, 6:40:15, time: 0.483, data_time: 0.001, memory: 5513, loss_rpn_cls: 0.0214, loss_rpn_bbox: 0.0193, loss_cls: 0.1027, acc: 96.8047, loss_bbox: 0.1076, loss: 0.2511
2025-11-19 04:28:22,136 - mmdet - INFO - Epoch [2][3950/16221]	lr: 2.500e-03, eta: 1 day, 6:38:37, time: 0.479, data_time: 0.001, memory: 5513, loss_rpn_cls: 0.0309, loss_rpn_bbox: 0.0262, loss_cls: 0.1029, acc: 96.6074, loss_bbox: 0.1263, loss: 0.2864
2025-11-19 04:28:46,200 - mmdet - INFO - Epoch [2][4000/16221]	lr: 2.500e-03, eta: 1 day, 6:37:00, time: 0.481, data_time: 0.001, memory: 5513, loss_rpn_cls: 0.0233, loss_rpn_bbox: 0.0206, loss_cls: 0.1143, acc: 96.0762, loss_bbox: 0.1417, loss: 0.2999
2025-11-19 04:29:10,009 - mmdet - INFO - Epoch [2][4050/16221]	lr: 2.500e-03, eta: 1 day, 6:35:22, time: 0.476, data_time: 0.001, memory: 5513, loss_rpn_cls: 0.0267, loss_rpn_bbox: 0.0193, loss_cls: 0.0958, acc: 96.8906, loss_bbox: 0.1091, loss: 0.2510
2025-11-19 04:29:34,431 - mmdet - INFO - Epoch [2][4100/16221]	lr: 2.500e-03, eta: 1 day, 6:33:49, time: 0.488, data_time: 0.001, memory: 5513, loss_rpn_cls: 0.0215, loss_rpn_bbox: 0.0157, loss_cls: 0.0948, acc: 96.6758, loss_bbox: 0.1178, loss: 0.2498
2025-11-19 04:29:58,367 - mmdet - INFO - Epoch [2][4150/16221]	lr: 2.500e-03, eta: 1 day, 6:32:12, time: 0.479, data_time: 0.001, memory: 5513, loss_rpn_cls: 0.0285, loss_rpn_bbox: 0.0227, loss_cls: 0.1392, acc: 95.6270, loss_bbox: 0.1505, loss: 0.3409
2025-11-19 04:30:22,138 - mmdet - INFO - Epoch [2][4200/16221]	lr: 2.500e-03, eta: 1 day, 6:30:34, time: 0.475, data_time: 0.001, memory: 5513, loss_rpn_cls: 0.0239, loss_rpn_bbox: 0.0177, loss_cls: 0.1060, acc: 96.5703, loss_bbox: 0.1170, loss: 0.2647
2025-11-19 04:30:46,422 - mmdet - INFO - Epoch [2][4250/16221]	lr: 2.500e-03, eta: 1 day, 6:29:01, time: 0.486, data_time: 0.001, memory: 5513, loss_rpn_cls: 0.0339, loss_rpn_bbox: 0.0378, loss_cls: 0.1241, acc: 96.0039, loss_bbox: 0.1341, loss: 0.3299
2025-11-19 04:31:10,565 - mmdet - INFO - Epoch [2][4300/16221]	lr: 2.500e-03, eta: 1 day, 6:27:27, time: 0.483, data_time: 0.001, memory: 5513, loss_rpn_cls: 0.0238, loss_rpn_bbox: 0.0203, loss_cls: 0.1269, acc: 96.0840, loss_bbox: 0.1321, loss: 0.3031
2025-11-19 04:31:34,405 - mmdet - INFO - Epoch [2][4350/16221]	lr: 2.500e-03, eta: 1 day, 6:25:51, time: 0.477, data_time: 0.001, memory: 5513, loss_rpn_cls: 0.0238, loss_rpn_bbox: 0.0221, loss_cls: 0.1254, acc: 96.0273, loss_bbox: 0.1350, loss: 0.3063
2025-11-19 04:31:58,070 - mmdet - INFO - Epoch [2][4400/16221]	lr: 2.500e-03, eta: 1 day, 6:24:14, time: 0.473, data_time: 0.001, memory: 5513, loss_rpn_cls: 0.0329, loss_rpn_bbox: 0.0290, loss_cls: 0.1252, acc: 96.0781, loss_bbox: 0.1286, loss: 0.3156
2025-11-19 04:32:21,995 - mmdet - INFO - Epoch [2][4450/16221]	lr: 2.500e-03, eta: 1 day, 6:22:39, time: 0.479, data_time: 0.001, memory: 5513, loss_rpn_cls: 0.0231, loss_rpn_bbox: 0.0203, loss_cls: 0.1146, acc: 96.2910, loss_bbox: 0.1248, loss: 0.2828
2025-11-19 04:32:45,990 - mmdet - INFO - Epoch [2][4500/16221]	lr: 2.500e-03, eta: 1 day, 6:21:05, time: 0.480, data_time: 0.001, memory: 5513, loss_rpn_cls: 0.0298, loss_rpn_bbox: 0.0224, loss_cls: 0.1127, acc: 96.5371, loss_bbox: 0.1133, loss: 0.2782
2025-11-19 04:33:09,361 - mmdet - INFO - Epoch [2][4550/16221]	lr: 2.500e-03, eta: 1 day, 6:19:26, time: 0.467, data_time: 0.001, memory: 5513, loss_rpn_cls: 0.0324, loss_rpn_bbox: 0.0187, loss_cls: 0.1224, acc: 95.9473, loss_bbox: 0.1390, loss: 0.3125
2025-11-19 04:33:33,193 - mmdet - INFO - Epoch [2][4600/16221]	lr: 2.500e-03, eta: 1 day, 6:17:52, time: 0.477, data_time: 0.001, memory: 5513, loss_rpn_cls: 0.0193, loss_rpn_bbox: 0.0192, loss_cls: 0.1059, acc: 96.5898, loss_bbox: 0.1211, loss: 0.2655
2025-11-19 04:33:56,892 - mmdet - INFO - Epoch [2][4650/16221]	lr: 2.500e-03, eta: 1 day, 6:16:17, time: 0.474, data_time: 0.001, memory: 5513, loss_rpn_cls: 0.0195, loss_rpn_bbox: 0.0207, loss_cls: 0.1056, acc: 96.4727, loss_bbox: 0.1190, loss: 0.2648
2025-11-19 04:34:20,981 - mmdet - INFO - Epoch [2][4700/16221]	lr: 2.500e-03, eta: 1 day, 6:14:45, time: 0.482, data_time: 0.001, memory: 5513, loss_rpn_cls: 0.0230, loss_rpn_bbox: 0.0171, loss_cls: 0.1270, acc: 96.0801, loss_bbox: 0.1320, loss: 0.2991
2025-11-19 04:34:44,921 - mmdet - INFO - Epoch [2][4750/16221]	lr: 2.500e-03, eta: 1 day, 6:13:12, time: 0.478, data_time: 0.001, memory: 5513, loss_rpn_cls: 0.0241, loss_rpn_bbox: 0.0187, loss_cls: 0.1020, acc: 96.8652, loss_bbox: 0.1040, loss: 0.2488
2025-11-19 04:35:08,499 - mmdet - INFO - Epoch [2][4800/16221]	lr: 2.500e-03, eta: 1 day, 6:11:37, time: 0.472, data_time: 0.001, memory: 5513, loss_rpn_cls: 0.0225, loss_rpn_bbox: 0.0155, loss_cls: 0.1104, acc: 96.4102, loss_bbox: 0.1268, loss: 0.2752
2025-11-19 04:35:32,394 - mmdet - INFO - Epoch [2][4850/16221]	lr: 2.500e-03, eta: 1 day, 6:10:05, time: 0.478, data_time: 0.001, memory: 5513, loss_rpn_cls: 0.0227, loss_rpn_bbox: 0.0188, loss_cls: 0.1209, acc: 95.9648, loss_bbox: 0.1440, loss: 0.3064
2025-11-19 04:35:56,161 - mmdet - INFO - Epoch [2][4900/16221]	lr: 2.500e-03, eta: 1 day, 6:08:32, time: 0.475, data_time: 0.001, memory: 5513, loss_rpn_cls: 0.0225, loss_rpn_bbox: 0.0157, loss_cls: 0.0992, acc: 96.8223, loss_bbox: 0.1082, loss: 0.2455
2025-11-19 04:36:20,281 - mmdet - INFO - Epoch [2][4950/16221]	lr: 2.500e-03, eta: 1 day, 6:07:02, time: 0.482, data_time: 0.001, memory: 5513, loss_rpn_cls: 0.0246, loss_rpn_bbox: 0.0207, loss_cls: 0.1185, acc: 96.1680, loss_bbox: 0.1343, loss: 0.2980
2025-11-19 04:36:43,992 - mmdet - INFO - Epoch [2][5000/16221]	lr: 2.500e-03, eta: 1 day, 6:05:29, time: 0.474, data_time: 0.001, memory: 5513, loss_rpn_cls: 0.0302, loss_rpn_bbox: 0.0245, loss_cls: 0.1005, acc: 96.9844, loss_bbox: 0.1046, loss: 0.2598
2025-11-19 04:37:08,088 - mmdet - INFO - Epoch [2][5050/16221]	lr: 2.500e-03, eta: 1 day, 6:04:00, time: 0.482, data_time: 0.001, memory: 5513, loss_rpn_cls: 0.0221, loss_rpn_bbox: 0.0194, loss_cls: 0.1055, acc: 96.4297, loss_bbox: 0.1166, loss: 0.2636
2025-11-19 04:37:31,966 - mmdet - INFO - Epoch [2][5100/16221]	lr: 2.500e-03, eta: 1 day, 6:02:29, time: 0.478, data_time: 0.001, memory: 5513, loss_rpn_cls: 0.0270, loss_rpn_bbox: 0.0210, loss_cls: 0.1403, acc: 95.9375, loss_bbox: 0.1305, loss: 0.3188
2025-11-19 04:37:55,730 - mmdet - INFO - Epoch [2][5150/16221]	lr: 2.500e-03, eta: 1 day, 6:00:57, time: 0.475, data_time: 0.001, memory: 5513, loss_rpn_cls: 0.0268, loss_rpn_bbox: 0.0200, loss_cls: 0.1206, acc: 96.2793, loss_bbox: 0.1368, loss: 0.3042
2025-11-19 04:38:19,642 - mmdet - INFO - Epoch [2][5200/16221]	lr: 2.500e-03, eta: 1 day, 5:59:27, time: 0.478, data_time: 0.001, memory: 5513, loss_rpn_cls: 0.0291, loss_rpn_bbox: 0.0182, loss_cls: 0.1161, acc: 96.2090, loss_bbox: 0.1276, loss: 0.2911
2025-11-19 04:38:43,324 - mmdet - INFO - Epoch [2][5250/16221]	lr: 2.500e-03, eta: 1 day, 5:57:56, time: 0.474, data_time: 0.001, memory: 5513, loss_rpn_cls: 0.0200, loss_rpn_bbox: 0.0170, loss_cls: 0.1311, acc: 95.4805, loss_bbox: 0.1612, loss: 0.3294
2025-11-19 04:39:07,519 - mmdet - INFO - Epoch [2][5300/16221]	lr: 2.500e-03, eta: 1 day, 5:56:29, time: 0.484, data_time: 0.001, memory: 5513, loss_rpn_cls: 0.0290, loss_rpn_bbox: 0.0250, loss_cls: 0.1364, acc: 95.3672, loss_bbox: 0.1543, loss: 0.3446
2025-11-19 04:39:31,684 - mmdet - INFO - Epoch [2][5350/16221]	lr: 2.500e-03, eta: 1 day, 5:55:02, time: 0.483, data_time: 0.001, memory: 5513, loss_rpn_cls: 0.0296, loss_rpn_bbox: 0.0207, loss_cls: 0.1164, acc: 96.2754, loss_bbox: 0.1266, loss: 0.2932
2025-11-19 04:39:55,319 - mmdet - INFO - Epoch [2][5400/16221]	lr: 2.500e-03, eta: 1 day, 5:53:31, time: 0.473, data_time: 0.001, memory: 5513, loss_rpn_cls: 0.0288, loss_rpn_bbox: 0.0193, loss_cls: 0.1056, acc: 96.6211, loss_bbox: 0.1213, loss: 0.2750
2025-11-19 04:40:19,218 - mmdet - INFO - Epoch [2][5450/16221]	lr: 2.500e-03, eta: 1 day, 5:52:02, time: 0.478, data_time: 0.001, memory: 5513, loss_rpn_cls: 0.0230, loss_rpn_bbox: 0.0183, loss_cls: 0.1031, acc: 96.6367, loss_bbox: 0.1211, loss: 0.2656
2025-11-19 04:40:43,218 - mmdet - INFO - Epoch [2][5500/16221]	lr: 2.500e-03, eta: 1 day, 5:50:35, time: 0.480, data_time: 0.001, memory: 5513, loss_rpn_cls: 0.0209, loss_rpn_bbox: 0.0172, loss_cls: 0.1178, acc: 96.4102, loss_bbox: 0.1222, loss: 0.2782
2025-11-19 04:41:06,768 - mmdet - INFO - Epoch [2][5550/16221]	lr: 2.500e-03, eta: 1 day, 5:49:04, time: 0.471, data_time: 0.001, memory: 5513, loss_rpn_cls: 0.0228, loss_rpn_bbox: 0.0144, loss_cls: 0.1088, acc: 96.2988, loss_bbox: 0.1303, loss: 0.2763
2025-11-19 04:41:30,762 - mmdet - INFO - Epoch [2][5600/16221]	lr: 2.500e-03, eta: 1 day, 5:47:37, time: 0.480, data_time: 0.001, memory: 5513, loss_rpn_cls: 0.0192, loss_rpn_bbox: 0.0212, loss_cls: 0.1084, acc: 96.4121, loss_bbox: 0.1278, loss: 0.2766
2025-11-19 04:41:54,624 - mmdet - INFO - Epoch [2][5650/16221]	lr: 2.500e-03, eta: 1 day, 5:46:10, time: 0.477, data_time: 0.001, memory: 5513, loss_rpn_cls: 0.0267, loss_rpn_bbox: 0.0217, loss_cls: 0.1256, acc: 95.9746, loss_bbox: 0.1432, loss: 0.3172
2025-11-19 04:42:18,680 - mmdet - INFO - Epoch [2][5700/16221]	lr: 2.500e-03, eta: 1 day, 5:44:44, time: 0.481, data_time: 0.001, memory: 5513, loss_rpn_cls: 0.0217, loss_rpn_bbox: 0.0177, loss_cls: 0.0963, acc: 96.9121, loss_bbox: 0.1146, loss: 0.2502
2025-11-19 04:42:42,628 - mmdet - INFO - Epoch [2][5750/16221]	lr: 2.500e-03, eta: 1 day, 5:43:17, time: 0.479, data_time: 0.001, memory: 5513, loss_rpn_cls: 0.0180, loss_rpn_bbox: 0.0165, loss_cls: 0.1134, acc: 96.2344, loss_bbox: 0.1228, loss: 0.2707
2025-11-19 04:43:06,563 - mmdet - INFO - Epoch [2][5800/16221]	lr: 2.500e-03, eta: 1 day, 5:41:51, time: 0.479, data_time: 0.001, memory: 5513, loss_rpn_cls: 0.0242, loss_rpn_bbox: 0.0206, loss_cls: 0.1305, acc: 95.6758, loss_bbox: 0.1538, loss: 0.3292
2025-11-19 04:43:30,818 - mmdet - INFO - Epoch [2][5850/16221]	lr: 2.500e-03, eta: 1 day, 5:40:28, time: 0.485, data_time: 0.001, memory: 5513, loss_rpn_cls: 0.0220, loss_rpn_bbox: 0.0257, loss_cls: 0.1079, acc: 96.5840, loss_bbox: 0.1121, loss: 0.2678
2025-11-19 04:43:54,911 - mmdet - INFO - Epoch [2][5900/16221]	lr: 2.500e-03, eta: 1 day, 5:39:03, time: 0.482, data_time: 0.001, memory: 5513, loss_rpn_cls: 0.0267, loss_rpn_bbox: 0.0202, loss_cls: 0.0961, acc: 96.7832, loss_bbox: 0.1129, loss: 0.2560
2025-11-19 04:44:18,617 - mmdet - INFO - Epoch [2][5950/16221]	lr: 2.500e-03, eta: 1 day, 5:37:36, time: 0.474, data_time: 0.001, memory: 5513, loss_rpn_cls: 0.0371, loss_rpn_bbox: 0.0202, loss_cls: 0.1261, acc: 96.1191, loss_bbox: 0.1378, loss: 0.3212
2025-11-19 04:44:42,520 - mmdet - INFO - Epoch [2][6000/16221]	lr: 2.500e-03, eta: 1 day, 5:36:11, time: 0.478, data_time: 0.001, memory: 5513, loss_rpn_cls: 0.0269, loss_rpn_bbox: 0.0207, loss_cls: 0.1227, acc: 95.9883, loss_bbox: 0.1448, loss: 0.3151
2025-11-19 04:45:06,872 - mmdet - INFO - Epoch [2][6050/16221]	lr: 2.500e-03, eta: 1 day, 5:34:49, time: 0.487, data_time: 0.001, memory: 5513, loss_rpn_cls: 0.0242, loss_rpn_bbox: 0.0182, loss_cls: 0.1116, acc: 96.5254, loss_bbox: 0.1277, loss: 0.2817
2025-11-19 04:45:30,780 - mmdet - INFO - Epoch [2][6100/16221]	lr: 2.500e-03, eta: 1 day, 5:33:24, time: 0.478, data_time: 0.001, memory: 5513, loss_rpn_cls: 0.0249, loss_rpn_bbox: 0.0177, loss_cls: 0.0954, acc: 96.7852, loss_bbox: 0.1094, loss: 0.2474
2025-11-19 04:45:54,529 - mmdet - INFO - Epoch [2][6150/16221]	lr: 2.500e-03, eta: 1 day, 5:31:59, time: 0.475, data_time: 0.001, memory: 5513, loss_rpn_cls: 0.0247, loss_rpn_bbox: 0.0255, loss_cls: 0.1297, acc: 95.8574, loss_bbox: 0.1463, loss: 0.3262
2025-11-19 04:46:18,186 - mmdet - INFO - Epoch [2][6200/16221]	lr: 2.500e-03, eta: 1 day, 5:30:33, time: 0.473, data_time: 0.001, memory: 5513, loss_rpn_cls: 0.0319, loss_rpn_bbox: 0.0218, loss_cls: 0.1399, acc: 95.4141, loss_bbox: 0.1492, loss: 0.3428
2025-11-19 04:46:42,279 - mmdet - INFO - Epoch [2][6250/16221]	lr: 2.500e-03, eta: 1 day, 5:29:10, time: 0.482, data_time: 0.001, memory: 5513, loss_rpn_cls: 0.0268, loss_rpn_bbox: 0.0228, loss_cls: 0.1190, acc: 95.9453, loss_bbox: 0.1392, loss: 0.3077
2025-11-19 04:47:06,325 - mmdet - INFO - Epoch [2][6300/16221]	lr: 2.500e-03, eta: 1 day, 5:27:47, time: 0.481, data_time: 0.001, memory: 5513, loss_rpn_cls: 0.0226, loss_rpn_bbox: 0.0202, loss_cls: 0.1119, acc: 96.2695, loss_bbox: 0.1316, loss: 0.2862
2025-11-19 04:47:30,060 - mmdet - INFO - Epoch [2][6350/16221]	lr: 2.500e-03, eta: 1 day, 5:26:23, time: 0.475, data_time: 0.001, memory: 5513, loss_rpn_cls: 0.0265, loss_rpn_bbox: 0.0239, loss_cls: 0.1091, acc: 96.6387, loss_bbox: 0.1126, loss: 0.2721
2025-11-19 04:47:53,976 - mmdet - INFO - Epoch [2][6400/16221]	lr: 2.500e-03, eta: 1 day, 5:24:59, time: 0.478, data_time: 0.001, memory: 5513, loss_rpn_cls: 0.0202, loss_rpn_bbox: 0.0217, loss_cls: 0.1014, acc: 96.7891, loss_bbox: 0.1114, loss: 0.2547
2025-11-19 04:48:18,149 - mmdet - INFO - Epoch [2][6450/16221]	lr: 2.500e-03, eta: 1 day, 5:23:39, time: 0.483, data_time: 0.001, memory: 5513, loss_rpn_cls: 0.0247, loss_rpn_bbox: 0.0182, loss_cls: 0.1112, acc: 96.4453, loss_bbox: 0.1201, loss: 0.2743
2025-11-19 04:48:41,755 - mmdet - INFO - Epoch [2][6500/16221]	lr: 2.500e-03, eta: 1 day, 5:22:14, time: 0.472, data_time: 0.001, memory: 5513, loss_rpn_cls: 0.0296, loss_rpn_bbox: 0.0246, loss_cls: 0.1304, acc: 95.8477, loss_bbox: 0.1432, loss: 0.3278
2025-11-19 04:49:05,790 - mmdet - INFO - Epoch [2][6550/16221]	lr: 2.500e-03, eta: 1 day, 5:20:52, time: 0.481, data_time: 0.001, memory: 5513, loss_rpn_cls: 0.0288, loss_rpn_bbox: 0.0285, loss_cls: 0.1268, acc: 95.9785, loss_bbox: 0.1351, loss: 0.3193
2025-11-19 04:49:29,790 - mmdet - INFO - Epoch [2][6600/16221]	lr: 2.500e-03, eta: 1 day, 5:19:31, time: 0.480, data_time: 0.001, memory: 5513, loss_rpn_cls: 0.0252, loss_rpn_bbox: 0.0196, loss_cls: 0.1058, acc: 96.9297, loss_bbox: 0.1152, loss: 0.2659
2025-11-19 04:49:53,694 - mmdet - INFO - Epoch [2][6650/16221]	lr: 2.500e-03, eta: 1 day, 5:18:09, time: 0.478, data_time: 0.001, memory: 5513, loss_rpn_cls: 0.0244, loss_rpn_bbox: 0.0187, loss_cls: 0.1028, acc: 96.5996, loss_bbox: 0.1135, loss: 0.2593
2025-11-19 04:50:17,313 - mmdet - INFO - Epoch [2][6700/16221]	lr: 2.500e-03, eta: 1 day, 5:16:45, time: 0.472, data_time: 0.001, memory: 5513, loss_rpn_cls: 0.0202, loss_rpn_bbox: 0.0155, loss_cls: 0.1133, acc: 96.6797, loss_bbox: 0.1095, loss: 0.2585
2025-11-19 04:50:41,408 - mmdet - INFO - Epoch [2][6750/16221]	lr: 2.500e-03, eta: 1 day, 5:15:25, time: 0.482, data_time: 0.001, memory: 5513, loss_rpn_cls: 0.0222, loss_rpn_bbox: 0.0196, loss_cls: 0.1199, acc: 95.9688, loss_bbox: 0.1388, loss: 0.3006
2025-11-19 04:51:05,071 - mmdet - INFO - Epoch [2][6800/16221]	lr: 2.500e-03, eta: 1 day, 5:14:02, time: 0.473, data_time: 0.001, memory: 5513, loss_rpn_cls: 0.0284, loss_rpn_bbox: 0.0207, loss_cls: 0.1210, acc: 96.2383, loss_bbox: 0.1222, loss: 0.2923
2025-11-19 04:51:29,633 - mmdet - INFO - Epoch [2][6850/16221]	lr: 2.500e-03, eta: 1 day, 5:12:46, time: 0.491, data_time: 0.001, memory: 5513, loss_rpn_cls: 0.0239, loss_rpn_bbox: 0.0194, loss_cls: 0.0867, acc: 97.0879, loss_bbox: 0.1014, loss: 0.2314
2025-11-19 04:51:53,501 - mmdet - INFO - Epoch [2][6900/16221]	lr: 2.500e-03, eta: 1 day, 5:11:25, time: 0.478, data_time: 0.001, memory: 5513, loss_rpn_cls: 0.0184, loss_rpn_bbox: 0.0168, loss_cls: 0.1290, acc: 95.5488, loss_bbox: 0.1690, loss: 0.3332
2025-11-19 04:52:17,319 - mmdet - INFO - Epoch [2][6950/16221]	lr: 2.500e-03, eta: 1 day, 5:10:04, time: 0.476, data_time: 0.001, memory: 5513, loss_rpn_cls: 0.0252, loss_rpn_bbox: 0.0205, loss_cls: 0.1217, acc: 96.1797, loss_bbox: 0.1347, loss: 0.3020
2025-11-19 04:52:41,706 - mmdet - INFO - Epoch [2][7000/16221]	lr: 2.500e-03, eta: 1 day, 5:08:48, time: 0.487, data_time: 0.001, memory: 5513, loss_rpn_cls: 0.0204, loss_rpn_bbox: 0.0197, loss_cls: 0.1024, acc: 96.9102, loss_bbox: 0.1031, loss: 0.2456
2025-11-19 04:53:05,671 - mmdet - INFO - Epoch [2][7050/16221]	lr: 2.500e-03, eta: 1 day, 5:07:28, time: 0.479, data_time: 0.001, memory: 5513, loss_rpn_cls: 0.0285, loss_rpn_bbox: 0.0234, loss_cls: 0.1162, acc: 96.3613, loss_bbox: 0.1302, loss: 0.2983
2025-11-19 04:53:29,839 - mmdet - INFO - Epoch [2][7100/16221]	lr: 2.500e-03, eta: 1 day, 5:06:10, time: 0.483, data_time: 0.001, memory: 5513, loss_rpn_cls: 0.0262, loss_rpn_bbox: 0.0183, loss_cls: 0.1110, acc: 96.3555, loss_bbox: 0.1234, loss: 0.2789
2025-11-19 04:53:53,707 - mmdet - INFO - Epoch [2][7150/16221]	lr: 2.500e-03, eta: 1 day, 5:04:51, time: 0.478, data_time: 0.001, memory: 5513, loss_rpn_cls: 0.0216, loss_rpn_bbox: 0.0157, loss_cls: 0.1119, acc: 96.2363, loss_bbox: 0.1372, loss: 0.2863
2025-11-19 04:54:17,436 - mmdet - INFO - Epoch [2][7200/16221]	lr: 2.500e-03, eta: 1 day, 5:03:30, time: 0.474, data_time: 0.001, memory: 5513, loss_rpn_cls: 0.0212, loss_rpn_bbox: 0.0156, loss_cls: 0.1155, acc: 96.2422, loss_bbox: 0.1314, loss: 0.2837
2025-11-19 04:54:41,532 - mmdet - INFO - Epoch [2][7250/16221]	lr: 2.500e-03, eta: 1 day, 5:02:12, time: 0.482, data_time: 0.001, memory: 5513, loss_rpn_cls: 0.0244, loss_rpn_bbox: 0.0231, loss_cls: 0.1286, acc: 95.8438, loss_bbox: 0.1487, loss: 0.3247
2025-11-19 04:55:05,808 - mmdet - INFO - Epoch [2][7300/16221]	lr: 2.500e-03, eta: 1 day, 5:00:56, time: 0.486, data_time: 0.001, memory: 5513, loss_rpn_cls: 0.0248, loss_rpn_bbox: 0.0198, loss_cls: 0.1212, acc: 96.1172, loss_bbox: 0.1404, loss: 0.3062
2025-11-19 04:55:29,579 - mmdet - INFO - Epoch [2][7350/16221]	lr: 2.500e-03, eta: 1 day, 4:59:37, time: 0.475, data_time: 0.001, memory: 5513, loss_rpn_cls: 0.0275, loss_rpn_bbox: 0.0249, loss_cls: 0.1148, acc: 96.2852, loss_bbox: 0.1430, loss: 0.3102
2025-11-19 04:55:53,947 - mmdet - INFO - Epoch [2][7400/16221]	lr: 2.500e-03, eta: 1 day, 4:58:22, time: 0.487, data_time: 0.001, memory: 5513, loss_rpn_cls: 0.0254, loss_rpn_bbox: 0.0207, loss_cls: 0.1133, acc: 96.3086, loss_bbox: 0.1253, loss: 0.2847
2025-11-19 04:56:17,856 - mmdet - INFO - Epoch [2][7450/16221]	lr: 2.500e-03, eta: 1 day, 4:57:04, time: 0.478, data_time: 0.002, memory: 5513, loss_rpn_cls: 0.0191, loss_rpn_bbox: 0.0168, loss_cls: 0.1063, acc: 96.6328, loss_bbox: 0.1169, loss: 0.2591
2025-11-19 04:56:41,997 - mmdet - INFO - Epoch [2][7500/16221]	lr: 2.500e-03, eta: 1 day, 4:55:48, time: 0.483, data_time: 0.002, memory: 5513, loss_rpn_cls: 0.0216, loss_rpn_bbox: 0.0167, loss_cls: 0.1257, acc: 95.6133, loss_bbox: 0.1485, loss: 0.3125
2025-11-19 04:57:05,626 - mmdet - INFO - Epoch [2][7550/16221]	lr: 2.500e-03, eta: 1 day, 4:54:28, time: 0.473, data_time: 0.001, memory: 5513, loss_rpn_cls: 0.0225, loss_rpn_bbox: 0.0188, loss_cls: 0.1084, acc: 96.3203, loss_bbox: 0.1314, loss: 0.2810
2025-11-19 04:57:29,556 - mmdet - INFO - Epoch [2][7600/16221]	lr: 2.500e-03, eta: 1 day, 4:53:11, time: 0.479, data_time: 0.001, memory: 5513, loss_rpn_cls: 0.0194, loss_rpn_bbox: 0.0178, loss_cls: 0.1047, acc: 96.6113, loss_bbox: 0.1191, loss: 0.2610
2025-11-19 04:57:53,579 - mmdet - INFO - Epoch [2][7650/16221]	lr: 2.500e-03, eta: 1 day, 4:51:55, time: 0.480, data_time: 0.001, memory: 5513, loss_rpn_cls: 0.0203, loss_rpn_bbox: 0.0176, loss_cls: 0.1251, acc: 95.6406, loss_bbox: 0.1505, loss: 0.3134
2025-11-19 04:58:17,577 - mmdet - INFO - Epoch [2][7700/16221]	lr: 2.500e-03, eta: 1 day, 4:50:38, time: 0.480, data_time: 0.001, memory: 5513, loss_rpn_cls: 0.0292, loss_rpn_bbox: 0.0197, loss_cls: 0.1186, acc: 96.2266, loss_bbox: 0.1319, loss: 0.2994
2025-11-19 04:58:41,180 - mmdet - INFO - Epoch [2][7750/16221]	lr: 2.500e-03, eta: 1 day, 4:49:19, time: 0.472, data_time: 0.003, memory: 5513, loss_rpn_cls: 0.0283, loss_rpn_bbox: 0.0200, loss_cls: 0.1292, acc: 95.9316, loss_bbox: 0.1385, loss: 0.3160
2025-11-19 04:59:05,122 - mmdet - INFO - Epoch [2][7800/16221]	lr: 2.500e-03, eta: 1 day, 4:48:03, time: 0.479, data_time: 0.002, memory: 5513, loss_rpn_cls: 0.0243, loss_rpn_bbox: 0.0183, loss_cls: 0.1163, acc: 96.2363, loss_bbox: 0.1300, loss: 0.2889
2025-11-19 04:59:28,810 - mmdet - INFO - Epoch [2][7850/16221]	lr: 2.500e-03, eta: 1 day, 4:46:45, time: 0.474, data_time: 0.001, memory: 5513, loss_rpn_cls: 0.0282, loss_rpn_bbox: 0.0168, loss_cls: 0.1302, acc: 95.6895, loss_bbox: 0.1529, loss: 0.3282
2025-11-19 04:59:52,706 - mmdet - INFO - Epoch [2][7900/16221]	lr: 2.500e-03, eta: 1 day, 4:45:29, time: 0.478, data_time: 0.001, memory: 5513, loss_rpn_cls: 0.0252, loss_rpn_bbox: 0.0159, loss_cls: 0.1022, acc: 96.5605, loss_bbox: 0.1187, loss: 0.2620
2025-11-19 05:00:16,601 - mmdet - INFO - Epoch [2][7950/16221]	lr: 2.500e-03, eta: 1 day, 4:44:13, time: 0.478, data_time: 0.001, memory: 5513, loss_rpn_cls: 0.0248, loss_rpn_bbox: 0.0162, loss_cls: 0.1224, acc: 96.2598, loss_bbox: 0.1269, loss: 0.2902
2025-11-19 05:00:40,366 - mmdet - INFO - Epoch [2][8000/16221]	lr: 2.500e-03, eta: 1 day, 4:42:57, time: 0.475, data_time: 0.001, memory: 5513, loss_rpn_cls: 0.0217, loss_rpn_bbox: 0.0197, loss_cls: 0.1123, acc: 96.3477, loss_bbox: 0.1209, loss: 0.2745
2025-11-19 05:01:04,399 - mmdet - INFO - Epoch [2][8050/16221]	lr: 2.500e-03, eta: 1 day, 4:41:42, time: 0.481, data_time: 0.001, memory: 5513, loss_rpn_cls: 0.0346, loss_rpn_bbox: 0.0253, loss_cls: 0.1413, acc: 95.3613, loss_bbox: 0.1627, loss: 0.3638
2025-11-19 05:01:28,033 - mmdet - INFO - Epoch [2][8100/16221]	lr: 2.500e-03, eta: 1 day, 4:40:25, time: 0.473, data_time: 0.001, memory: 5513, loss_rpn_cls: 0.0235, loss_rpn_bbox: 0.0217, loss_cls: 0.1095, acc: 96.5352, loss_bbox: 0.1274, loss: 0.2821
2025-11-19 05:01:52,081 - mmdet - INFO - Epoch [2][8150/16221]	lr: 2.500e-03, eta: 1 day, 4:39:11, time: 0.481, data_time: 0.001, memory: 5513, loss_rpn_cls: 0.0276, loss_rpn_bbox: 0.0191, loss_cls: 0.1225, acc: 95.9980, loss_bbox: 0.1391, loss: 0.3083
2025-11-19 05:02:15,709 - mmdet - INFO - Epoch [2][8200/16221]	lr: 2.500e-03, eta: 1 day, 4:37:54, time: 0.473, data_time: 0.001, memory: 5513, loss_rpn_cls: 0.0271, loss_rpn_bbox: 0.0218, loss_cls: 0.1162, acc: 96.3379, loss_bbox: 0.1365, loss: 0.3017
2025-11-19 05:02:39,958 - mmdet - INFO - Epoch [2][8250/16221]	lr: 2.500e-03, eta: 1 day, 4:36:42, time: 0.485, data_time: 0.001, memory: 5513, loss_rpn_cls: 0.0230, loss_rpn_bbox: 0.0135, loss_cls: 0.1002, acc: 96.4590, loss_bbox: 0.1297, loss: 0.2664
2025-11-19 05:03:03,420 - mmdet - INFO - Epoch [2][8300/16221]	lr: 2.500e-03, eta: 1 day, 4:35:25, time: 0.470, data_time: 0.001, memory: 5513, loss_rpn_cls: 0.0270, loss_rpn_bbox: 0.0226, loss_cls: 0.1050, acc: 96.4160, loss_bbox: 0.1195, loss: 0.2741
2025-11-19 05:03:27,225 - mmdet - INFO - Epoch [2][8350/16221]	lr: 2.500e-03, eta: 1 day, 4:34:10, time: 0.476, data_time: 0.001, memory: 5513, loss_rpn_cls: 0.0263, loss_rpn_bbox: 0.0241, loss_cls: 0.1084, acc: 96.3730, loss_bbox: 0.1216, loss: 0.2804
2025-11-19 05:03:51,008 - mmdet - INFO - Epoch [2][8400/16221]	lr: 2.500e-03, eta: 1 day, 4:32:55, time: 0.476, data_time: 0.001, memory: 5513, loss_rpn_cls: 0.0322, loss_rpn_bbox: 0.0238, loss_cls: 0.1263, acc: 95.7402, loss_bbox: 0.1474, loss: 0.3296
2025-11-19 05:04:14,676 - mmdet - INFO - Epoch [2][8450/16221]	lr: 2.500e-03, eta: 1 day, 4:31:40, time: 0.473, data_time: 0.002, memory: 5513, loss_rpn_cls: 0.0246, loss_rpn_bbox: 0.0203, loss_cls: 0.1079, acc: 96.5000, loss_bbox: 0.1228, loss: 0.2755
2025-11-19 05:04:38,732 - mmdet - INFO - Epoch [2][8500/16221]	lr: 2.500e-03, eta: 1 day, 4:30:27, time: 0.481, data_time: 0.001, memory: 5513, loss_rpn_cls: 0.0242, loss_rpn_bbox: 0.0236, loss_cls: 0.1147, acc: 96.3398, loss_bbox: 0.1283, loss: 0.2908
2025-11-19 05:05:02,238 - mmdet - INFO - Epoch [2][8550/16221]	lr: 2.500e-03, eta: 1 day, 4:29:11, time: 0.470, data_time: 0.001, memory: 5513, loss_rpn_cls: 0.0201, loss_rpn_bbox: 0.0155, loss_cls: 0.1005, acc: 96.5410, loss_bbox: 0.1199, loss: 0.2560
2025-11-19 05:05:26,233 - mmdet - INFO - Epoch [2][8600/16221]	lr: 2.500e-03, eta: 1 day, 4:27:59, time: 0.480, data_time: 0.001, memory: 5513, loss_rpn_cls: 0.0243, loss_rpn_bbox: 0.0205, loss_cls: 0.1224, acc: 95.9805, loss_bbox: 0.1404, loss: 0.3076
2025-11-19 05:05:49,910 - mmdet - INFO - Epoch [2][8650/16221]	lr: 2.500e-03, eta: 1 day, 4:26:44, time: 0.474, data_time: 0.001, memory: 5513, loss_rpn_cls: 0.0197, loss_rpn_bbox: 0.0156, loss_cls: 0.0953, acc: 96.7676, loss_bbox: 0.1113, loss: 0.2419
2025-11-19 05:06:14,044 - mmdet - INFO - Epoch [2][8700/16221]	lr: 2.500e-03, eta: 1 day, 4:25:33, time: 0.482, data_time: 0.001, memory: 5513, loss_rpn_cls: 0.0188, loss_rpn_bbox: 0.0178, loss_cls: 0.1212, acc: 95.9941, loss_bbox: 0.1415, loss: 0.2993
2025-11-19 05:06:38,368 - mmdet - INFO - Epoch [2][8750/16221]	lr: 2.500e-03, eta: 1 day, 4:24:23, time: 0.486, data_time: 0.001, memory: 5513, loss_rpn_cls: 0.0235, loss_rpn_bbox: 0.0249, loss_cls: 0.1116, acc: 95.9961, loss_bbox: 0.1450, loss: 0.3050
2025-11-19 05:07:02,235 - mmdet - INFO - Epoch [2][8800/16221]	lr: 2.500e-03, eta: 1 day, 4:23:11, time: 0.477, data_time: 0.001, memory: 5513, loss_rpn_cls: 0.0256, loss_rpn_bbox: 0.0190, loss_cls: 0.1105, acc: 96.2637, loss_bbox: 0.1274, loss: 0.2824
2025-11-19 05:07:26,066 - mmdet - INFO - Epoch [2][8850/16221]	lr: 2.500e-03, eta: 1 day, 4:21:58, time: 0.477, data_time: 0.001, memory: 5513, loss_rpn_cls: 0.0215, loss_rpn_bbox: 0.0173, loss_cls: 0.1245, acc: 95.6719, loss_bbox: 0.1396, loss: 0.3029
2025-11-19 05:07:50,181 - mmdet - INFO - Epoch [2][8900/16221]	lr: 2.500e-03, eta: 1 day, 4:20:47, time: 0.482, data_time: 0.001, memory: 5513, loss_rpn_cls: 0.0194, loss_rpn_bbox: 0.0179, loss_cls: 0.1086, acc: 96.5312, loss_bbox: 0.1169, loss: 0.2627
2025-11-19 05:08:14,141 - mmdet - INFO - Epoch [2][8950/16221]	lr: 2.500e-03, eta: 1 day, 4:19:36, time: 0.479, data_time: 0.001, memory: 5513, loss_rpn_cls: 0.0257, loss_rpn_bbox: 0.0180, loss_cls: 0.1068, acc: 96.4375, loss_bbox: 0.1188, loss: 0.2693
2025-11-19 05:08:38,190 - mmdet - INFO - Epoch [2][9000/16221]	lr: 2.500e-03, eta: 1 day, 4:18:25, time: 0.481, data_time: 0.001, memory: 5513, loss_rpn_cls: 0.0300, loss_rpn_bbox: 0.0208, loss_cls: 0.1202, acc: 96.0332, loss_bbox: 0.1430, loss: 0.3140
2025-11-19 05:09:01,990 - mmdet - INFO - Epoch [2][9050/16221]	lr: 2.500e-03, eta: 1 day, 4:17:13, time: 0.476, data_time: 0.001, memory: 5513, loss_rpn_cls: 0.0237, loss_rpn_bbox: 0.0198, loss_cls: 0.1342, acc: 95.1816, loss_bbox: 0.1633, loss: 0.3411
2025-11-19 05:09:25,959 - mmdet - INFO - Epoch [2][9100/16221]	lr: 2.500e-03, eta: 1 day, 4:16:02, time: 0.479, data_time: 0.001, memory: 5513, loss_rpn_cls: 0.0236, loss_rpn_bbox: 0.0192, loss_cls: 0.1167, acc: 96.0117, loss_bbox: 0.1438, loss: 0.3033
2025-11-19 05:09:50,006 - mmdet - INFO - Epoch [2][9150/16221]	lr: 2.500e-03, eta: 1 day, 4:14:52, time: 0.481, data_time: 0.001, memory: 5513, loss_rpn_cls: 0.0229, loss_rpn_bbox: 0.0183, loss_cls: 0.1173, acc: 95.9688, loss_bbox: 0.1414, loss: 0.2999
2025-11-19 05:10:14,114 - mmdet - INFO - Epoch [2][9200/16221]	lr: 2.500e-03, eta: 1 day, 4:13:43, time: 0.482, data_time: 0.001, memory: 5513, loss_rpn_cls: 0.0268, loss_rpn_bbox: 0.0241, loss_cls: 0.1152, acc: 96.1250, loss_bbox: 0.1322, loss: 0.2983
2025-11-19 05:10:37,619 - mmdet - INFO - Epoch [2][9250/16221]	lr: 2.500e-03, eta: 1 day, 4:12:29, time: 0.470, data_time: 0.001, memory: 5513, loss_rpn_cls: 0.0235, loss_rpn_bbox: 0.0147, loss_cls: 0.0916, acc: 97.0684, loss_bbox: 0.0957, loss: 0.2255
2025-11-19 05:11:01,192 - mmdet - INFO - Epoch [2][9300/16221]	lr: 2.500e-03, eta: 1 day, 4:11:17, time: 0.471, data_time: 0.001, memory: 5513, loss_rpn_cls: 0.0213, loss_rpn_bbox: 0.0230, loss_cls: 0.1149, acc: 96.1367, loss_bbox: 0.1388, loss: 0.2980
2025-11-19 05:11:24,775 - mmdet - INFO - Epoch [2][9350/16221]	lr: 2.500e-03, eta: 1 day, 4:10:04, time: 0.472, data_time: 0.001, memory: 5513, loss_rpn_cls: 0.0213, loss_rpn_bbox: 0.0195, loss_cls: 0.1151, acc: 95.9473, loss_bbox: 0.1429, loss: 0.2989
2025-11-19 05:11:48,709 - mmdet - INFO - Epoch [2][9400/16221]	lr: 2.500e-03, eta: 1 day, 4:08:55, time: 0.479, data_time: 0.001, memory: 5513, loss_rpn_cls: 0.0300, loss_rpn_bbox: 0.0179, loss_cls: 0.1203, acc: 96.1309, loss_bbox: 0.1354, loss: 0.3036
2025-11-19 05:12:13,024 - mmdet - INFO - Epoch [2][9450/16221]	lr: 2.500e-03, eta: 1 day, 4:07:47, time: 0.486, data_time: 0.001, memory: 5513, loss_rpn_cls: 0.0264, loss_rpn_bbox: 0.0201, loss_cls: 0.1062, acc: 96.4863, loss_bbox: 0.1245, loss: 0.2772
2025-11-19 05:12:36,693 - mmdet - INFO - Epoch [2][9500/16221]	lr: 2.500e-03, eta: 1 day, 4:06:36, time: 0.474, data_time: 0.001, memory: 5513, loss_rpn_cls: 0.0193, loss_rpn_bbox: 0.0172, loss_cls: 0.1136, acc: 96.3105, loss_bbox: 0.1308, loss: 0.2809
2025-11-19 05:13:00,899 - mmdet - INFO - Epoch [2][9550/16221]	lr: 2.500e-03, eta: 1 day, 4:05:28, time: 0.484, data_time: 0.001, memory: 5513, loss_rpn_cls: 0.0274, loss_rpn_bbox: 0.0178, loss_cls: 0.1121, acc: 96.3535, loss_bbox: 0.1294, loss: 0.2866
2025-11-19 05:13:24,711 - mmdet - INFO - Epoch [2][9600/16221]	lr: 2.500e-03, eta: 1 day, 4:04:18, time: 0.476, data_time: 0.001, memory: 5513, loss_rpn_cls: 0.0223, loss_rpn_bbox: 0.0162, loss_cls: 0.1202, acc: 96.0527, loss_bbox: 0.1342, loss: 0.2929
2025-11-19 05:13:48,397 - mmdet - INFO - Epoch [2][9650/16221]	lr: 2.500e-03, eta: 1 day, 4:03:08, time: 0.474, data_time: 0.001, memory: 5513, loss_rpn_cls: 0.0255, loss_rpn_bbox: 0.0211, loss_cls: 0.1104, acc: 96.4805, loss_bbox: 0.1206, loss: 0.2776
2025-11-19 05:14:12,039 - mmdet - INFO - Epoch [2][9700/16221]	lr: 2.500e-03, eta: 1 day, 4:01:57, time: 0.473, data_time: 0.001, memory: 5513, loss_rpn_cls: 0.0273, loss_rpn_bbox: 0.0236, loss_cls: 0.1191, acc: 96.0098, loss_bbox: 0.1355, loss: 0.3055
2025-11-19 05:14:36,063 - mmdet - INFO - Epoch [2][9750/16221]	lr: 2.500e-03, eta: 1 day, 4:00:49, time: 0.480, data_time: 0.001, memory: 5513, loss_rpn_cls: 0.0190, loss_rpn_bbox: 0.0158, loss_cls: 0.1187, acc: 96.0391, loss_bbox: 0.1435, loss: 0.2970
2025-11-19 05:14:59,702 - mmdet - INFO - Epoch [2][9800/16221]	lr: 2.500e-03, eta: 1 day, 3:59:38, time: 0.472, data_time: 0.001, memory: 5513, loss_rpn_cls: 0.0191, loss_rpn_bbox: 0.0171, loss_cls: 0.1027, acc: 96.6484, loss_bbox: 0.1151, loss: 0.2539
2025-11-19 05:15:23,144 - mmdet - INFO - Epoch [2][9850/16221]	lr: 2.500e-03, eta: 1 day, 3:58:27, time: 0.469, data_time: 0.001, memory: 5513, loss_rpn_cls: 0.0210, loss_rpn_bbox: 0.0158, loss_cls: 0.1144, acc: 96.4453, loss_bbox: 0.1234, loss: 0.2746
2025-11-19 05:15:47,146 - mmdet - INFO - Epoch [2][9900/16221]	lr: 2.500e-03, eta: 1 day, 3:57:19, time: 0.480, data_time: 0.001, memory: 5513, loss_rpn_cls: 0.0298, loss_rpn_bbox: 0.0180, loss_cls: 0.1207, acc: 96.1973, loss_bbox: 0.1346, loss: 0.3031
2025-11-19 05:16:10,782 - mmdet - INFO - Epoch [2][9950/16221]	lr: 2.500e-03, eta: 1 day, 3:56:09, time: 0.472, data_time: 0.001, memory: 5513, loss_rpn_cls: 0.0267, loss_rpn_bbox: 0.0169, loss_cls: 0.1162, acc: 96.4062, loss_bbox: 0.1249, loss: 0.2847
2025-11-19 05:16:34,415 - mmdet - INFO - Epoch [2][10000/16221]	lr: 2.500e-03, eta: 1 day, 3:54:59, time: 0.473, data_time: 0.001, memory: 5513, loss_rpn_cls: 0.0240, loss_rpn_bbox: 0.0218, loss_cls: 0.1241, acc: 95.9629, loss_bbox: 0.1463, loss: 0.3161
2025-11-19 05:16:58,126 - mmdet - INFO - Epoch [2][10050/16221]	lr: 2.500e-03, eta: 1 day, 3:53:50, time: 0.475, data_time: 0.001, memory: 5513, loss_rpn_cls: 0.0293, loss_rpn_bbox: 0.0213, loss_cls: 0.1207, acc: 96.0625, loss_bbox: 0.1354, loss: 0.3067
2025-11-19 05:17:21,968 - mmdet - INFO - Epoch [2][10100/16221]	lr: 2.500e-03, eta: 1 day, 3:52:42, time: 0.477, data_time: 0.001, memory: 5513, loss_rpn_cls: 0.0204, loss_rpn_bbox: 0.0195, loss_cls: 0.1163, acc: 96.1250, loss_bbox: 0.1352, loss: 0.2914
2025-11-19 05:17:46,186 - mmdet - INFO - Epoch [2][10150/16221]	lr: 2.500e-03, eta: 1 day, 3:51:37, time: 0.484, data_time: 0.001, memory: 5513, loss_rpn_cls: 0.0205, loss_rpn_bbox: 0.0206, loss_cls: 0.1190, acc: 96.2012, loss_bbox: 0.1197, loss: 0.2797
2025-11-19 05:18:10,139 - mmdet - INFO - Epoch [2][10200/16221]	lr: 2.500e-03, eta: 1 day, 3:50:30, time: 0.479, data_time: 0.001, memory: 5513, loss_rpn_cls: 0.0247, loss_rpn_bbox: 0.0209, loss_cls: 0.1543, acc: 94.8867, loss_bbox: 0.1688, loss: 0.3686
2025-11-19 05:18:33,682 - mmdet - INFO - Epoch [2][10250/16221]	lr: 2.500e-03, eta: 1 day, 3:49:20, time: 0.471, data_time: 0.001, memory: 5513, loss_rpn_cls: 0.0186, loss_rpn_bbox: 0.0189, loss_cls: 0.0972, acc: 96.7773, loss_bbox: 0.1079, loss: 0.2426
2025-11-19 05:18:56,813 - mmdet - INFO - Epoch [2][10300/16221]	lr: 2.500e-03, eta: 1 day, 3:48:08, time: 0.462, data_time: 0.001, memory: 5513, loss_rpn_cls: 0.0291, loss_rpn_bbox: 0.0246, loss_cls: 0.1276, acc: 96.0645, loss_bbox: 0.1273, loss: 0.3086
2025-11-19 05:19:20,813 - mmdet - INFO - Epoch [2][10350/16221]	lr: 2.500e-03, eta: 1 day, 3:47:02, time: 0.480, data_time: 0.001, memory: 5513, loss_rpn_cls: 0.0323, loss_rpn_bbox: 0.0211, loss_cls: 0.1150, acc: 96.4297, loss_bbox: 0.1209, loss: 0.2893
2025-11-19 05:19:44,156 - mmdet - INFO - Epoch [2][10400/16221]	lr: 2.500e-03, eta: 1 day, 3:45:52, time: 0.467, data_time: 0.001, memory: 5513, loss_rpn_cls: 0.0200, loss_rpn_bbox: 0.0229, loss_cls: 0.1027, acc: 96.7383, loss_bbox: 0.1155, loss: 0.2610
2025-11-19 05:20:07,661 - mmdet - INFO - Epoch [2][10450/16221]	lr: 2.500e-03, eta: 1 day, 3:44:43, time: 0.470, data_time: 0.001, memory: 5513, loss_rpn_cls: 0.0304, loss_rpn_bbox: 0.0220, loss_cls: 0.1174, acc: 96.4141, loss_bbox: 0.1284, loss: 0.2982
2025-11-19 05:20:31,741 - mmdet - INFO - Epoch [2][10500/16221]	lr: 2.500e-03, eta: 1 day, 3:43:38, time: 0.482, data_time: 0.001, memory: 5513, loss_rpn_cls: 0.0259, loss_rpn_bbox: 0.0234, loss_cls: 0.1462, acc: 95.4238, loss_bbox: 0.1627, loss: 0.3582
2025-11-19 05:20:56,120 - mmdet - INFO - Epoch [2][10550/16221]	lr: 2.500e-03, eta: 1 day, 3:42:34, time: 0.488, data_time: 0.001, memory: 5513, loss_rpn_cls: 0.0325, loss_rpn_bbox: 0.0225, loss_cls: 0.1157, acc: 96.1055, loss_bbox: 0.1295, loss: 0.3002
2025-11-19 05:21:19,986 - mmdet - INFO - Epoch [2][10600/16221]	lr: 2.500e-03, eta: 1 day, 3:41:28, time: 0.477, data_time: 0.001, memory: 5513, loss_rpn_cls: 0.0391, loss_rpn_bbox: 0.0208, loss_cls: 0.1003, acc: 96.8848, loss_bbox: 0.1116, loss: 0.2718
2025-11-19 05:21:43,833 - mmdet - INFO - Epoch [2][10650/16221]	lr: 2.500e-03, eta: 1 day, 3:40:22, time: 0.477, data_time: 0.001, memory: 5513, loss_rpn_cls: 0.0294, loss_rpn_bbox: 0.0254, loss_cls: 0.1090, acc: 96.4531, loss_bbox: 0.1273, loss: 0.2910
2025-11-19 05:22:07,775 - mmdet - INFO - Epoch [2][10700/16221]	lr: 2.500e-03, eta: 1 day, 3:39:16, time: 0.479, data_time: 0.001, memory: 5513, loss_rpn_cls: 0.0327, loss_rpn_bbox: 0.0280, loss_cls: 0.1295, acc: 95.5352, loss_bbox: 0.1544, loss: 0.3446
2025-11-19 05:22:31,793 - mmdet - INFO - Epoch [2][10750/16221]	lr: 2.500e-03, eta: 1 day, 3:38:12, time: 0.480, data_time: 0.001, memory: 5513, loss_rpn_cls: 0.0226, loss_rpn_bbox: 0.0238, loss_cls: 0.1042, acc: 96.5938, loss_bbox: 0.1174, loss: 0.2681
2025-11-19 05:22:55,372 - mmdet - INFO - Epoch [2][10800/16221]	lr: 2.500e-03, eta: 1 day, 3:37:04, time: 0.472, data_time: 0.001, memory: 5513, loss_rpn_cls: 0.0219, loss_rpn_bbox: 0.0218, loss_cls: 0.1247, acc: 96.0215, loss_bbox: 0.1360, loss: 0.3043
2025-11-19 05:23:19,094 - mmdet - INFO - Epoch [2][10850/16221]	lr: 2.500e-03, eta: 1 day, 3:35:58, time: 0.474, data_time: 0.001, memory: 5513, loss_rpn_cls: 0.0232, loss_rpn_bbox: 0.0197, loss_cls: 0.1086, acc: 96.4746, loss_bbox: 0.1258, loss: 0.2774
2025-11-19 05:23:43,062 - mmdet - INFO - Epoch [2][10900/16221]	lr: 2.500e-03, eta: 1 day, 3:34:53, time: 0.479, data_time: 0.001, memory: 5513, loss_rpn_cls: 0.0246, loss_rpn_bbox: 0.0188, loss_cls: 0.1276, acc: 95.7715, loss_bbox: 0.1430, loss: 0.3140
2025-11-19 05:24:07,001 - mmdet - INFO - Epoch [2][10950/16221]	lr: 2.500e-03, eta: 1 day, 3:33:48, time: 0.479, data_time: 0.001, memory: 5513, loss_rpn_cls: 0.0212, loss_rpn_bbox: 0.0138, loss_cls: 0.1075, acc: 96.6445, loss_bbox: 0.1157, loss: 0.2582
2025-11-19 05:24:30,868 - mmdet - INFO - Epoch [2][11000/16221]	lr: 2.500e-03, eta: 1 day, 3:32:43, time: 0.478, data_time: 0.001, memory: 5513, loss_rpn_cls: 0.0185, loss_rpn_bbox: 0.0155, loss_cls: 0.1064, acc: 96.4258, loss_bbox: 0.1249, loss: 0.2653
2025-11-19 05:24:54,813 - mmdet - INFO - Epoch [2][11050/16221]	lr: 2.500e-03, eta: 1 day, 3:31:39, time: 0.479, data_time: 0.001, memory: 5513, loss_rpn_cls: 0.0220, loss_rpn_bbox: 0.0206, loss_cls: 0.1080, acc: 96.5078, loss_bbox: 0.1154, loss: 0.2660
2025-11-19 05:25:18,642 - mmdet - INFO - Epoch [2][11100/16221]	lr: 2.500e-03, eta: 1 day, 3:30:34, time: 0.477, data_time: 0.001, memory: 5513, loss_rpn_cls: 0.0281, loss_rpn_bbox: 0.0275, loss_cls: 0.1074, acc: 96.2773, loss_bbox: 0.1289, loss: 0.2918
2025-11-19 05:25:42,767 - mmdet - INFO - Epoch [2][11150/16221]	lr: 2.500e-03, eta: 1 day, 3:29:31, time: 0.482, data_time: 0.001, memory: 5513, loss_rpn_cls: 0.0285, loss_rpn_bbox: 0.0224, loss_cls: 0.1205, acc: 96.0137, loss_bbox: 0.1452, loss: 0.3166
2025-11-19 05:26:06,733 - mmdet - INFO - Epoch [2][11200/16221]	lr: 2.500e-03, eta: 1 day, 3:28:27, time: 0.479, data_time: 0.001, memory: 5513, loss_rpn_cls: 0.0257, loss_rpn_bbox: 0.0184, loss_cls: 0.1051, acc: 96.8398, loss_bbox: 0.1076, loss: 0.2568
2025-11-19 05:26:30,512 - mmdet - INFO - Epoch [2][11250/16221]	lr: 2.500e-03, eta: 1 day, 3:27:22, time: 0.476, data_time: 0.001, memory: 5513, loss_rpn_cls: 0.0301, loss_rpn_bbox: 0.0197, loss_cls: 0.1073, acc: 96.4551, loss_bbox: 0.1180, loss: 0.2751
2025-11-19 05:26:54,379 - mmdet - INFO - Epoch [2][11300/16221]	lr: 2.500e-03, eta: 1 day, 3:26:18, time: 0.477, data_time: 0.001, memory: 5513, loss_rpn_cls: 0.0330, loss_rpn_bbox: 0.0248, loss_cls: 0.1370, acc: 95.5703, loss_bbox: 0.1535, loss: 0.3484
2025-11-19 05:27:18,427 - mmdet - INFO - Epoch [2][11350/16221]	lr: 2.500e-03, eta: 1 day, 3:25:15, time: 0.481, data_time: 0.001, memory: 5513, loss_rpn_cls: 0.0213, loss_rpn_bbox: 0.0182, loss_cls: 0.1084, acc: 96.3652, loss_bbox: 0.1319, loss: 0.2798
2025-11-19 05:27:42,170 - mmdet - INFO - Epoch [2][11400/16221]	lr: 2.500e-03, eta: 1 day, 3:24:11, time: 0.475, data_time: 0.001, memory: 5513, loss_rpn_cls: 0.0257, loss_rpn_bbox: 0.0248, loss_cls: 0.1281, acc: 95.7207, loss_bbox: 0.1550, loss: 0.3336
2025-11-19 05:28:06,115 - mmdet - INFO - Epoch [2][11450/16221]	lr: 2.500e-03, eta: 1 day, 3:23:07, time: 0.479, data_time: 0.001, memory: 5513, loss_rpn_cls: 0.0341, loss_rpn_bbox: 0.0236, loss_cls: 0.1213, acc: 95.9375, loss_bbox: 0.1242, loss: 0.3033
2025-11-19 05:28:30,189 - mmdet - INFO - Epoch [2][11500/16221]	lr: 2.500e-03, eta: 1 day, 3:22:05, time: 0.481, data_time: 0.001, memory: 5513, loss_rpn_cls: 0.0252, loss_rpn_bbox: 0.0191, loss_cls: 0.1246, acc: 95.6094, loss_bbox: 0.1530, loss: 0.3218
2025-11-19 05:28:54,490 - mmdet - INFO - Epoch [2][11550/16221]	lr: 2.500e-03, eta: 1 day, 3:21:04, time: 0.486, data_time: 0.001, memory: 5513, loss_rpn_cls: 0.0221, loss_rpn_bbox: 0.0209, loss_cls: 0.1042, acc: 96.5801, loss_bbox: 0.1199, loss: 0.2670
2025-11-19 05:29:18,531 - mmdet - INFO - Epoch [2][11600/16221]	lr: 2.500e-03, eta: 1 day, 3:20:02, time: 0.481, data_time: 0.001, memory: 5513, loss_rpn_cls: 0.0219, loss_rpn_bbox: 0.0128, loss_cls: 0.0900, acc: 97.1562, loss_bbox: 0.0984, loss: 0.2231
2025-11-19 05:29:42,425 - mmdet - INFO - Epoch [2][11650/16221]	lr: 2.500e-03, eta: 1 day, 3:18:59, time: 0.478, data_time: 0.001, memory: 5513, loss_rpn_cls: 0.0205, loss_rpn_bbox: 0.0197, loss_cls: 0.1045, acc: 96.4492, loss_bbox: 0.1176, loss: 0.2622
2025-11-19 05:30:06,548 - mmdet - INFO - Epoch [2][11700/16221]	lr: 2.500e-03, eta: 1 day, 3:17:57, time: 0.483, data_time: 0.001, memory: 5513, loss_rpn_cls: 0.0252, loss_rpn_bbox: 0.0214, loss_cls: 0.1095, acc: 96.4277, loss_bbox: 0.1253, loss: 0.2814
2025-11-19 05:30:30,674 - mmdet - INFO - Epoch [2][11750/16221]	lr: 2.500e-03, eta: 1 day, 3:16:56, time: 0.482, data_time: 0.001, memory: 5513, loss_rpn_cls: 0.0223, loss_rpn_bbox: 0.0232, loss_cls: 0.1169, acc: 96.3848, loss_bbox: 0.1264, loss: 0.2888
2025-11-19 05:30:54,674 - mmdet - INFO - Epoch [2][11800/16221]	lr: 2.500e-03, eta: 1 day, 3:15:54, time: 0.480, data_time: 0.001, memory: 5513, loss_rpn_cls: 0.0182, loss_rpn_bbox: 0.0216, loss_cls: 0.1026, acc: 96.7383, loss_bbox: 0.1203, loss: 0.2628
2025-11-19 05:31:18,169 - mmdet - INFO - Epoch [2][11850/16221]	lr: 2.500e-03, eta: 1 day, 3:14:49, time: 0.470, data_time: 0.001, memory: 5513, loss_rpn_cls: 0.0236, loss_rpn_bbox: 0.0218, loss_cls: 0.1207, acc: 96.1250, loss_bbox: 0.1330, loss: 0.2991
2025-11-19 05:31:42,342 - mmdet - INFO - Epoch [2][11900/16221]	lr: 2.500e-03, eta: 1 day, 3:13:49, time: 0.484, data_time: 0.001, memory: 5513, loss_rpn_cls: 0.0238, loss_rpn_bbox: 0.0186, loss_cls: 0.1187, acc: 96.1113, loss_bbox: 0.1257, loss: 0.2868
2025-11-19 05:32:05,944 - mmdet - INFO - Epoch [2][11950/16221]	lr: 2.500e-03, eta: 1 day, 3:12:45, time: 0.472, data_time: 0.001, memory: 5513, loss_rpn_cls: 0.0239, loss_rpn_bbox: 0.0171, loss_cls: 0.1086, acc: 96.6250, loss_bbox: 0.1165, loss: 0.2661
2025-11-19 05:32:29,929 - mmdet - INFO - Epoch [2][12000/16221]	lr: 2.500e-03, eta: 1 day, 3:11:43, time: 0.480, data_time: 0.001, memory: 5513, loss_rpn_cls: 0.0164, loss_rpn_bbox: 0.0182, loss_cls: 0.0981, acc: 96.5449, loss_bbox: 0.1231, loss: 0.2559
2025-11-19 05:32:53,826 - mmdet - INFO - Epoch [2][12050/16221]	lr: 2.500e-03, eta: 1 day, 3:10:41, time: 0.478, data_time: 0.001, memory: 5513, loss_rpn_cls: 0.0202, loss_rpn_bbox: 0.0148, loss_cls: 0.1077, acc: 96.8027, loss_bbox: 0.1158, loss: 0.2585
2025-11-19 05:33:17,660 - mmdet - INFO - Epoch [2][12100/16221]	lr: 2.500e-03, eta: 1 day, 3:09:39, time: 0.477, data_time: 0.001, memory: 5513, loss_rpn_cls: 0.0247, loss_rpn_bbox: 0.0248, loss_cls: 0.1109, acc: 96.6230, loss_bbox: 0.1134, loss: 0.2738
2025-11-19 05:33:41,544 - mmdet - INFO - Epoch [2][12150/16221]	lr: 2.500e-03, eta: 1 day, 3:08:38, time: 0.478, data_time: 0.001, memory: 5513, loss_rpn_cls: 0.0236, loss_rpn_bbox: 0.0181, loss_cls: 0.1001, acc: 96.6738, loss_bbox: 0.1143, loss: 0.2561
2025-11-19 05:34:05,268 - mmdet - INFO - Epoch [2][12200/16221]	lr: 2.500e-03, eta: 1 day, 3:07:35, time: 0.474, data_time: 0.001, memory: 5513, loss_rpn_cls: 0.0207, loss_rpn_bbox: 0.0232, loss_cls: 0.1057, acc: 96.3633, loss_bbox: 0.1310, loss: 0.2806
2025-11-19 05:34:29,345 - mmdet - INFO - Epoch [2][12250/16221]	lr: 2.500e-03, eta: 1 day, 3:06:35, time: 0.481, data_time: 0.001, memory: 5513, loss_rpn_cls: 0.0211, loss_rpn_bbox: 0.0155, loss_cls: 0.1061, acc: 96.6250, loss_bbox: 0.1208, loss: 0.2634
2025-11-19 05:34:53,324 - mmdet - INFO - Epoch [2][12300/16221]	lr: 2.500e-03, eta: 1 day, 3:05:34, time: 0.480, data_time: 0.001, memory: 5513, loss_rpn_cls: 0.0191, loss_rpn_bbox: 0.0175, loss_cls: 0.1061, acc: 96.4180, loss_bbox: 0.1245, loss: 0.2671
2025-11-19 05:35:17,726 - mmdet - INFO - Epoch [2][12350/16221]	lr: 2.500e-03, eta: 1 day, 3:04:36, time: 0.488, data_time: 0.001, memory: 5513, loss_rpn_cls: 0.0309, loss_rpn_bbox: 0.0210, loss_cls: 0.1102, acc: 96.6113, loss_bbox: 0.1189, loss: 0.2811
2025-11-19 05:35:41,721 - mmdet - INFO - Epoch [2][12400/16221]	lr: 2.500e-03, eta: 1 day, 3:03:36, time: 0.480, data_time: 0.001, memory: 5513, loss_rpn_cls: 0.0205, loss_rpn_bbox: 0.0167, loss_cls: 0.1164, acc: 96.1895, loss_bbox: 0.1425, loss: 0.2961
2025-11-19 05:36:05,689 - mmdet - INFO - Epoch [2][12450/16221]	lr: 2.500e-03, eta: 1 day, 3:02:35, time: 0.479, data_time: 0.001, memory: 5513, loss_rpn_cls: 0.0277, loss_rpn_bbox: 0.0182, loss_cls: 0.1098, acc: 96.3438, loss_bbox: 0.1264, loss: 0.2821
2025-11-19 05:36:29,783 - mmdet - INFO - Epoch [2][12500/16221]	lr: 2.500e-03, eta: 1 day, 3:01:36, time: 0.482, data_time: 0.001, memory: 5513, loss_rpn_cls: 0.0287, loss_rpn_bbox: 0.0206, loss_cls: 0.1239, acc: 95.8145, loss_bbox: 0.1465, loss: 0.3196
2025-11-19 05:36:53,515 - mmdet - INFO - Epoch [2][12550/16221]	lr: 2.500e-03, eta: 1 day, 3:00:34, time: 0.475, data_time: 0.001, memory: 5513, loss_rpn_cls: 0.0254, loss_rpn_bbox: 0.0174, loss_cls: 0.1141, acc: 96.5234, loss_bbox: 0.1211, loss: 0.2781
2025-11-19 05:37:17,269 - mmdet - INFO - Epoch [2][12600/16221]	lr: 2.500e-03, eta: 1 day, 2:59:33, time: 0.475, data_time: 0.001, memory: 5513, loss_rpn_cls: 0.0178, loss_rpn_bbox: 0.0152, loss_cls: 0.0915, acc: 96.8828, loss_bbox: 0.1138, loss: 0.2383
2025-11-19 05:37:41,154 - mmdet - INFO - Epoch [2][12650/16221]	lr: 2.500e-03, eta: 1 day, 2:58:32, time: 0.478, data_time: 0.001, memory: 5513, loss_rpn_cls: 0.0225, loss_rpn_bbox: 0.0201, loss_cls: 0.1254, acc: 95.9043, loss_bbox: 0.1446, loss: 0.3127
2025-11-19 05:38:04,972 - mmdet - INFO - Epoch [2][12700/16221]	lr: 2.500e-03, eta: 1 day, 2:57:32, time: 0.476, data_time: 0.001, memory: 5513, loss_rpn_cls: 0.0284, loss_rpn_bbox: 0.0243, loss_cls: 0.1135, acc: 96.2910, loss_bbox: 0.1309, loss: 0.2971
2025-11-19 05:38:28,767 - mmdet - INFO - Epoch [2][12750/16221]	lr: 2.500e-03, eta: 1 day, 2:56:31, time: 0.476, data_time: 0.001, memory: 5513, loss_rpn_cls: 0.0313, loss_rpn_bbox: 0.0342, loss_cls: 0.1617, acc: 94.5098, loss_bbox: 0.1937, loss: 0.4209
2025-11-19 05:38:52,648 - mmdet - INFO - Epoch [2][12800/16221]	lr: 2.500e-03, eta: 1 day, 2:55:31, time: 0.478, data_time: 0.001, memory: 5513, loss_rpn_cls: 0.0173, loss_rpn_bbox: 0.0141, loss_cls: 0.0931, acc: 96.9492, loss_bbox: 0.1045, loss: 0.2290
2025-11-19 05:39:16,549 - mmdet - INFO - Epoch [2][12850/16221]	lr: 2.500e-03, eta: 1 day, 2:54:31, time: 0.478, data_time: 0.001, memory: 5513, loss_rpn_cls: 0.0217, loss_rpn_bbox: 0.0186, loss_cls: 0.1253, acc: 96.0215, loss_bbox: 0.1370, loss: 0.3026
2025-11-19 05:39:40,430 - mmdet - INFO - Epoch [2][12900/16221]	lr: 2.500e-03, eta: 1 day, 2:53:32, time: 0.478, data_time: 0.001, memory: 5513, loss_rpn_cls: 0.0214, loss_rpn_bbox: 0.0163, loss_cls: 0.1148, acc: 96.2617, loss_bbox: 0.1347, loss: 0.2871
2025-11-19 05:40:04,461 - mmdet - INFO - Epoch [2][12950/16221]	lr: 2.500e-03, eta: 1 day, 2:52:33, time: 0.481, data_time: 0.001, memory: 5513, loss_rpn_cls: 0.0294, loss_rpn_bbox: 0.0197, loss_cls: 0.1111, acc: 96.6211, loss_bbox: 0.1232, loss: 0.2834
2025-11-19 05:40:28,515 - mmdet - INFO - Epoch [2][13000/16221]	lr: 2.500e-03, eta: 1 day, 2:51:34, time: 0.481, data_time: 0.001, memory: 5513, loss_rpn_cls: 0.0336, loss_rpn_bbox: 0.0234, loss_cls: 0.1149, acc: 95.9629, loss_bbox: 0.1348, loss: 0.3066
2025-11-19 05:40:52,403 - mmdet - INFO - Epoch [2][13050/16221]	lr: 2.500e-03, eta: 1 day, 2:50:35, time: 0.478, data_time: 0.001, memory: 5513, loss_rpn_cls: 0.0234, loss_rpn_bbox: 0.0202, loss_cls: 0.1126, acc: 96.1562, loss_bbox: 0.1464, loss: 0.3026
2025-11-19 05:41:16,456 - mmdet - INFO - Epoch [2][13100/16221]	lr: 2.500e-03, eta: 1 day, 2:49:36, time: 0.481, data_time: 0.001, memory: 5513, loss_rpn_cls: 0.0186, loss_rpn_bbox: 0.0181, loss_cls: 0.1020, acc: 96.4805, loss_bbox: 0.1231, loss: 0.2618
2025-11-19 05:41:40,320 - mmdet - INFO - Epoch [2][13150/16221]	lr: 2.500e-03, eta: 1 day, 2:48:37, time: 0.477, data_time: 0.001, memory: 5513, loss_rpn_cls: 0.0169, loss_rpn_bbox: 0.0169, loss_cls: 0.1125, acc: 96.3555, loss_bbox: 0.1266, loss: 0.2728
2025-11-19 05:42:04,342 - mmdet - INFO - Epoch [2][13200/16221]	lr: 2.500e-03, eta: 1 day, 2:47:39, time: 0.481, data_time: 0.001, memory: 5513, loss_rpn_cls: 0.0247, loss_rpn_bbox: 0.0212, loss_cls: 0.1303, acc: 95.4980, loss_bbox: 0.1515, loss: 0.3277
2025-11-19 05:42:28,346 - mmdet - INFO - Epoch [2][13250/16221]	lr: 2.500e-03, eta: 1 day, 2:46:41, time: 0.480, data_time: 0.001, memory: 5513, loss_rpn_cls: 0.0204, loss_rpn_bbox: 0.0215, loss_cls: 0.1295, acc: 95.9297, loss_bbox: 0.1442, loss: 0.3155
2025-11-19 05:42:52,029 - mmdet - INFO - Epoch [2][13300/16221]	lr: 2.500e-03, eta: 1 day, 2:45:41, time: 0.473, data_time: 0.001, memory: 5513, loss_rpn_cls: 0.0325, loss_rpn_bbox: 0.0250, loss_cls: 0.1307, acc: 95.7949, loss_bbox: 0.1440, loss: 0.3323
2025-11-19 05:43:16,296 - mmdet - INFO - Epoch [2][13350/16221]	lr: 2.500e-03, eta: 1 day, 2:44:44, time: 0.485, data_time: 0.001, memory: 5513, loss_rpn_cls: 0.0338, loss_rpn_bbox: 0.0237, loss_cls: 0.1306, acc: 95.7773, loss_bbox: 0.1490, loss: 0.3371
2025-11-19 05:43:40,450 - mmdet - INFO - Epoch [2][13400/16221]	lr: 2.500e-03, eta: 1 day, 2:43:47, time: 0.483, data_time: 0.001, memory: 5513, loss_rpn_cls: 0.0266, loss_rpn_bbox: 0.0194, loss_cls: 0.0979, acc: 96.6465, loss_bbox: 0.1184, loss: 0.2623
2025-11-19 05:44:04,488 - mmdet - INFO - Epoch [2][13450/16221]	lr: 2.500e-03, eta: 1 day, 2:42:50, time: 0.481, data_time: 0.001, memory: 5513, loss_rpn_cls: 0.0184, loss_rpn_bbox: 0.0166, loss_cls: 0.1229, acc: 95.8359, loss_bbox: 0.1338, loss: 0.2916
2025-11-19 05:44:28,533 - mmdet - INFO - Epoch [2][13500/16221]	lr: 2.500e-03, eta: 1 day, 2:41:52, time: 0.481, data_time: 0.001, memory: 5513, loss_rpn_cls: 0.0176, loss_rpn_bbox: 0.0172, loss_cls: 0.0898, acc: 96.9473, loss_bbox: 0.1113, loss: 0.2360
2025-11-19 05:44:52,347 - mmdet - INFO - Epoch [2][13550/16221]	lr: 2.500e-03, eta: 1 day, 2:40:53, time: 0.476, data_time: 0.001, memory: 5513, loss_rpn_cls: 0.0267, loss_rpn_bbox: 0.0204, loss_cls: 0.1168, acc: 96.3105, loss_bbox: 0.1164, loss: 0.2804
2025-11-19 05:45:16,617 - mmdet - INFO - Epoch [2][13600/16221]	lr: 2.500e-03, eta: 1 day, 2:39:57, time: 0.485, data_time: 0.001, memory: 5513, loss_rpn_cls: 0.0174, loss_rpn_bbox: 0.0202, loss_cls: 0.1201, acc: 96.1484, loss_bbox: 0.1218, loss: 0.2795
2025-11-19 05:45:40,630 - mmdet - INFO - Epoch [2][13650/16221]	lr: 2.500e-03, eta: 1 day, 2:39:00, time: 0.480, data_time: 0.001, memory: 5513, loss_rpn_cls: 0.0341, loss_rpn_bbox: 0.0182, loss_cls: 0.1205, acc: 96.0547, loss_bbox: 0.1305, loss: 0.3034
2025-11-19 05:46:04,596 - mmdet - INFO - Epoch [2][13700/16221]	lr: 2.500e-03, eta: 1 day, 2:38:03, time: 0.479, data_time: 0.001, memory: 5513, loss_rpn_cls: 0.0263, loss_rpn_bbox: 0.0188, loss_cls: 0.1102, acc: 96.2617, loss_bbox: 0.1268, loss: 0.2821
2025-11-19 05:46:28,478 - mmdet - INFO - Epoch [2][13750/16221]	lr: 2.500e-03, eta: 1 day, 2:37:05, time: 0.478, data_time: 0.001, memory: 5513, loss_rpn_cls: 0.0219, loss_rpn_bbox: 0.0210, loss_cls: 0.1094, acc: 96.3906, loss_bbox: 0.1303, loss: 0.2826
2025-11-19 05:46:52,296 - mmdet - INFO - Epoch [2][13800/16221]	lr: 2.500e-03, eta: 1 day, 2:36:07, time: 0.476, data_time: 0.001, memory: 5513, loss_rpn_cls: 0.0177, loss_rpn_bbox: 0.0150, loss_cls: 0.1135, acc: 96.2949, loss_bbox: 0.1323, loss: 0.2785
2025-11-19 05:47:15,719 - mmdet - INFO - Epoch [2][13850/16221]	lr: 2.500e-03, eta: 1 day, 2:35:07, time: 0.469, data_time: 0.001, memory: 5513, loss_rpn_cls: 0.0234, loss_rpn_bbox: 0.0238, loss_cls: 0.1077, acc: 96.3047, loss_bbox: 0.1285, loss: 0.2834
2025-11-19 05:47:39,642 - mmdet - INFO - Epoch [2][13900/16221]	lr: 2.500e-03, eta: 1 day, 2:34:10, time: 0.478, data_time: 0.001, memory: 5513, loss_rpn_cls: 0.0193, loss_rpn_bbox: 0.0146, loss_cls: 0.0968, acc: 96.5859, loss_bbox: 0.1236, loss: 0.2542
2025-11-19 05:48:03,843 - mmdet - INFO - Epoch [2][13950/16221]	lr: 2.500e-03, eta: 1 day, 2:33:14, time: 0.484, data_time: 0.001, memory: 5513, loss_rpn_cls: 0.0223, loss_rpn_bbox: 0.0233, loss_cls: 0.1278, acc: 96.0391, loss_bbox: 0.1401, loss: 0.3134
2025-11-19 05:48:27,684 - mmdet - INFO - Epoch [2][14000/16221]	lr: 2.500e-03, eta: 1 day, 2:32:17, time: 0.477, data_time: 0.001, memory: 5513, loss_rpn_cls: 0.0133, loss_rpn_bbox: 0.0146, loss_cls: 0.0908, acc: 96.8008, loss_bbox: 0.1080, loss: 0.2266
2025-11-19 05:48:51,437 - mmdet - INFO - Epoch [2][14050/16221]	lr: 2.500e-03, eta: 1 day, 2:31:19, time: 0.475, data_time: 0.001, memory: 5513, loss_rpn_cls: 0.0469, loss_rpn_bbox: 0.0269, loss_cls: 0.1105, acc: 96.7070, loss_bbox: 0.1144, loss: 0.2988
2025-11-19 05:49:15,179 - mmdet - INFO - Epoch [2][14100/16221]	lr: 2.500e-03, eta: 1 day, 2:30:21, time: 0.475, data_time: 0.001, memory: 5513, loss_rpn_cls: 0.0285, loss_rpn_bbox: 0.0204, loss_cls: 0.1171, acc: 96.0664, loss_bbox: 0.1284, loss: 0.2944
2025-11-19 05:49:38,965 - mmdet - INFO - Epoch [2][14150/16221]	lr: 2.500e-03, eta: 1 day, 2:29:24, time: 0.476, data_time: 0.001, memory: 5513, loss_rpn_cls: 0.0308, loss_rpn_bbox: 0.0184, loss_cls: 0.1205, acc: 95.9551, loss_bbox: 0.1386, loss: 0.3083
2025-11-19 05:50:02,693 - mmdet - INFO - Epoch [2][14200/16221]	lr: 2.500e-03, eta: 1 day, 2:28:26, time: 0.474, data_time: 0.001, memory: 5513, loss_rpn_cls: 0.0229, loss_rpn_bbox: 0.0188, loss_cls: 0.1027, acc: 96.6699, loss_bbox: 0.1214, loss: 0.2658
2025-11-19 05:50:26,663 - mmdet - INFO - Epoch [2][14250/16221]	lr: 2.500e-03, eta: 1 day, 2:27:30, time: 0.479, data_time: 0.001, memory: 5513, loss_rpn_cls: 0.0251, loss_rpn_bbox: 0.0163, loss_cls: 0.0954, acc: 97.1543, loss_bbox: 0.1004, loss: 0.2372
2025-11-19 05:50:50,375 - mmdet - INFO - Epoch [2][14300/16221]	lr: 2.500e-03, eta: 1 day, 2:26:32, time: 0.474, data_time: 0.001, memory: 5513, loss_rpn_cls: 0.0286, loss_rpn_bbox: 0.0187, loss_cls: 0.1092, acc: 96.2109, loss_bbox: 0.1322, loss: 0.2887
2025-11-19 05:51:14,438 - mmdet - INFO - Epoch [2][14350/16221]	lr: 2.500e-03, eta: 1 day, 2:25:37, time: 0.481, data_time: 0.001, memory: 5513, loss_rpn_cls: 0.0221, loss_rpn_bbox: 0.0199, loss_cls: 0.1217, acc: 96.2617, loss_bbox: 0.1419, loss: 0.3056
2025-11-19 05:51:38,500 - mmdet - INFO - Epoch [2][14400/16221]	lr: 2.500e-03, eta: 1 day, 2:24:41, time: 0.481, data_time: 0.001, memory: 5513, loss_rpn_cls: 0.0193, loss_rpn_bbox: 0.0186, loss_cls: 0.1208, acc: 95.7578, loss_bbox: 0.1462, loss: 0.3048
2025-11-19 05:52:02,456 - mmdet - INFO - Epoch [2][14450/16221]	lr: 2.500e-03, eta: 1 day, 2:23:46, time: 0.479, data_time: 0.001, memory: 5513, loss_rpn_cls: 0.0394, loss_rpn_bbox: 0.0302, loss_cls: 0.1232, acc: 95.9805, loss_bbox: 0.1382, loss: 0.3310
2025-11-19 05:52:26,652 - mmdet - INFO - Epoch [2][14500/16221]	lr: 2.500e-03, eta: 1 day, 2:22:51, time: 0.484, data_time: 0.001, memory: 5513, loss_rpn_cls: 0.0169, loss_rpn_bbox: 0.0164, loss_cls: 0.1060, acc: 96.6797, loss_bbox: 0.1217, loss: 0.2610
2025-11-19 05:52:50,661 - mmdet - INFO - Epoch [2][14550/16221]	lr: 2.500e-03, eta: 1 day, 2:21:56, time: 0.480, data_time: 0.001, memory: 5513, loss_rpn_cls: 0.0180, loss_rpn_bbox: 0.0143, loss_cls: 0.1147, acc: 96.2539, loss_bbox: 0.1308, loss: 0.2778
2025-11-19 05:53:14,370 - mmdet - INFO - Epoch [2][14600/16221]	lr: 2.500e-03, eta: 1 day, 2:20:59, time: 0.474, data_time: 0.001, memory: 5513, loss_rpn_cls: 0.0197, loss_rpn_bbox: 0.0208, loss_cls: 0.1011, acc: 96.6035, loss_bbox: 0.1209, loss: 0.2624
2025-11-19 05:53:38,482 - mmdet - INFO - Epoch [2][14650/16221]	lr: 2.500e-03, eta: 1 day, 2:20:04, time: 0.482, data_time: 0.001, memory: 5513, loss_rpn_cls: 0.0203, loss_rpn_bbox: 0.0219, loss_cls: 0.1232, acc: 95.7715, loss_bbox: 0.1493, loss: 0.3146
2025-11-19 05:54:02,282 - mmdet - INFO - Epoch [2][14700/16221]	lr: 2.500e-03, eta: 1 day, 2:19:08, time: 0.476, data_time: 0.001, memory: 5513, loss_rpn_cls: 0.0149, loss_rpn_bbox: 0.0124, loss_cls: 0.0820, acc: 97.0918, loss_bbox: 0.1024, loss: 0.2116
2025-11-19 05:54:25,898 - mmdet - INFO - Epoch [2][14750/16221]	lr: 2.500e-03, eta: 1 day, 2:18:11, time: 0.472, data_time: 0.001, memory: 5513, loss_rpn_cls: 0.0302, loss_rpn_bbox: 0.0242, loss_cls: 0.1191, acc: 96.0312, loss_bbox: 0.1337, loss: 0.3073
2025-11-19 05:54:49,704 - mmdet - INFO - Epoch [2][14800/16221]	lr: 2.500e-03, eta: 1 day, 2:17:15, time: 0.476, data_time: 0.001, memory: 5513, loss_rpn_cls: 0.0259, loss_rpn_bbox: 0.0246, loss_cls: 0.1085, acc: 96.3867, loss_bbox: 0.1245, loss: 0.2835
2025-11-19 05:55:13,404 - mmdet - INFO - Epoch [2][14850/16221]	lr: 2.500e-03, eta: 1 day, 2:16:19, time: 0.474, data_time: 0.003, memory: 5513, loss_rpn_cls: 0.0212, loss_rpn_bbox: 0.0243, loss_cls: 0.1276, acc: 95.7129, loss_bbox: 0.1420, loss: 0.3152
2025-11-19 05:55:37,165 - mmdet - INFO - Epoch [2][14900/16221]	lr: 2.500e-03, eta: 1 day, 2:15:23, time: 0.475, data_time: 0.001, memory: 5513, loss_rpn_cls: 0.0276, loss_rpn_bbox: 0.0215, loss_cls: 0.1319, acc: 95.7031, loss_bbox: 0.1501, loss: 0.3312
2025-11-19 05:56:01,025 - mmdet - INFO - Epoch [2][14950/16221]	lr: 2.500e-03, eta: 1 day, 2:14:27, time: 0.477, data_time: 0.001, memory: 5513, loss_rpn_cls: 0.0165, loss_rpn_bbox: 0.0183, loss_cls: 0.1069, acc: 96.7832, loss_bbox: 0.1092, loss: 0.2510
2025-11-19 05:56:24,808 - mmdet - INFO - Epoch [2][15000/16221]	lr: 2.500e-03, eta: 1 day, 2:13:32, time: 0.476, data_time: 0.001, memory: 5513, loss_rpn_cls: 0.0319, loss_rpn_bbox: 0.0228, loss_cls: 0.1160, acc: 96.0605, loss_bbox: 0.1351, loss: 0.3057
2025-11-19 05:56:48,840 - mmdet - INFO - Epoch [2][15050/16221]	lr: 2.500e-03, eta: 1 day, 2:12:38, time: 0.481, data_time: 0.001, memory: 5513, loss_rpn_cls: 0.0289, loss_rpn_bbox: 0.0267, loss_cls: 0.1309, acc: 95.5371, loss_bbox: 0.1465, loss: 0.3329
2025-11-19 05:57:12,659 - mmdet - INFO - Epoch [2][15100/16221]	lr: 2.500e-03, eta: 1 day, 2:11:42, time: 0.476, data_time: 0.001, memory: 5513, loss_rpn_cls: 0.0190, loss_rpn_bbox: 0.0196, loss_cls: 0.1139, acc: 96.2031, loss_bbox: 0.1275, loss: 0.2800
2025-11-19 05:57:36,695 - mmdet - INFO - Epoch [2][15150/16221]	lr: 2.500e-03, eta: 1 day, 2:10:48, time: 0.481, data_time: 0.001, memory: 5513, loss_rpn_cls: 0.0242, loss_rpn_bbox: 0.0217, loss_cls: 0.1222, acc: 96.2754, loss_bbox: 0.1289, loss: 0.2969
2025-11-19 05:58:00,805 - mmdet - INFO - Epoch [2][15200/16221]	lr: 2.500e-03, eta: 1 day, 2:09:55, time: 0.482, data_time: 0.001, memory: 5513, loss_rpn_cls: 0.0202, loss_rpn_bbox: 0.0170, loss_cls: 0.1189, acc: 96.1133, loss_bbox: 0.1312, loss: 0.2873
2025-11-19 05:58:24,722 - mmdet - INFO - Epoch [2][15250/16221]	lr: 2.500e-03, eta: 1 day, 2:09:00, time: 0.478, data_time: 0.001, memory: 5513, loss_rpn_cls: 0.0270, loss_rpn_bbox: 0.0174, loss_cls: 0.1109, acc: 96.3008, loss_bbox: 0.1298, loss: 0.2852
2025-11-19 05:58:48,938 - mmdet - INFO - Epoch [2][15300/16221]	lr: 2.500e-03, eta: 1 day, 2:08:07, time: 0.484, data_time: 0.001, memory: 5513, loss_rpn_cls: 0.0240, loss_rpn_bbox: 0.0191, loss_cls: 0.1145, acc: 96.0508, loss_bbox: 0.1360, loss: 0.2937
2025-11-19 05:59:12,957 - mmdet - INFO - Epoch [2][15350/16221]	lr: 2.500e-03, eta: 1 day, 2:07:14, time: 0.480, data_time: 0.001, memory: 5513, loss_rpn_cls: 0.0306, loss_rpn_bbox: 0.0257, loss_cls: 0.1307, acc: 96.0781, loss_bbox: 0.1379, loss: 0.3249
2025-11-19 05:59:36,839 - mmdet - INFO - Epoch [2][15400/16221]	lr: 2.500e-03, eta: 1 day, 2:06:19, time: 0.478, data_time: 0.001, memory: 5513, loss_rpn_cls: 0.0222, loss_rpn_bbox: 0.0229, loss_cls: 0.1129, acc: 96.1602, loss_bbox: 0.1343, loss: 0.2923
2025-11-19 06:00:00,916 - mmdet - INFO - Epoch [2][15450/16221]	lr: 2.500e-03, eta: 1 day, 2:05:26, time: 0.482, data_time: 0.001, memory: 5513, loss_rpn_cls: 0.0171, loss_rpn_bbox: 0.0168, loss_cls: 0.0906, acc: 96.8984, loss_bbox: 0.1114, loss: 0.2359
2025-11-19 06:00:24,764 - mmdet - INFO - Epoch [2][15500/16221]	lr: 2.500e-03, eta: 1 day, 2:04:32, time: 0.477, data_time: 0.001, memory: 5513, loss_rpn_cls: 0.0250, loss_rpn_bbox: 0.0179, loss_cls: 0.1211, acc: 96.0117, loss_bbox: 0.1402, loss: 0.3042
2025-11-19 06:00:48,551 - mmdet - INFO - Epoch [2][15550/16221]	lr: 2.500e-03, eta: 1 day, 2:03:37, time: 0.476, data_time: 0.001, memory: 5513, loss_rpn_cls: 0.0233, loss_rpn_bbox: 0.0202, loss_cls: 0.1196, acc: 95.9902, loss_bbox: 0.1374, loss: 0.3004
2025-11-19 06:01:12,234 - mmdet - INFO - Epoch [2][15600/16221]	lr: 2.500e-03, eta: 1 day, 2:02:42, time: 0.474, data_time: 0.001, memory: 5513, loss_rpn_cls: 0.0190, loss_rpn_bbox: 0.0173, loss_cls: 0.1141, acc: 96.3242, loss_bbox: 0.1307, loss: 0.2810
2025-11-19 06:01:36,449 - mmdet - INFO - Epoch [2][15650/16221]	lr: 2.500e-03, eta: 1 day, 2:01:50, time: 0.484, data_time: 0.001, memory: 5513, loss_rpn_cls: 0.0225, loss_rpn_bbox: 0.0154, loss_cls: 0.1299, acc: 95.8008, loss_bbox: 0.1447, loss: 0.3126
2025-11-19 06:02:00,586 - mmdet - INFO - Epoch [2][15700/16221]	lr: 2.500e-03, eta: 1 day, 2:00:58, time: 0.483, data_time: 0.001, memory: 5513, loss_rpn_cls: 0.0299, loss_rpn_bbox: 0.0219, loss_cls: 0.1037, acc: 96.6660, loss_bbox: 0.1134, loss: 0.2688
2025-11-19 06:02:24,752 - mmdet - INFO - Epoch [2][15750/16221]	lr: 2.500e-03, eta: 1 day, 2:00:05, time: 0.483, data_time: 0.001, memory: 5513, loss_rpn_cls: 0.0274, loss_rpn_bbox: 0.0157, loss_cls: 0.1093, acc: 96.5977, loss_bbox: 0.1130, loss: 0.2653
2025-11-19 06:02:48,389 - mmdet - INFO - Epoch [2][15800/16221]	lr: 2.500e-03, eta: 1 day, 1:59:11, time: 0.473, data_time: 0.002, memory: 5513, loss_rpn_cls: 0.0291, loss_rpn_bbox: 0.0243, loss_cls: 0.1138, acc: 96.2031, loss_bbox: 0.1439, loss: 0.3111
2025-11-19 06:03:12,246 - mmdet - INFO - Epoch [2][15850/16221]	lr: 2.500e-03, eta: 1 day, 1:58:17, time: 0.477, data_time: 0.001, memory: 5513, loss_rpn_cls: 0.0182, loss_rpn_bbox: 0.0207, loss_cls: 0.1039, acc: 96.4551, loss_bbox: 0.1224, loss: 0.2651
2025-11-19 06:03:35,877 - mmdet - INFO - Epoch [2][15900/16221]	lr: 2.500e-03, eta: 1 day, 1:57:22, time: 0.473, data_time: 0.001, memory: 5513, loss_rpn_cls: 0.0239, loss_rpn_bbox: 0.0195, loss_cls: 0.1229, acc: 95.9180, loss_bbox: 0.1336, loss: 0.2999
2025-11-19 06:03:59,891 - mmdet - INFO - Epoch [2][15950/16221]	lr: 2.500e-03, eta: 1 day, 1:56:30, time: 0.480, data_time: 0.001, memory: 5513, loss_rpn_cls: 0.0273, loss_rpn_bbox: 0.0217, loss_cls: 0.1170, acc: 96.4570, loss_bbox: 0.1169, loss: 0.2829
2025-11-19 06:04:23,707 - mmdet - INFO - Epoch [2][16000/16221]	lr: 2.500e-03, eta: 1 day, 1:55:36, time: 0.476, data_time: 0.001, memory: 5513, loss_rpn_cls: 0.0244, loss_rpn_bbox: 0.0187, loss_cls: 0.1218, acc: 96.3379, loss_bbox: 0.1180, loss: 0.2829
2025-11-19 06:04:47,508 - mmdet - INFO - Epoch [2][16050/16221]	lr: 2.500e-03, eta: 1 day, 1:54:42, time: 0.476, data_time: 0.001, memory: 5513, loss_rpn_cls: 0.0230, loss_rpn_bbox: 0.0163, loss_cls: 0.1086, acc: 96.2773, loss_bbox: 0.1311, loss: 0.2790
2025-11-19 06:05:11,687 - mmdet - INFO - Epoch [2][16100/16221]	lr: 2.500e-03, eta: 1 day, 1:53:51, time: 0.484, data_time: 0.001, memory: 5513, loss_rpn_cls: 0.0271, loss_rpn_bbox: 0.0232, loss_cls: 0.1110, acc: 96.3125, loss_bbox: 0.1197, loss: 0.2809
2025-11-19 06:05:35,620 - mmdet - INFO - Epoch [2][16150/16221]	lr: 2.500e-03, eta: 1 day, 1:52:58, time: 0.479, data_time: 0.001, memory: 5513, loss_rpn_cls: 0.0211, loss_rpn_bbox: 0.0217, loss_cls: 0.0889, acc: 97.0137, loss_bbox: 0.1058, loss: 0.2375
2025-11-19 06:05:59,502 - mmdet - INFO - Epoch [2][16200/16221]	lr: 2.500e-03, eta: 1 day, 1:52:05, time: 0.478, data_time: 0.001, memory: 5513, loss_rpn_cls: 0.0244, loss_rpn_bbox: 0.0166, loss_cls: 0.1168, acc: 96.1992, loss_bbox: 0.1334, loss: 0.2912
2025-11-19 06:06:19,601 - mmdet - INFO - Saving checkpoint at 2 epochs
2025-11-19 06:07:13,345 - mmdet - INFO - Epoch [3][50/16221]	lr: 2.500e-03, eta: 1 day, 1:52:19, time: 1.033, data_time: 0.553, memory: 5513, loss_rpn_cls: 0.0231, loss_rpn_bbox: 0.0218, loss_cls: 0.1228, acc: 96.1133, loss_bbox: 0.1365, loss: 0.3042
2025-11-19 06:07:37,356 - mmdet - INFO - Epoch [3][100/16221]	lr: 2.500e-03, eta: 1 day, 1:51:27, time: 0.480, data_time: 0.001, memory: 5513, loss_rpn_cls: 0.0192, loss_rpn_bbox: 0.0190, loss_cls: 0.0956, acc: 96.7832, loss_bbox: 0.1117, loss: 0.2455
2025-11-19 06:08:01,210 - mmdet - INFO - Epoch [3][150/16221]	lr: 2.500e-03, eta: 1 day, 1:50:34, time: 0.477, data_time: 0.001, memory: 5513, loss_rpn_cls: 0.0261, loss_rpn_bbox: 0.0269, loss_cls: 0.1201, acc: 95.9922, loss_bbox: 0.1461, loss: 0.3192
2025-11-19 06:08:25,590 - mmdet - INFO - Epoch [3][200/16221]	lr: 2.500e-03, eta: 1 day, 1:49:44, time: 0.488, data_time: 0.001, memory: 5513, loss_rpn_cls: 0.0181, loss_rpn_bbox: 0.0242, loss_cls: 0.0978, acc: 96.4805, loss_bbox: 0.1263, loss: 0.2663
2025-11-19 06:08:49,458 - mmdet - INFO - Epoch [3][250/16221]	lr: 2.500e-03, eta: 1 day, 1:48:51, time: 0.477, data_time: 0.001, memory: 5513, loss_rpn_cls: 0.0238, loss_rpn_bbox: 0.0300, loss_cls: 0.1198, acc: 95.8223, loss_bbox: 0.1489, loss: 0.3226
2025-11-19 06:09:13,510 - mmdet - INFO - Epoch [3][300/16221]	lr: 2.500e-03, eta: 1 day, 1:47:59, time: 0.481, data_time: 0.001, memory: 5513, loss_rpn_cls: 0.0192, loss_rpn_bbox: 0.0175, loss_cls: 0.1091, acc: 96.3535, loss_bbox: 0.1263, loss: 0.2721
2025-11-19 06:09:37,518 - mmdet - INFO - Epoch [3][350/16221]	lr: 2.500e-03, eta: 1 day, 1:47:08, time: 0.480, data_time: 0.001, memory: 5513, loss_rpn_cls: 0.0185, loss_rpn_bbox: 0.0186, loss_cls: 0.0958, acc: 97.0859, loss_bbox: 0.1059, loss: 0.2388
2025-11-19 06:10:01,322 - mmdet - INFO - Epoch [3][400/16221]	lr: 2.500e-03, eta: 1 day, 1:46:15, time: 0.476, data_time: 0.001, memory: 5513, loss_rpn_cls: 0.0178, loss_rpn_bbox: 0.0158, loss_cls: 0.0933, acc: 96.8828, loss_bbox: 0.1059, loss: 0.2329
2025-11-19 06:10:24,903 - mmdet - INFO - Epoch [3][450/16221]	lr: 2.500e-03, eta: 1 day, 1:45:21, time: 0.471, data_time: 0.001, memory: 5513, loss_rpn_cls: 0.0208, loss_rpn_bbox: 0.0168, loss_cls: 0.1250, acc: 96.0156, loss_bbox: 0.1411, loss: 0.3037
2025-11-19 06:10:48,726 - mmdet - INFO - Epoch [3][500/16221]	lr: 2.500e-03, eta: 1 day, 1:44:29, time: 0.476, data_time: 0.001, memory: 5513, loss_rpn_cls: 0.0177, loss_rpn_bbox: 0.0168, loss_cls: 0.1098, acc: 96.3496, loss_bbox: 0.1176, loss: 0.2620
2025-11-19 06:11:12,694 - mmdet - INFO - Epoch [3][550/16221]	lr: 2.500e-03, eta: 1 day, 1:43:37, time: 0.480, data_time: 0.001, memory: 5513, loss_rpn_cls: 0.0250, loss_rpn_bbox: 0.0173, loss_cls: 0.1061, acc: 96.5605, loss_bbox: 0.1207, loss: 0.2690
2025-11-19 06:11:36,920 - mmdet - INFO - Epoch [3][600/16221]	lr: 2.500e-03, eta: 1 day, 1:42:47, time: 0.484, data_time: 0.001, memory: 5513, loss_rpn_cls: 0.0237, loss_rpn_bbox: 0.0197, loss_cls: 0.1249, acc: 95.9395, loss_bbox: 0.1450, loss: 0.3134
2025-11-19 06:12:00,654 - mmdet - INFO - Epoch [3][650/16221]	lr: 2.500e-03, eta: 1 day, 1:41:54, time: 0.475, data_time: 0.002, memory: 5513, loss_rpn_cls: 0.0235, loss_rpn_bbox: 0.0205, loss_cls: 0.1071, acc: 96.4863, loss_bbox: 0.1319, loss: 0.2830
2025-11-19 06:12:24,357 - mmdet - INFO - Epoch [3][700/16221]	lr: 2.500e-03, eta: 1 day, 1:41:02, time: 0.474, data_time: 0.001, memory: 5513, loss_rpn_cls: 0.0239, loss_rpn_bbox: 0.0158, loss_cls: 0.1220, acc: 96.2324, loss_bbox: 0.1362, loss: 0.2980
2025-11-19 06:12:48,612 - mmdet - INFO - Epoch [3][750/16221]	lr: 2.500e-03, eta: 1 day, 1:40:12, time: 0.485, data_time: 0.001, memory: 5513, loss_rpn_cls: 0.0227, loss_rpn_bbox: 0.0191, loss_cls: 0.0944, acc: 97.1055, loss_bbox: 0.1038, loss: 0.2400
2025-11-19 06:13:12,610 - mmdet - INFO - Epoch [3][800/16221]	lr: 2.500e-03, eta: 1 day, 1:39:21, time: 0.480, data_time: 0.001, memory: 5513, loss_rpn_cls: 0.0205, loss_rpn_bbox: 0.0176, loss_cls: 0.1234, acc: 95.9492, loss_bbox: 0.1428, loss: 0.3043
2025-11-19 06:13:36,350 - mmdet - INFO - Epoch [3][850/16221]	lr: 2.500e-03, eta: 1 day, 1:38:29, time: 0.475, data_time: 0.001, memory: 5513, loss_rpn_cls: 0.0179, loss_rpn_bbox: 0.0166, loss_cls: 0.1216, acc: 96.0078, loss_bbox: 0.1328, loss: 0.2889
2025-11-19 06:13:59,978 - mmdet - INFO - Epoch [3][900/16221]	lr: 2.500e-03, eta: 1 day, 1:37:36, time: 0.472, data_time: 0.001, memory: 5513, loss_rpn_cls: 0.0170, loss_rpn_bbox: 0.0170, loss_cls: 0.1138, acc: 96.1582, loss_bbox: 0.1208, loss: 0.2687
2025-11-19 06:14:23,771 - mmdet - INFO - Epoch [3][950/16221]	lr: 2.500e-03, eta: 1 day, 1:36:44, time: 0.476, data_time: 0.001, memory: 5513, loss_rpn_cls: 0.0267, loss_rpn_bbox: 0.0297, loss_cls: 0.1205, acc: 96.0664, loss_bbox: 0.1350, loss: 0.3120
2025-11-19 06:14:47,456 - mmdet - INFO - Epoch [3][1000/16221]	lr: 2.500e-03, eta: 1 day, 1:35:52, time: 0.473, data_time: 0.001, memory: 5513, loss_rpn_cls: 0.0180, loss_rpn_bbox: 0.0206, loss_cls: 0.1060, acc: 96.4668, loss_bbox: 0.1273, loss: 0.2720
2025-11-19 06:15:11,138 - mmdet - INFO - Epoch [3][1050/16221]	lr: 2.500e-03, eta: 1 day, 1:35:00, time: 0.474, data_time: 0.001, memory: 5513, loss_rpn_cls: 0.0170, loss_rpn_bbox: 0.0159, loss_cls: 0.1008, acc: 96.5957, loss_bbox: 0.1317, loss: 0.2653
2025-11-19 06:15:34,909 - mmdet - INFO - Epoch [3][1100/16221]	lr: 2.500e-03, eta: 1 day, 1:34:08, time: 0.475, data_time: 0.001, memory: 5513, loss_rpn_cls: 0.0207, loss_rpn_bbox: 0.0143, loss_cls: 0.0938, acc: 96.5605, loss_bbox: 0.1241, loss: 0.2530
2025-11-19 06:15:58,488 - mmdet - INFO - Epoch [3][1150/16221]	lr: 2.500e-03, eta: 1 day, 1:33:16, time: 0.472, data_time: 0.001, memory: 5513, loss_rpn_cls: 0.0281, loss_rpn_bbox: 0.0253, loss_cls: 0.1016, acc: 96.5820, loss_bbox: 0.1215, loss: 0.2764
2025-11-19 06:16:22,334 - mmdet - INFO - Epoch [3][1200/16221]	lr: 2.500e-03, eta: 1 day, 1:32:25, time: 0.477, data_time: 0.001, memory: 5513, loss_rpn_cls: 0.0224, loss_rpn_bbox: 0.0207, loss_cls: 0.1072, acc: 96.3926, loss_bbox: 0.1209, loss: 0.2712
2025-11-19 06:16:45,989 - mmdet - INFO - Epoch [3][1250/16221]	lr: 2.500e-03, eta: 1 day, 1:31:33, time: 0.473, data_time: 0.001, memory: 5513, loss_rpn_cls: 0.0199, loss_rpn_bbox: 0.0206, loss_cls: 0.1106, acc: 96.4473, loss_bbox: 0.1231, loss: 0.2741
2025-11-19 06:17:09,871 - mmdet - INFO - Epoch [3][1300/16221]	lr: 2.500e-03, eta: 1 day, 1:30:42, time: 0.478, data_time: 0.001, memory: 5513, loss_rpn_cls: 0.0207, loss_rpn_bbox: 0.0172, loss_cls: 0.1044, acc: 96.4297, loss_bbox: 0.1290, loss: 0.2713
2025-11-19 06:17:33,842 - mmdet - INFO - Epoch [3][1350/16221]	lr: 2.500e-03, eta: 1 day, 1:29:52, time: 0.479, data_time: 0.001, memory: 5513, loss_rpn_cls: 0.0164, loss_rpn_bbox: 0.0183, loss_cls: 0.1068, acc: 96.6406, loss_bbox: 0.1259, loss: 0.2674
2025-11-19 06:17:57,585 - mmdet - INFO - Epoch [3][1400/16221]	lr: 2.500e-03, eta: 1 day, 1:29:00, time: 0.475, data_time: 0.001, memory: 5513, loss_rpn_cls: 0.0202, loss_rpn_bbox: 0.0202, loss_cls: 0.0985, acc: 96.5410, loss_bbox: 0.1282, loss: 0.2671
2025-11-19 06:18:21,422 - mmdet - INFO - Epoch [3][1450/16221]	lr: 2.500e-03, eta: 1 day, 1:28:10, time: 0.477, data_time: 0.001, memory: 5513, loss_rpn_cls: 0.0245, loss_rpn_bbox: 0.0268, loss_cls: 0.1227, acc: 96.0898, loss_bbox: 0.1295, loss: 0.3035
2025-11-19 06:18:45,365 - mmdet - INFO - Epoch [3][1500/16221]	lr: 2.500e-03, eta: 1 day, 1:27:19, time: 0.479, data_time: 0.001, memory: 5513, loss_rpn_cls: 0.0170, loss_rpn_bbox: 0.0171, loss_cls: 0.1073, acc: 96.4824, loss_bbox: 0.1265, loss: 0.2679
2025-11-19 06:19:09,362 - mmdet - INFO - Epoch [3][1550/16221]	lr: 2.500e-03, eta: 1 day, 1:26:29, time: 0.480, data_time: 0.001, memory: 5513, loss_rpn_cls: 0.0235, loss_rpn_bbox: 0.0197, loss_cls: 0.1179, acc: 96.1543, loss_bbox: 0.1373, loss: 0.2985
2025-11-19 06:19:33,614 - mmdet - INFO - Epoch [3][1600/16221]	lr: 2.500e-03, eta: 1 day, 1:25:41, time: 0.485, data_time: 0.001, memory: 5513, loss_rpn_cls: 0.0225, loss_rpn_bbox: 0.0181, loss_cls: 0.1087, acc: 96.2031, loss_bbox: 0.1358, loss: 0.2851
2025-11-19 06:19:57,498 - mmdet - INFO - Epoch [3][1650/16221]	lr: 2.500e-03, eta: 1 day, 1:24:51, time: 0.478, data_time: 0.001, memory: 5513, loss_rpn_cls: 0.0133, loss_rpn_bbox: 0.0150, loss_cls: 0.0972, acc: 96.7344, loss_bbox: 0.1085, loss: 0.2341
2025-11-19 06:20:20,929 - mmdet - INFO - Epoch [3][1700/16221]	lr: 2.500e-03, eta: 1 day, 1:23:58, time: 0.469, data_time: 0.001, memory: 5513, loss_rpn_cls: 0.0281, loss_rpn_bbox: 0.0202, loss_cls: 0.1361, acc: 95.7832, loss_bbox: 0.1345, loss: 0.3190
2025-11-19 06:20:44,862 - mmdet - INFO - Epoch [3][1750/16221]	lr: 2.500e-03, eta: 1 day, 1:23:09, time: 0.479, data_time: 0.001, memory: 5513, loss_rpn_cls: 0.0187, loss_rpn_bbox: 0.0256, loss_cls: 0.1050, acc: 96.1699, loss_bbox: 0.1481, loss: 0.2974
2025-11-19 06:21:08,595 - mmdet - INFO - Epoch [3][1800/16221]	lr: 2.500e-03, eta: 1 day, 1:22:18, time: 0.474, data_time: 0.001, memory: 5513, loss_rpn_cls: 0.0235, loss_rpn_bbox: 0.0179, loss_cls: 0.1063, acc: 96.4902, loss_bbox: 0.1241, loss: 0.2718
2025-11-19 06:21:34,663 - mmdet - INFO - Epoch [3][1850/16221]	lr: 2.500e-03, eta: 1 day, 1:21:38, time: 0.521, data_time: 0.003, memory: 5513, loss_rpn_cls: 0.0175, loss_rpn_bbox: 0.0196, loss_cls: 0.1010, acc: 96.6855, loss_bbox: 0.1120, loss: 0.2502
2025-11-19 06:21:58,551 - mmdet - INFO - Epoch [3][1900/16221]	lr: 2.500e-03, eta: 1 day, 1:20:48, time: 0.478, data_time: 0.001, memory: 5513, loss_rpn_cls: 0.0202, loss_rpn_bbox: 0.0171, loss_cls: 0.1070, acc: 96.3496, loss_bbox: 0.1315, loss: 0.2758
2025-11-19 06:22:22,014 - mmdet - INFO - Epoch [3][1950/16221]	lr: 2.500e-03, eta: 1 day, 1:19:57, time: 0.469, data_time: 0.002, memory: 5513, loss_rpn_cls: 0.0194, loss_rpn_bbox: 0.0172, loss_cls: 0.1050, acc: 96.3125, loss_bbox: 0.1357, loss: 0.2773
2025-11-19 06:22:45,679 - mmdet - INFO - Epoch [3][2000/16221]	lr: 2.500e-03, eta: 1 day, 1:19:06, time: 0.473, data_time: 0.001, memory: 5513, loss_rpn_cls: 0.0185, loss_rpn_bbox: 0.0153, loss_cls: 0.1123, acc: 96.0098, loss_bbox: 0.1410, loss: 0.2871
2025-11-19 06:23:09,586 - mmdet - INFO - Epoch [3][2050/16221]	lr: 2.500e-03, eta: 1 day, 1:18:16, time: 0.478, data_time: 0.001, memory: 5513, loss_rpn_cls: 0.0184, loss_rpn_bbox: 0.0179, loss_cls: 0.1003, acc: 96.4883, loss_bbox: 0.1149, loss: 0.2515
2025-11-19 06:23:33,078 - mmdet - INFO - Epoch [3][2100/16221]	lr: 2.500e-03, eta: 1 day, 1:17:25, time: 0.470, data_time: 0.001, memory: 5513, loss_rpn_cls: 0.0165, loss_rpn_bbox: 0.0181, loss_cls: 0.1119, acc: 96.1602, loss_bbox: 0.1391, loss: 0.2857
2025-11-19 06:23:56,992 - mmdet - INFO - Epoch [3][2150/16221]	lr: 2.500e-03, eta: 1 day, 1:16:36, time: 0.478, data_time: 0.001, memory: 5513, loss_rpn_cls: 0.0183, loss_rpn_bbox: 0.0133, loss_cls: 0.0931, acc: 96.8418, loss_bbox: 0.1113, loss: 0.2359
2025-11-19 06:24:21,261 - mmdet - INFO - Epoch [3][2200/16221]	lr: 2.500e-03, eta: 1 day, 1:15:48, time: 0.486, data_time: 0.001, memory: 5513, loss_rpn_cls: 0.0168, loss_rpn_bbox: 0.0152, loss_cls: 0.1143, acc: 96.1699, loss_bbox: 0.1354, loss: 0.2818
2025-11-19 06:24:45,305 - mmdet - INFO - Epoch [3][2250/16221]	lr: 2.500e-03, eta: 1 day, 1:14:59, time: 0.481, data_time: 0.001, memory: 5513, loss_rpn_cls: 0.0239, loss_rpn_bbox: 0.0201, loss_cls: 0.1168, acc: 95.9180, loss_bbox: 0.1352, loss: 0.2960
2025-11-19 06:25:09,386 - mmdet - INFO - Epoch [3][2300/16221]	lr: 2.500e-03, eta: 1 day, 1:14:11, time: 0.482, data_time: 0.001, memory: 5513, loss_rpn_cls: 0.0181, loss_rpn_bbox: 0.0145, loss_cls: 0.1051, acc: 96.5664, loss_bbox: 0.1235, loss: 0.2612
2025-11-19 06:25:33,103 - mmdet - INFO - Epoch [3][2350/16221]	lr: 2.500e-03, eta: 1 day, 1:13:21, time: 0.474, data_time: 0.001, memory: 5513, loss_rpn_cls: 0.0177, loss_rpn_bbox: 0.0164, loss_cls: 0.1142, acc: 96.2754, loss_bbox: 0.1351, loss: 0.2834
2025-11-19 06:25:56,918 - mmdet - INFO - Epoch [3][2400/16221]	lr: 2.500e-03, eta: 1 day, 1:12:32, time: 0.476, data_time: 0.001, memory: 5513, loss_rpn_cls: 0.0222, loss_rpn_bbox: 0.0224, loss_cls: 0.1120, acc: 96.0391, loss_bbox: 0.1366, loss: 0.2932
2025-11-19 06:26:20,868 - mmdet - INFO - Epoch [3][2450/16221]	lr: 2.500e-03, eta: 1 day, 1:11:43, time: 0.479, data_time: 0.001, memory: 5513, loss_rpn_cls: 0.0252, loss_rpn_bbox: 0.0249, loss_cls: 0.1261, acc: 95.7754, loss_bbox: 0.1452, loss: 0.3214
2025-11-19 06:26:44,605 - mmdet - INFO - Epoch [3][2500/16221]	lr: 2.500e-03, eta: 1 day, 1:10:53, time: 0.475, data_time: 0.001, memory: 5513, loss_rpn_cls: 0.0196, loss_rpn_bbox: 0.0191, loss_cls: 0.1392, acc: 95.6152, loss_bbox: 0.1513, loss: 0.3292
2025-11-19 06:27:08,484 - mmdet - INFO - Epoch [3][2550/16221]	lr: 2.500e-03, eta: 1 day, 1:10:04, time: 0.478, data_time: 0.001, memory: 5513, loss_rpn_cls: 0.0194, loss_rpn_bbox: 0.0160, loss_cls: 0.0987, acc: 96.6582, loss_bbox: 0.1128, loss: 0.2468
2025-11-19 06:27:32,439 - mmdet - INFO - Epoch [3][2600/16221]	lr: 2.500e-03, eta: 1 day, 1:09:16, time: 0.479, data_time: 0.001, memory: 5513, loss_rpn_cls: 0.0195, loss_rpn_bbox: 0.0279, loss_cls: 0.1182, acc: 96.1699, loss_bbox: 0.1330, loss: 0.2987
2025-11-19 06:27:56,369 - mmdet - INFO - Epoch [3][2650/16221]	lr: 2.500e-03, eta: 1 day, 1:08:27, time: 0.479, data_time: 0.001, memory: 5513, loss_rpn_cls: 0.0360, loss_rpn_bbox: 0.0166, loss_cls: 0.0974, acc: 96.9258, loss_bbox: 0.1099, loss: 0.2599
2025-11-19 06:28:20,598 - mmdet - INFO - Epoch [3][2700/16221]	lr: 2.500e-03, eta: 1 day, 1:07:40, time: 0.485, data_time: 0.001, memory: 5513, loss_rpn_cls: 0.0195, loss_rpn_bbox: 0.0173, loss_cls: 0.0976, acc: 96.5488, loss_bbox: 0.1216, loss: 0.2560
2025-11-19 06:28:44,469 - mmdet - INFO - Epoch [3][2750/16221]	lr: 2.500e-03, eta: 1 day, 1:06:52, time: 0.477, data_time: 0.001, memory: 5513, loss_rpn_cls: 0.0269, loss_rpn_bbox: 0.0218, loss_cls: 0.1154, acc: 96.3594, loss_bbox: 0.1355, loss: 0.2997
2025-11-19 06:29:07,934 - mmdet - INFO - Epoch [3][2800/16221]	lr: 2.500e-03, eta: 1 day, 1:06:01, time: 0.469, data_time: 0.002, memory: 5513, loss_rpn_cls: 0.0236, loss_rpn_bbox: 0.0213, loss_cls: 0.1162, acc: 96.1074, loss_bbox: 0.1443, loss: 0.3056
2025-11-19 06:29:32,023 - mmdet - INFO - Epoch [3][2850/16221]	lr: 2.500e-03, eta: 1 day, 1:05:14, time: 0.482, data_time: 0.001, memory: 5513, loss_rpn_cls: 0.0237, loss_rpn_bbox: 0.0176, loss_cls: 0.1136, acc: 96.0918, loss_bbox: 0.1277, loss: 0.2826
2025-11-19 06:29:55,786 - mmdet - INFO - Epoch [3][2900/16221]	lr: 2.500e-03, eta: 1 day, 1:04:25, time: 0.475, data_time: 0.001, memory: 5513, loss_rpn_cls: 0.0215, loss_rpn_bbox: 0.0225, loss_cls: 0.1081, acc: 96.3711, loss_bbox: 0.1321, loss: 0.2842
2025-11-19 06:30:19,312 - mmdet - INFO - Epoch [3][2950/16221]	lr: 2.500e-03, eta: 1 day, 1:03:35, time: 0.470, data_time: 0.001, memory: 5513, loss_rpn_cls: 0.0225, loss_rpn_bbox: 0.0165, loss_cls: 0.1023, acc: 96.8594, loss_bbox: 0.1106, loss: 0.2519
2025-11-19 06:30:43,116 - mmdet - INFO - Epoch [3][3000/16221]	lr: 2.500e-03, eta: 1 day, 1:02:46, time: 0.476, data_time: 0.001, memory: 5513, loss_rpn_cls: 0.0245, loss_rpn_bbox: 0.0187, loss_cls: 0.0978, acc: 96.9004, loss_bbox: 0.1115, loss: 0.2526
2025-11-19 06:31:07,055 - mmdet - INFO - Epoch [3][3050/16221]	lr: 2.500e-03, eta: 1 day, 1:01:58, time: 0.479, data_time: 0.001, memory: 5513, loss_rpn_cls: 0.0218, loss_rpn_bbox: 0.0181, loss_cls: 0.1043, acc: 96.6250, loss_bbox: 0.1188, loss: 0.2630
2025-11-19 06:31:30,943 - mmdet - INFO - Epoch [3][3100/16221]	lr: 2.500e-03, eta: 1 day, 1:01:10, time: 0.478, data_time: 0.001, memory: 5513, loss_rpn_cls: 0.0168, loss_rpn_bbox: 0.0202, loss_cls: 0.1235, acc: 95.6328, loss_bbox: 0.1592, loss: 0.3197
2025-11-19 06:31:54,705 - mmdet - INFO - Epoch [3][3150/16221]	lr: 2.500e-03, eta: 1 day, 1:00:21, time: 0.475, data_time: 0.001, memory: 5513, loss_rpn_cls: 0.0187, loss_rpn_bbox: 0.0181, loss_cls: 0.1063, acc: 96.4395, loss_bbox: 0.1298, loss: 0.2728
2025-11-19 06:32:18,335 - mmdet - INFO - Epoch [3][3200/16221]	lr: 2.500e-03, eta: 1 day, 0:59:32, time: 0.473, data_time: 0.001, memory: 5513, loss_rpn_cls: 0.0190, loss_rpn_bbox: 0.0149, loss_cls: 0.0914, acc: 97.0605, loss_bbox: 0.1039, loss: 0.2292
2025-11-19 06:32:42,237 - mmdet - INFO - Epoch [3][3250/16221]	lr: 2.500e-03, eta: 1 day, 0:58:44, time: 0.478, data_time: 0.001, memory: 5513, loss_rpn_cls: 0.0157, loss_rpn_bbox: 0.0167, loss_cls: 0.1141, acc: 96.2520, loss_bbox: 0.1407, loss: 0.2872
2025-11-19 06:33:05,749 - mmdet - INFO - Epoch [3][3300/16221]	lr: 2.500e-03, eta: 1 day, 0:57:55, time: 0.470, data_time: 0.001, memory: 5513, loss_rpn_cls: 0.0198, loss_rpn_bbox: 0.0219, loss_cls: 0.1190, acc: 96.0391, loss_bbox: 0.1349, loss: 0.2955
2025-11-19 06:33:29,667 - mmdet - INFO - Epoch [3][3350/16221]	lr: 2.500e-03, eta: 1 day, 0:57:07, time: 0.478, data_time: 0.001, memory: 5513, loss_rpn_cls: 0.0212, loss_rpn_bbox: 0.0198, loss_cls: 0.1137, acc: 96.3301, loss_bbox: 0.1243, loss: 0.2790
2025-11-19 06:33:54,333 - mmdet - INFO - Epoch [3][3400/16221]	lr: 2.500e-03, eta: 1 day, 0:56:23, time: 0.493, data_time: 0.001, memory: 5513, loss_rpn_cls: 0.0204, loss_rpn_bbox: 0.0178, loss_cls: 0.1091, acc: 96.0938, loss_bbox: 0.1421, loss: 0.2893
2025-11-19 06:34:18,494 - mmdet - INFO - Epoch [3][3450/16221]	lr: 2.500e-03, eta: 1 day, 0:55:37, time: 0.483, data_time: 0.001, memory: 5513, loss_rpn_cls: 0.0208, loss_rpn_bbox: 0.0178, loss_cls: 0.1052, acc: 96.5078, loss_bbox: 0.1128, loss: 0.2566
2025-11-19 06:34:42,293 - mmdet - INFO - Epoch [3][3500/16221]	lr: 2.500e-03, eta: 1 day, 0:54:49, time: 0.476, data_time: 0.002, memory: 5513, loss_rpn_cls: 0.0173, loss_rpn_bbox: 0.0200, loss_cls: 0.1011, acc: 96.5742, loss_bbox: 0.1226, loss: 0.2610
2025-11-19 06:35:06,265 - mmdet - INFO - Epoch [3][3550/16221]	lr: 2.500e-03, eta: 1 day, 0:54:01, time: 0.479, data_time: 0.002, memory: 5513, loss_rpn_cls: 0.0178, loss_rpn_bbox: 0.0133, loss_cls: 0.0885, acc: 96.9688, loss_bbox: 0.0992, loss: 0.2188
2025-11-19 06:35:30,343 - mmdet - INFO - Epoch [3][3600/16221]	lr: 2.500e-03, eta: 1 day, 0:53:15, time: 0.482, data_time: 0.002, memory: 5513, loss_rpn_cls: 0.0242, loss_rpn_bbox: 0.0195, loss_cls: 0.1081, acc: 96.3359, loss_bbox: 0.1282, loss: 0.2799
2025-11-19 06:35:53,987 - mmdet - INFO - Epoch [3][3650/16221]	lr: 2.500e-03, eta: 1 day, 0:52:26, time: 0.473, data_time: 0.001, memory: 5513, loss_rpn_cls: 0.0212, loss_rpn_bbox: 0.0192, loss_cls: 0.1131, acc: 96.2715, loss_bbox: 0.1287, loss: 0.2822
2025-11-19 06:36:17,879 - mmdet - INFO - Epoch [3][3700/16221]	lr: 2.500e-03, eta: 1 day, 0:51:39, time: 0.478, data_time: 0.002, memory: 5513, loss_rpn_cls: 0.0159, loss_rpn_bbox: 0.0193, loss_cls: 0.1065, acc: 96.3672, loss_bbox: 0.1257, loss: 0.2673
2025-11-19 06:36:41,532 - mmdet - INFO - Epoch [3][3750/16221]	lr: 2.500e-03, eta: 1 day, 0:50:51, time: 0.473, data_time: 0.001, memory: 5513, loss_rpn_cls: 0.0231, loss_rpn_bbox: 0.0203, loss_cls: 0.1035, acc: 96.4844, loss_bbox: 0.1310, loss: 0.2779
2025-11-19 06:37:05,599 - mmdet - INFO - Epoch [3][3800/16221]	lr: 2.500e-03, eta: 1 day, 0:50:04, time: 0.481, data_time: 0.001, memory: 5513, loss_rpn_cls: 0.0203, loss_rpn_bbox: 0.0168, loss_cls: 0.1044, acc: 96.4473, loss_bbox: 0.1382, loss: 0.2797
2025-11-19 06:37:29,671 - mmdet - INFO - Epoch [3][3850/16221]	lr: 2.500e-03, eta: 1 day, 0:49:18, time: 0.481, data_time: 0.001, memory: 5513, loss_rpn_cls: 0.0254, loss_rpn_bbox: 0.0227, loss_cls: 0.1062, acc: 96.5156, loss_bbox: 0.1219, loss: 0.2761
2025-11-19 06:37:53,621 - mmdet - INFO - Epoch [3][3900/16221]	lr: 2.500e-03, eta: 1 day, 0:48:31, time: 0.479, data_time: 0.001, memory: 5513, loss_rpn_cls: 0.0219, loss_rpn_bbox: 0.0213, loss_cls: 0.1122, acc: 95.8770, loss_bbox: 0.1454, loss: 0.3008
2025-11-19 06:38:17,276 - mmdet - INFO - Epoch [3][3950/16221]	lr: 2.500e-03, eta: 1 day, 0:47:43, time: 0.473, data_time: 0.001, memory: 5513, loss_rpn_cls: 0.0213, loss_rpn_bbox: 0.0176, loss_cls: 0.1094, acc: 96.2051, loss_bbox: 0.1232, loss: 0.2714
2025-11-19 06:38:41,212 - mmdet - INFO - Epoch [3][4000/16221]	lr: 2.500e-03, eta: 1 day, 0:46:57, time: 0.479, data_time: 0.001, memory: 5513, loss_rpn_cls: 0.0215, loss_rpn_bbox: 0.0200, loss_cls: 0.1056, acc: 96.3613, loss_bbox: 0.1285, loss: 0.2756
2025-11-19 06:39:05,234 - mmdet - INFO - Epoch [3][4050/16221]	lr: 2.500e-03, eta: 1 day, 0:46:10, time: 0.480, data_time: 0.001, memory: 5513, loss_rpn_cls: 0.0193, loss_rpn_bbox: 0.0183, loss_cls: 0.1048, acc: 96.4141, loss_bbox: 0.1270, loss: 0.2693
2025-11-19 06:39:29,017 - mmdet - INFO - Epoch [3][4100/16221]	lr: 2.500e-03, eta: 1 day, 0:45:23, time: 0.476, data_time: 0.001, memory: 5513, loss_rpn_cls: 0.0141, loss_rpn_bbox: 0.0139, loss_cls: 0.0994, acc: 96.4238, loss_bbox: 0.1240, loss: 0.2515
2025-11-19 06:39:52,935 - mmdet - INFO - Epoch [3][4150/16221]	lr: 2.500e-03, eta: 1 day, 0:44:36, time: 0.478, data_time: 0.001, memory: 5513, loss_rpn_cls: 0.0230, loss_rpn_bbox: 0.0206, loss_cls: 0.1198, acc: 95.5859, loss_bbox: 0.1509, loss: 0.3144
2025-11-19 06:40:16,808 - mmdet - INFO - Epoch [3][4200/16221]	lr: 2.500e-03, eta: 1 day, 0:43:50, time: 0.477, data_time: 0.001, memory: 5513, loss_rpn_cls: 0.0188, loss_rpn_bbox: 0.0174, loss_cls: 0.1156, acc: 96.5332, loss_bbox: 0.1247, loss: 0.2766
2025-11-19 06:40:40,844 - mmdet - INFO - Epoch [3][4250/16221]	lr: 2.500e-03, eta: 1 day, 0:43:04, time: 0.481, data_time: 0.001, memory: 5513, loss_rpn_cls: 0.0200, loss_rpn_bbox: 0.0149, loss_cls: 0.1177, acc: 96.2422, loss_bbox: 0.1327, loss: 0.2851
2025-11-19 06:41:04,888 - mmdet - INFO - Epoch [3][4300/16221]	lr: 2.500e-03, eta: 1 day, 0:42:18, time: 0.481, data_time: 0.001, memory: 5513, loss_rpn_cls: 0.0160, loss_rpn_bbox: 0.0166, loss_cls: 0.0911, acc: 96.9844, loss_bbox: 0.1013, loss: 0.2251
2025-11-19 06:41:28,935 - mmdet - INFO - Epoch [3][4350/16221]	lr: 2.500e-03, eta: 1 day, 0:41:32, time: 0.481, data_time: 0.001, memory: 5513, loss_rpn_cls: 0.0258, loss_rpn_bbox: 0.0187, loss_cls: 0.1290, acc: 95.9004, loss_bbox: 0.1407, loss: 0.3142
2025-11-19 06:41:52,728 - mmdet - INFO - Epoch [3][4400/16221]	lr: 2.500e-03, eta: 1 day, 0:40:45, time: 0.476, data_time: 0.001, memory: 5513, loss_rpn_cls: 0.0241, loss_rpn_bbox: 0.0192, loss_cls: 0.1042, acc: 96.5801, loss_bbox: 0.1236, loss: 0.2711
2025-11-19 06:42:16,556 - mmdet - INFO - Epoch [3][4450/16221]	lr: 2.500e-03, eta: 1 day, 0:39:59, time: 0.477, data_time: 0.001, memory: 5513, loss_rpn_cls: 0.0266, loss_rpn_bbox: 0.0228, loss_cls: 0.1228, acc: 95.8301, loss_bbox: 0.1385, loss: 0.3107
2025-11-19 06:42:40,298 - mmdet - INFO - Epoch [3][4500/16221]	lr: 2.500e-03, eta: 1 day, 0:39:12, time: 0.475, data_time: 0.001, memory: 5513, loss_rpn_cls: 0.0204, loss_rpn_bbox: 0.0182, loss_cls: 0.0999, acc: 96.7266, loss_bbox: 0.1167, loss: 0.2552
2025-11-19 06:43:04,324 - mmdet - INFO - Epoch [3][4550/16221]	lr: 2.500e-03, eta: 1 day, 0:38:26, time: 0.481, data_time: 0.001, memory: 5513, loss_rpn_cls: 0.0203, loss_rpn_bbox: 0.0199, loss_cls: 0.1158, acc: 95.9941, loss_bbox: 0.1408, loss: 0.2968
2025-11-19 06:43:27,973 - mmdet - INFO - Epoch [3][4600/16221]	lr: 2.500e-03, eta: 1 day, 0:37:39, time: 0.473, data_time: 0.001, memory: 5513, loss_rpn_cls: 0.0293, loss_rpn_bbox: 0.0214, loss_cls: 0.1115, acc: 96.2090, loss_bbox: 0.1312, loss: 0.2934
2025-11-19 06:43:51,940 - mmdet - INFO - Epoch [3][4650/16221]	lr: 2.500e-03, eta: 1 day, 0:36:53, time: 0.479, data_time: 0.001, memory: 5513, loss_rpn_cls: 0.0236, loss_rpn_bbox: 0.0246, loss_cls: 0.1093, acc: 96.3535, loss_bbox: 0.1298, loss: 0.2873
2025-11-19 06:44:16,426 - mmdet - INFO - Epoch [3][4700/16221]	lr: 2.500e-03, eta: 1 day, 0:36:09, time: 0.490, data_time: 0.001, memory: 5513, loss_rpn_cls: 0.0227, loss_rpn_bbox: 0.0194, loss_cls: 0.1120, acc: 96.4727, loss_bbox: 0.1297, loss: 0.2838
2025-11-19 06:44:40,301 - mmdet - INFO - Epoch [3][4750/16221]	lr: 2.500e-03, eta: 1 day, 0:35:23, time: 0.478, data_time: 0.001, memory: 5513, loss_rpn_cls: 0.0248, loss_rpn_bbox: 0.0255, loss_cls: 0.1076, acc: 96.2559, loss_bbox: 0.1389, loss: 0.2968
2025-11-19 06:45:04,049 - mmdet - INFO - Epoch [3][4800/16221]	lr: 2.500e-03, eta: 1 day, 0:34:37, time: 0.475, data_time: 0.001, memory: 5513, loss_rpn_cls: 0.0153, loss_rpn_bbox: 0.0133, loss_cls: 0.0875, acc: 97.0234, loss_bbox: 0.1112, loss: 0.2273
2025-11-19 06:45:27,507 - mmdet - INFO - Epoch [3][4850/16221]	lr: 2.500e-03, eta: 1 day, 0:33:49, time: 0.469, data_time: 0.001, memory: 5513, loss_rpn_cls: 0.0173, loss_rpn_bbox: 0.0240, loss_cls: 0.0977, acc: 96.7617, loss_bbox: 0.1179, loss: 0.2569
2025-11-19 06:45:50,862 - mmdet - INFO - Epoch [3][4900/16221]	lr: 2.500e-03, eta: 1 day, 0:33:01, time: 0.467, data_time: 0.001, memory: 5513, loss_rpn_cls: 0.0199, loss_rpn_bbox: 0.0231, loss_cls: 0.1092, acc: 96.4727, loss_bbox: 0.1148, loss: 0.2671
2025-11-19 06:46:14,738 - mmdet - INFO - Epoch [3][4950/16221]	lr: 2.500e-03, eta: 1 day, 0:32:15, time: 0.477, data_time: 0.001, memory: 5513, loss_rpn_cls: 0.0203, loss_rpn_bbox: 0.0176, loss_cls: 0.1049, acc: 96.4316, loss_bbox: 0.1263, loss: 0.2691
2025-11-19 06:46:38,648 - mmdet - INFO - Epoch [3][5000/16221]	lr: 2.500e-03, eta: 1 day, 0:31:30, time: 0.478, data_time: 0.001, memory: 5513, loss_rpn_cls: 0.0204, loss_rpn_bbox: 0.0254, loss_cls: 0.1047, acc: 96.4043, loss_bbox: 0.1226, loss: 0.2731
2025-11-19 06:47:02,412 - mmdet - INFO - Epoch [3][5050/16221]	lr: 2.500e-03, eta: 1 day, 0:30:43, time: 0.475, data_time: 0.001, memory: 5513, loss_rpn_cls: 0.0223, loss_rpn_bbox: 0.0177, loss_cls: 0.1028, acc: 96.8711, loss_bbox: 0.1140, loss: 0.2569
2025-11-19 06:47:26,030 - mmdet - INFO - Epoch [3][5100/16221]	lr: 2.500e-03, eta: 1 day, 0:29:57, time: 0.472, data_time: 0.001, memory: 5513, loss_rpn_cls: 0.0203, loss_rpn_bbox: 0.0172, loss_cls: 0.1336, acc: 95.7949, loss_bbox: 0.1420, loss: 0.3130
2025-11-19 06:47:50,469 - mmdet - INFO - Epoch [3][5150/16221]	lr: 2.500e-03, eta: 1 day, 0:29:13, time: 0.489, data_time: 0.001, memory: 5513, loss_rpn_cls: 0.0229, loss_rpn_bbox: 0.0232, loss_cls: 0.1206, acc: 96.0820, loss_bbox: 0.1493, loss: 0.3159
2025-11-19 06:48:14,268 - mmdet - INFO - Epoch [3][5200/16221]	lr: 2.500e-03, eta: 1 day, 0:28:28, time: 0.476, data_time: 0.001, memory: 5513, loss_rpn_cls: 0.0183, loss_rpn_bbox: 0.0219, loss_cls: 0.1094, acc: 96.2324, loss_bbox: 0.1253, loss: 0.2749
2025-11-19 06:48:38,278 - mmdet - INFO - Epoch [3][5250/16221]	lr: 2.500e-03, eta: 1 day, 0:27:43, time: 0.480, data_time: 0.001, memory: 5513, loss_rpn_cls: 0.0202, loss_rpn_bbox: 0.0217, loss_cls: 0.1106, acc: 96.1602, loss_bbox: 0.1384, loss: 0.2909
2025-11-19 06:49:01,966 - mmdet - INFO - Epoch [3][5300/16221]	lr: 2.500e-03, eta: 1 day, 0:26:56, time: 0.474, data_time: 0.001, memory: 5513, loss_rpn_cls: 0.0204, loss_rpn_bbox: 0.0175, loss_cls: 0.0967, acc: 96.9199, loss_bbox: 0.1074, loss: 0.2420
2025-11-19 06:49:25,687 - mmdet - INFO - Epoch [3][5350/16221]	lr: 2.500e-03, eta: 1 day, 0:26:10, time: 0.474, data_time: 0.001, memory: 5513, loss_rpn_cls: 0.0174, loss_rpn_bbox: 0.0161, loss_cls: 0.0905, acc: 97.0762, loss_bbox: 0.1112, loss: 0.2352
2025-11-19 06:49:49,695 - mmdet - INFO - Epoch [3][5400/16221]	lr: 2.500e-03, eta: 1 day, 0:25:26, time: 0.480, data_time: 0.001, memory: 5513, loss_rpn_cls: 0.0153, loss_rpn_bbox: 0.0136, loss_cls: 0.0928, acc: 96.9180, loss_bbox: 0.1051, loss: 0.2267
2025-11-19 06:50:13,879 - mmdet - INFO - Epoch [3][5450/16221]	lr: 2.500e-03, eta: 1 day, 0:24:42, time: 0.484, data_time: 0.001, memory: 5513, loss_rpn_cls: 0.0179, loss_rpn_bbox: 0.0164, loss_cls: 0.1093, acc: 96.2070, loss_bbox: 0.1302, loss: 0.2738
2025-11-19 06:50:37,567 - mmdet - INFO - Epoch [3][5500/16221]	lr: 2.500e-03, eta: 1 day, 0:23:56, time: 0.474, data_time: 0.001, memory: 5513, loss_rpn_cls: 0.0196, loss_rpn_bbox: 0.0143, loss_cls: 0.1129, acc: 96.4688, loss_bbox: 0.1297, loss: 0.2765
2025-11-19 06:51:01,566 - mmdet - INFO - Epoch [3][5550/16221]	lr: 2.500e-03, eta: 1 day, 0:23:11, time: 0.480, data_time: 0.001, memory: 5513, loss_rpn_cls: 0.0245, loss_rpn_bbox: 0.0207, loss_cls: 0.1035, acc: 96.5703, loss_bbox: 0.1160, loss: 0.2647
2025-11-19 06:51:25,472 - mmdet - INFO - Epoch [3][5600/16221]	lr: 2.500e-03, eta: 1 day, 0:22:26, time: 0.478, data_time: 0.001, memory: 5513, loss_rpn_cls: 0.0143, loss_rpn_bbox: 0.0142, loss_cls: 0.1049, acc: 96.4805, loss_bbox: 0.1188, loss: 0.2522
2025-11-19 06:51:49,468 - mmdet - INFO - Epoch [3][5650/16221]	lr: 2.500e-03, eta: 1 day, 0:21:42, time: 0.480, data_time: 0.001, memory: 5513, loss_rpn_cls: 0.0196, loss_rpn_bbox: 0.0140, loss_cls: 0.1131, acc: 96.3477, loss_bbox: 0.1279, loss: 0.2746
2025-11-19 06:52:13,401 - mmdet - INFO - Epoch [3][5700/16221]	lr: 2.500e-03, eta: 1 day, 0:20:57, time: 0.479, data_time: 0.001, memory: 5513, loss_rpn_cls: 0.0200, loss_rpn_bbox: 0.0177, loss_cls: 0.1160, acc: 96.0391, loss_bbox: 0.1397, loss: 0.2934
2025-11-19 06:52:37,204 - mmdet - INFO - Epoch [3][5750/16221]	lr: 2.500e-03, eta: 1 day, 0:20:12, time: 0.476, data_time: 0.001, memory: 5513, loss_rpn_cls: 0.0149, loss_rpn_bbox: 0.0153, loss_cls: 0.0965, acc: 96.6113, loss_bbox: 0.1226, loss: 0.2493
2025-11-19 06:53:01,479 - mmdet - INFO - Epoch [3][5800/16221]	lr: 2.500e-03, eta: 1 day, 0:19:28, time: 0.486, data_time: 0.001, memory: 5513, loss_rpn_cls: 0.0294, loss_rpn_bbox: 0.0231, loss_cls: 0.1157, acc: 96.4980, loss_bbox: 0.1258, loss: 0.2940
2025-11-19 06:53:25,359 - mmdet - INFO - Epoch [3][5850/16221]	lr: 2.500e-03, eta: 1 day, 0:18:44, time: 0.478, data_time: 0.001, memory: 5513, loss_rpn_cls: 0.0161, loss_rpn_bbox: 0.0186, loss_cls: 0.1191, acc: 95.9688, loss_bbox: 0.1436, loss: 0.2974
2025-11-19 06:53:49,310 - mmdet - INFO - Epoch [3][5900/16221]	lr: 2.500e-03, eta: 1 day, 0:17:59, time: 0.479, data_time: 0.001, memory: 5513, loss_rpn_cls: 0.0169, loss_rpn_bbox: 0.0199, loss_cls: 0.1192, acc: 96.1426, loss_bbox: 0.1342, loss: 0.2902
2025-11-19 06:54:13,281 - mmdet - INFO - Epoch [3][5950/16221]	lr: 2.500e-03, eta: 1 day, 0:17:15, time: 0.479, data_time: 0.001, memory: 5513, loss_rpn_cls: 0.0180, loss_rpn_bbox: 0.0164, loss_cls: 0.0949, acc: 96.6797, loss_bbox: 0.1150, loss: 0.2442
2025-11-19 06:54:37,361 - mmdet - INFO - Epoch [3][6000/16221]	lr: 2.500e-03, eta: 1 day, 0:16:31, time: 0.481, data_time: 0.001, memory: 5513, loss_rpn_cls: 0.0201, loss_rpn_bbox: 0.0160, loss_cls: 0.1020, acc: 96.7344, loss_bbox: 0.1158, loss: 0.2539
2025-11-19 06:55:01,764 - mmdet - INFO - Epoch [3][6050/16221]	lr: 2.500e-03, eta: 1 day, 0:15:49, time: 0.488, data_time: 0.003, memory: 5513, loss_rpn_cls: 0.0260, loss_rpn_bbox: 0.0219, loss_cls: 0.1320, acc: 95.7070, loss_bbox: 0.1565, loss: 0.3365
2025-11-19 06:55:25,480 - mmdet - INFO - Epoch [3][6100/16221]	lr: 2.500e-03, eta: 1 day, 0:15:03, time: 0.474, data_time: 0.004, memory: 5513, loss_rpn_cls: 0.0240, loss_rpn_bbox: 0.0217, loss_cls: 0.1119, acc: 96.1035, loss_bbox: 0.1264, loss: 0.2840
2025-11-19 06:55:49,091 - mmdet - INFO - Epoch [3][6150/16221]	lr: 2.500e-03, eta: 1 day, 0:14:18, time: 0.472, data_time: 0.001, memory: 5513, loss_rpn_cls: 0.0171, loss_rpn_bbox: 0.0175, loss_cls: 0.1063, acc: 96.6270, loss_bbox: 0.1194, loss: 0.2603
2025-11-19 06:56:13,328 - mmdet - INFO - Epoch [3][6200/16221]	lr: 2.500e-03, eta: 1 day, 0:13:35, time: 0.485, data_time: 0.001, memory: 5513, loss_rpn_cls: 0.0220, loss_rpn_bbox: 0.0195, loss_cls: 0.1172, acc: 96.3555, loss_bbox: 0.1257, loss: 0.2844
2025-11-19 06:56:37,171 - mmdet - INFO - Epoch [3][6250/16221]	lr: 2.500e-03, eta: 1 day, 0:12:50, time: 0.477, data_time: 0.001, memory: 5513, loss_rpn_cls: 0.0198, loss_rpn_bbox: 0.0192, loss_cls: 0.1208, acc: 96.0430, loss_bbox: 0.1308, loss: 0.2906
2025-11-19 06:57:01,004 - mmdet - INFO - Epoch [3][6300/16221]	lr: 2.500e-03, eta: 1 day, 0:12:06, time: 0.477, data_time: 0.001, memory: 5513, loss_rpn_cls: 0.0262, loss_rpn_bbox: 0.0244, loss_cls: 0.1094, acc: 96.4023, loss_bbox: 0.1266, loss: 0.2865
2025-11-19 06:57:24,794 - mmdet - INFO - Epoch [3][6350/16221]	lr: 2.500e-03, eta: 1 day, 0:11:21, time: 0.476, data_time: 0.001, memory: 5513, loss_rpn_cls: 0.0214, loss_rpn_bbox: 0.0212, loss_cls: 0.1047, acc: 96.3047, loss_bbox: 0.1297, loss: 0.2771
2025-11-19 06:57:48,860 - mmdet - INFO - Epoch [3][6400/16221]	lr: 2.500e-03, eta: 1 day, 0:10:38, time: 0.481, data_time: 0.001, memory: 5513, loss_rpn_cls: 0.0188, loss_rpn_bbox: 0.0170, loss_cls: 0.0972, acc: 96.7480, loss_bbox: 0.1211, loss: 0.2541
2025-11-19 06:58:12,746 - mmdet - INFO - Epoch [3][6450/16221]	lr: 2.500e-03, eta: 1 day, 0:09:54, time: 0.478, data_time: 0.001, memory: 5513, loss_rpn_cls: 0.0291, loss_rpn_bbox: 0.0219, loss_cls: 0.1067, acc: 96.1914, loss_bbox: 0.1352, loss: 0.2929
2025-11-19 06:58:36,242 - mmdet - INFO - Epoch [3][6500/16221]	lr: 2.500e-03, eta: 1 day, 0:09:08, time: 0.470, data_time: 0.001, memory: 5513, loss_rpn_cls: 0.0146, loss_rpn_bbox: 0.0145, loss_cls: 0.0873, acc: 96.8867, loss_bbox: 0.1045, loss: 0.2209
2025-11-19 06:59:00,129 - mmdet - INFO - Epoch [3][6550/16221]	lr: 2.500e-03, eta: 1 day, 0:08:24, time: 0.478, data_time: 0.001, memory: 5513, loss_rpn_cls: 0.0250, loss_rpn_bbox: 0.0223, loss_cls: 0.1115, acc: 96.2676, loss_bbox: 0.1268, loss: 0.2856
2025-11-19 06:59:23,997 - mmdet - INFO - Epoch [3][6600/16221]	lr: 2.500e-03, eta: 1 day, 0:07:40, time: 0.477, data_time: 0.001, memory: 5513, loss_rpn_cls: 0.0172, loss_rpn_bbox: 0.0173, loss_cls: 0.1057, acc: 96.3164, loss_bbox: 0.1325, loss: 0.2728
2025-11-19 06:59:47,739 - mmdet - INFO - Epoch [3][6650/16221]	lr: 2.500e-03, eta: 1 day, 0:06:56, time: 0.475, data_time: 0.001, memory: 5513, loss_rpn_cls: 0.0241, loss_rpn_bbox: 0.0223, loss_cls: 0.1015, acc: 96.5625, loss_bbox: 0.1218, loss: 0.2696
2025-11-19 07:00:11,282 - mmdet - INFO - Epoch [3][6700/16221]	lr: 2.500e-03, eta: 1 day, 0:06:10, time: 0.471, data_time: 0.001, memory: 5513, loss_rpn_cls: 0.0193, loss_rpn_bbox: 0.0184, loss_cls: 0.1116, acc: 96.0176, loss_bbox: 0.1371, loss: 0.2864
2025-11-19 07:00:34,965 - mmdet - INFO - Epoch [3][6750/16221]	lr: 2.500e-03, eta: 1 day, 0:05:26, time: 0.473, data_time: 0.001, memory: 5513, loss_rpn_cls: 0.0135, loss_rpn_bbox: 0.0136, loss_cls: 0.0954, acc: 96.5938, loss_bbox: 0.1198, loss: 0.2424
2025-11-19 07:00:58,825 - mmdet - INFO - Epoch [3][6800/16221]	lr: 2.500e-03, eta: 1 day, 0:04:42, time: 0.477, data_time: 0.001, memory: 5513, loss_rpn_cls: 0.0165, loss_rpn_bbox: 0.0181, loss_cls: 0.1160, acc: 96.0898, loss_bbox: 0.1341, loss: 0.2847
2025-11-19 07:01:22,536 - mmdet - INFO - Epoch [3][6850/16221]	lr: 2.500e-03, eta: 1 day, 0:03:57, time: 0.474, data_time: 0.001, memory: 5513, loss_rpn_cls: 0.0262, loss_rpn_bbox: 0.0238, loss_cls: 0.1095, acc: 96.1914, loss_bbox: 0.1302, loss: 0.2897
2025-11-19 07:01:46,412 - mmdet - INFO - Epoch [3][6900/16221]	lr: 2.500e-03, eta: 1 day, 0:03:14, time: 0.478, data_time: 0.001, memory: 5513, loss_rpn_cls: 0.0248, loss_rpn_bbox: 0.0183, loss_cls: 0.1160, acc: 96.0254, loss_bbox: 0.1423, loss: 0.3014
2025-11-19 07:02:10,562 - mmdet - INFO - Epoch [3][6950/16221]	lr: 2.500e-03, eta: 1 day, 0:02:31, time: 0.483, data_time: 0.001, memory: 5513, loss_rpn_cls: 0.0223, loss_rpn_bbox: 0.0164, loss_cls: 0.1049, acc: 96.6660, loss_bbox: 0.1186, loss: 0.2623
2025-11-19 07:02:34,982 - mmdet - INFO - Epoch [3][7000/16221]	lr: 2.500e-03, eta: 1 day, 0:01:50, time: 0.488, data_time: 0.001, memory: 5513, loss_rpn_cls: 0.0252, loss_rpn_bbox: 0.0209, loss_cls: 0.1005, acc: 96.5645, loss_bbox: 0.1246, loss: 0.2713
2025-11-19 07:02:58,915 - mmdet - INFO - Epoch [3][7050/16221]	lr: 2.500e-03, eta: 1 day, 0:01:06, time: 0.479, data_time: 0.001, memory: 5513, loss_rpn_cls: 0.0189, loss_rpn_bbox: 0.0144, loss_cls: 0.1009, acc: 96.5312, loss_bbox: 0.1362, loss: 0.2705
2025-11-19 07:03:22,887 - mmdet - INFO - Epoch [3][7100/16221]	lr: 2.500e-03, eta: 1 day, 0:00:23, time: 0.479, data_time: 0.001, memory: 5513, loss_rpn_cls: 0.0184, loss_rpn_bbox: 0.0173, loss_cls: 0.1154, acc: 96.4766, loss_bbox: 0.1275, loss: 0.2786
2025-11-19 07:03:47,074 - mmdet - INFO - Epoch [3][7150/16221]	lr: 2.500e-03, eta: 23:59:41, time: 0.484, data_time: 0.001, memory: 5513, loss_rpn_cls: 0.0154, loss_rpn_bbox: 0.0156, loss_cls: 0.1093, acc: 96.1211, loss_bbox: 0.1370, loss: 0.2774
2025-11-19 07:04:11,082 - mmdet - INFO - Epoch [3][7200/16221]	lr: 2.500e-03, eta: 23:58:58, time: 0.480, data_time: 0.001, memory: 5513, loss_rpn_cls: 0.0183, loss_rpn_bbox: 0.0230, loss_cls: 0.1182, acc: 95.8555, loss_bbox: 0.1472, loss: 0.3067
2025-11-19 07:04:35,000 - mmdet - INFO - Epoch [3][7250/16221]	lr: 2.500e-03, eta: 23:58:15, time: 0.478, data_time: 0.002, memory: 5513, loss_rpn_cls: 0.0176, loss_rpn_bbox: 0.0145, loss_cls: 0.0942, acc: 96.9688, loss_bbox: 0.1075, loss: 0.2338
2025-11-19 07:04:58,517 - mmdet - INFO - Epoch [3][7300/16221]	lr: 2.500e-03, eta: 23:57:30, time: 0.471, data_time: 0.001, memory: 5513, loss_rpn_cls: 0.0220, loss_rpn_bbox: 0.0204, loss_cls: 0.1023, acc: 96.4629, loss_bbox: 0.1209, loss: 0.2655
2025-11-19 07:05:22,976 - mmdet - INFO - Epoch [3][7350/16221]	lr: 2.500e-03, eta: 23:56:49, time: 0.489, data_time: 0.001, memory: 5513, loss_rpn_cls: 0.0189, loss_rpn_bbox: 0.0172, loss_cls: 0.1130, acc: 96.4414, loss_bbox: 0.1237, loss: 0.2727
2025-11-19 07:05:46,886 - mmdet - INFO - Epoch [3][7400/16221]	lr: 2.500e-03, eta: 23:56:06, time: 0.478, data_time: 0.001, memory: 5513, loss_rpn_cls: 0.0174, loss_rpn_bbox: 0.0162, loss_cls: 0.1180, acc: 96.0254, loss_bbox: 0.1440, loss: 0.2957
2025-11-19 07:06:10,988 - mmdet - INFO - Epoch [3][7450/16221]	lr: 2.500e-03, eta: 23:55:24, time: 0.482, data_time: 0.001, memory: 5513, loss_rpn_cls: 0.0217, loss_rpn_bbox: 0.0219, loss_cls: 0.1104, acc: 96.2930, loss_bbox: 0.1420, loss: 0.2959
2025-11-19 07:06:35,246 - mmdet - INFO - Epoch [3][7500/16221]	lr: 2.500e-03, eta: 23:54:42, time: 0.485, data_time: 0.001, memory: 5513, loss_rpn_cls: 0.0236, loss_rpn_bbox: 0.0204, loss_cls: 0.1003, acc: 96.4434, loss_bbox: 0.1203, loss: 0.2646
2025-11-19 07:06:59,203 - mmdet - INFO - Epoch [3][7550/16221]	lr: 2.500e-03, eta: 23:53:59, time: 0.479, data_time: 0.001, memory: 5513, loss_rpn_cls: 0.0211, loss_rpn_bbox: 0.0197, loss_cls: 0.1173, acc: 95.8711, loss_bbox: 0.1515, loss: 0.3096
2025-11-19 07:07:23,212 - mmdet - INFO - Epoch [3][7600/16221]	lr: 2.500e-03, eta: 23:53:17, time: 0.480, data_time: 0.001, memory: 5513, loss_rpn_cls: 0.0219, loss_rpn_bbox: 0.0195, loss_cls: 0.1177, acc: 95.9980, loss_bbox: 0.1350, loss: 0.2942
2025-11-19 07:07:47,257 - mmdet - INFO - Epoch [3][7650/16221]	lr: 2.500e-03, eta: 23:52:35, time: 0.481, data_time: 0.002, memory: 5513, loss_rpn_cls: 0.0195, loss_rpn_bbox: 0.0178, loss_cls: 0.1004, acc: 96.6172, loss_bbox: 0.1201, loss: 0.2579
2025-11-19 07:08:11,439 - mmdet - INFO - Epoch [3][7700/16221]	lr: 2.500e-03, eta: 23:51:53, time: 0.484, data_time: 0.001, memory: 5513, loss_rpn_cls: 0.0318, loss_rpn_bbox: 0.0260, loss_cls: 0.1215, acc: 96.1504, loss_bbox: 0.1349, loss: 0.3143
2025-11-19 07:08:34,774 - mmdet - INFO - Epoch [3][7750/16221]	lr: 2.500e-03, eta: 23:51:08, time: 0.467, data_time: 0.002, memory: 5513, loss_rpn_cls: 0.0225, loss_rpn_bbox: 0.0208, loss_cls: 0.1036, acc: 96.4434, loss_bbox: 0.1241, loss: 0.2710
2025-11-19 07:08:58,090 - mmdet - INFO - Epoch [3][7800/16221]	lr: 2.500e-03, eta: 23:50:23, time: 0.466, data_time: 0.001, memory: 5513, loss_rpn_cls: 0.0195, loss_rpn_bbox: 0.0167, loss_cls: 0.0974, acc: 96.8398, loss_bbox: 0.1164, loss: 0.2498
2025-11-19 07:09:21,851 - mmdet - INFO - Epoch [3][7850/16221]	lr: 2.500e-03, eta: 23:49:40, time: 0.475, data_time: 0.002, memory: 5513, loss_rpn_cls: 0.0238, loss_rpn_bbox: 0.0211, loss_cls: 0.1198, acc: 96.2578, loss_bbox: 0.1273, loss: 0.2920
2025-11-19 07:09:45,381 - mmdet - INFO - Epoch [3][7900/16221]	lr: 2.500e-03, eta: 23:48:56, time: 0.471, data_time: 0.001, memory: 5513, loss_rpn_cls: 0.0219, loss_rpn_bbox: 0.0237, loss_cls: 0.1201, acc: 95.9434, loss_bbox: 0.1419, loss: 0.3076
2025-11-19 07:10:09,140 - mmdet - INFO - Epoch [3][7950/16221]	lr: 2.500e-03, eta: 23:48:12, time: 0.475, data_time: 0.001, memory: 5513, loss_rpn_cls: 0.0222, loss_rpn_bbox: 0.0190, loss_cls: 0.1069, acc: 96.4727, loss_bbox: 0.1286, loss: 0.2766
2025-11-19 07:10:32,776 - mmdet - INFO - Epoch [3][8000/16221]	lr: 2.500e-03, eta: 23:47:29, time: 0.473, data_time: 0.001, memory: 5513, loss_rpn_cls: 0.0227, loss_rpn_bbox: 0.0166, loss_cls: 0.1133, acc: 96.1172, loss_bbox: 0.1429, loss: 0.2955
2025-11-19 07:10:56,458 - mmdet - INFO - Epoch [3][8050/16221]	lr: 2.500e-03, eta: 23:46:46, time: 0.474, data_time: 0.002, memory: 5513, loss_rpn_cls: 0.0177, loss_rpn_bbox: 0.0177, loss_cls: 0.0898, acc: 96.9473, loss_bbox: 0.1092, loss: 0.2345
2025-11-19 07:11:20,387 - mmdet - INFO - Epoch [3][8100/16221]	lr: 2.500e-03, eta: 23:46:03, time: 0.478, data_time: 0.001, memory: 5513, loss_rpn_cls: 0.0230, loss_rpn_bbox: 0.0230, loss_cls: 0.0922, acc: 97.0566, loss_bbox: 0.1088, loss: 0.2470
2025-11-19 07:11:44,355 - mmdet - INFO - Epoch [3][8150/16221]	lr: 2.500e-03, eta: 23:45:21, time: 0.479, data_time: 0.001, memory: 5513, loss_rpn_cls: 0.0191, loss_rpn_bbox: 0.0211, loss_cls: 0.1201, acc: 95.7422, loss_bbox: 0.1560, loss: 0.3163
2025-11-19 07:12:08,196 - mmdet - INFO - Epoch [3][8200/16221]	lr: 2.500e-03, eta: 23:44:38, time: 0.477, data_time: 0.001, memory: 5513, loss_rpn_cls: 0.0201, loss_rpn_bbox: 0.0205, loss_cls: 0.1199, acc: 95.9902, loss_bbox: 0.1366, loss: 0.2970
2025-11-19 07:12:31,864 - mmdet - INFO - Epoch [3][8250/16221]	lr: 2.500e-03, eta: 23:43:55, time: 0.473, data_time: 0.001, memory: 5513, loss_rpn_cls: 0.0305, loss_rpn_bbox: 0.0208, loss_cls: 0.0961, acc: 96.6934, loss_bbox: 0.1207, loss: 0.2680
2025-11-19 07:12:55,811 - mmdet - INFO - Epoch [3][8300/16221]	lr: 2.500e-03, eta: 23:43:13, time: 0.479, data_time: 0.001, memory: 5513, loss_rpn_cls: 0.0304, loss_rpn_bbox: 0.0272, loss_cls: 0.1253, acc: 95.8789, loss_bbox: 0.1365, loss: 0.3195
2025-11-19 07:13:19,229 - mmdet - INFO - Epoch [3][8350/16221]	lr: 2.500e-03, eta: 23:42:29, time: 0.468, data_time: 0.001, memory: 5513, loss_rpn_cls: 0.0173, loss_rpn_bbox: 0.0138, loss_cls: 0.1015, acc: 96.5391, loss_bbox: 0.1197, loss: 0.2524
2025-11-19 07:13:42,839 - mmdet - INFO - Epoch [3][8400/16221]	lr: 2.500e-03, eta: 23:41:46, time: 0.472, data_time: 0.001, memory: 5513, loss_rpn_cls: 0.0187, loss_rpn_bbox: 0.0205, loss_cls: 0.0969, acc: 96.7520, loss_bbox: 0.1168, loss: 0.2529
2025-11-19 07:14:06,490 - mmdet - INFO - Epoch [3][8450/16221]	lr: 2.500e-03, eta: 23:41:03, time: 0.473, data_time: 0.001, memory: 5513, loss_rpn_cls: 0.0219, loss_rpn_bbox: 0.0174, loss_cls: 0.1190, acc: 96.0742, loss_bbox: 0.1347, loss: 0.2931
2025-11-19 07:14:30,649 - mmdet - INFO - Epoch [3][8500/16221]	lr: 2.500e-03, eta: 23:40:22, time: 0.483, data_time: 0.001, memory: 5513, loss_rpn_cls: 0.0237, loss_rpn_bbox: 0.0252, loss_cls: 0.0964, acc: 96.6738, loss_bbox: 0.1174, loss: 0.2628
2025-11-19 07:14:54,426 - mmdet - INFO - Epoch [3][8550/16221]	lr: 2.500e-03, eta: 23:39:39, time: 0.476, data_time: 0.001, memory: 5513, loss_rpn_cls: 0.0237, loss_rpn_bbox: 0.0220, loss_cls: 0.0970, acc: 96.7598, loss_bbox: 0.1039, loss: 0.2466
2025-11-19 07:15:18,628 - mmdet - INFO - Epoch [3][8600/16221]	lr: 2.500e-03, eta: 23:38:58, time: 0.484, data_time: 0.001, memory: 5513, loss_rpn_cls: 0.0211, loss_rpn_bbox: 0.0162, loss_cls: 0.1088, acc: 96.1699, loss_bbox: 0.1271, loss: 0.2732
2025-11-19 07:15:42,785 - mmdet - INFO - Epoch [3][8650/16221]	lr: 2.500e-03, eta: 23:38:17, time: 0.483, data_time: 0.001, memory: 5513, loss_rpn_cls: 0.0261, loss_rpn_bbox: 0.0246, loss_cls: 0.1203, acc: 95.9395, loss_bbox: 0.1468, loss: 0.3178
2025-11-19 07:16:06,745 - mmdet - INFO - Epoch [3][8700/16221]	lr: 2.500e-03, eta: 23:37:36, time: 0.479, data_time: 0.001, memory: 5513, loss_rpn_cls: 0.0201, loss_rpn_bbox: 0.0191, loss_cls: 0.0934, acc: 96.7949, loss_bbox: 0.1162, loss: 0.2488
2025-11-19 07:16:30,585 - mmdet - INFO - Epoch [3][8750/16221]	lr: 2.500e-03, eta: 23:36:53, time: 0.477, data_time: 0.001, memory: 5513, loss_rpn_cls: 0.0281, loss_rpn_bbox: 0.0236, loss_cls: 0.1000, acc: 96.6836, loss_bbox: 0.1155, loss: 0.2671
2025-11-19 07:16:54,475 - mmdet - INFO - Epoch [3][8800/16221]	lr: 2.500e-03, eta: 23:36:12, time: 0.478, data_time: 0.001, memory: 5513, loss_rpn_cls: 0.0280, loss_rpn_bbox: 0.0257, loss_cls: 0.0980, acc: 96.6758, loss_bbox: 0.1139, loss: 0.2656
2025-11-19 07:17:17,992 - mmdet - INFO - Epoch [3][8850/16221]	lr: 2.500e-03, eta: 23:35:28, time: 0.471, data_time: 0.001, memory: 5513, loss_rpn_cls: 0.0181, loss_rpn_bbox: 0.0153, loss_cls: 0.0967, acc: 96.5898, loss_bbox: 0.1223, loss: 0.2525
2025-11-19 07:17:41,638 - mmdet - INFO - Epoch [3][8900/16221]	lr: 2.500e-03, eta: 23:34:46, time: 0.473, data_time: 0.001, memory: 5513, loss_rpn_cls: 0.0167, loss_rpn_bbox: 0.0200, loss_cls: 0.0962, acc: 96.5078, loss_bbox: 0.1187, loss: 0.2516
2025-11-19 07:18:05,566 - mmdet - INFO - Epoch [3][8950/16221]	lr: 2.500e-03, eta: 23:34:04, time: 0.479, data_time: 0.001, memory: 5513, loss_rpn_cls: 0.0190, loss_rpn_bbox: 0.0204, loss_cls: 0.0990, acc: 96.5117, loss_bbox: 0.1188, loss: 0.2572
2025-11-19 07:18:29,474 - mmdet - INFO - Epoch [3][9000/16221]	lr: 2.500e-03, eta: 23:33:22, time: 0.478, data_time: 0.001, memory: 5513, loss_rpn_cls: 0.0150, loss_rpn_bbox: 0.0159, loss_cls: 0.0977, acc: 96.5684, loss_bbox: 0.1190, loss: 0.2476
2025-11-19 07:18:53,477 - mmdet - INFO - Epoch [3][9050/16221]	lr: 2.500e-03, eta: 23:32:41, time: 0.480, data_time: 0.001, memory: 5513, loss_rpn_cls: 0.0188, loss_rpn_bbox: 0.0204, loss_cls: 0.1025, acc: 96.6367, loss_bbox: 0.1142, loss: 0.2558
2025-11-19 07:19:17,536 - mmdet - INFO - Epoch [3][9100/16221]	lr: 2.500e-03, eta: 23:32:00, time: 0.481, data_time: 0.001, memory: 5513, loss_rpn_cls: 0.0256, loss_rpn_bbox: 0.0191, loss_cls: 0.1056, acc: 96.4355, loss_bbox: 0.1265, loss: 0.2768
2025-11-19 07:19:41,615 - mmdet - INFO - Epoch [3][9150/16221]	lr: 2.500e-03, eta: 23:31:19, time: 0.482, data_time: 0.001, memory: 5513, loss_rpn_cls: 0.0198, loss_rpn_bbox: 0.0242, loss_cls: 0.1174, acc: 95.8828, loss_bbox: 0.1385, loss: 0.2999
2025-11-19 07:20:05,400 - mmdet - INFO - Epoch [3][9200/16221]	lr: 2.500e-03, eta: 23:30:37, time: 0.476, data_time: 0.001, memory: 5513, loss_rpn_cls: 0.0198, loss_rpn_bbox: 0.0210, loss_cls: 0.1212, acc: 95.6504, loss_bbox: 0.1468, loss: 0.3088
2025-11-19 07:20:29,158 - mmdet - INFO - Epoch [3][9250/16221]	lr: 2.500e-03, eta: 23:29:55, time: 0.475, data_time: 0.001, memory: 5513, loss_rpn_cls: 0.0199, loss_rpn_bbox: 0.0186, loss_cls: 0.1119, acc: 95.9043, loss_bbox: 0.1548, loss: 0.3052
2025-11-19 07:20:52,999 - mmdet - INFO - Epoch [3][9300/16221]	lr: 2.500e-03, eta: 23:29:14, time: 0.477, data_time: 0.001, memory: 5513, loss_rpn_cls: 0.0186, loss_rpn_bbox: 0.0211, loss_cls: 0.1105, acc: 96.1641, loss_bbox: 0.1402, loss: 0.2904
2025-11-19 07:21:16,711 - mmdet - INFO - Epoch [3][9350/16221]	lr: 2.500e-03, eta: 23:28:32, time: 0.474, data_time: 0.001, memory: 5513, loss_rpn_cls: 0.0205, loss_rpn_bbox: 0.0168, loss_cls: 0.1089, acc: 96.3398, loss_bbox: 0.1303, loss: 0.2764
2025-11-19 07:21:40,050 - mmdet - INFO - Epoch [3][9400/16221]	lr: 2.500e-03, eta: 23:27:48, time: 0.467, data_time: 0.001, memory: 5513, loss_rpn_cls: 0.0218, loss_rpn_bbox: 0.0208, loss_cls: 0.1097, acc: 96.3125, loss_bbox: 0.1260, loss: 0.2783
2025-11-19 07:22:04,001 - mmdet - INFO - Epoch [3][9450/16221]	lr: 2.500e-03, eta: 23:27:07, time: 0.479, data_time: 0.001, memory: 5513, loss_rpn_cls: 0.0211, loss_rpn_bbox: 0.0165, loss_cls: 0.1056, acc: 96.6777, loss_bbox: 0.1057, loss: 0.2489
2025-11-19 07:22:27,816 - mmdet - INFO - Epoch [3][9500/16221]	lr: 2.500e-03, eta: 23:26:26, time: 0.476, data_time: 0.001, memory: 5513, loss_rpn_cls: 0.0172, loss_rpn_bbox: 0.0195, loss_cls: 0.1037, acc: 96.4922, loss_bbox: 0.1219, loss: 0.2622
2025-11-19 07:22:51,409 - mmdet - INFO - Epoch [3][9550/16221]	lr: 2.500e-03, eta: 23:25:44, time: 0.472, data_time: 0.001, memory: 5513, loss_rpn_cls: 0.0254, loss_rpn_bbox: 0.0194, loss_cls: 0.1017, acc: 96.5508, loss_bbox: 0.1222, loss: 0.2687
2025-11-19 07:23:15,209 - mmdet - INFO - Epoch [3][9600/16221]	lr: 2.500e-03, eta: 23:25:02, time: 0.476, data_time: 0.001, memory: 5513, loss_rpn_cls: 0.0259, loss_rpn_bbox: 0.0274, loss_cls: 0.1030, acc: 96.4199, loss_bbox: 0.1262, loss: 0.2825
2025-11-19 07:23:39,055 - mmdet - INFO - Epoch [3][9650/16221]	lr: 2.500e-03, eta: 23:24:21, time: 0.477, data_time: 0.001, memory: 5513, loss_rpn_cls: 0.0303, loss_rpn_bbox: 0.0275, loss_cls: 0.1036, acc: 96.7129, loss_bbox: 0.1174, loss: 0.2788
2025-11-19 07:24:02,909 - mmdet - INFO - Epoch [3][9700/16221]	lr: 2.500e-03, eta: 23:23:39, time: 0.477, data_time: 0.001, memory: 5513, loss_rpn_cls: 0.0179, loss_rpn_bbox: 0.0163, loss_cls: 0.0882, acc: 97.1211, loss_bbox: 0.1011, loss: 0.2235
2025-11-19 07:24:26,667 - mmdet - INFO - Epoch [3][9750/16221]	lr: 2.500e-03, eta: 23:22:58, time: 0.475, data_time: 0.001, memory: 5513, loss_rpn_cls: 0.0174, loss_rpn_bbox: 0.0170, loss_cls: 0.1058, acc: 96.3672, loss_bbox: 0.1200, loss: 0.2602
2025-11-19 07:24:50,521 - mmdet - INFO - Epoch [3][9800/16221]	lr: 2.500e-03, eta: 23:22:17, time: 0.477, data_time: 0.001, memory: 5513, loss_rpn_cls: 0.0203, loss_rpn_bbox: 0.0189, loss_cls: 0.0954, acc: 96.6973, loss_bbox: 0.1297, loss: 0.2643
2025-11-19 07:25:14,817 - mmdet - INFO - Epoch [3][9850/16221]	lr: 2.500e-03, eta: 23:21:37, time: 0.486, data_time: 0.001, memory: 5513, loss_rpn_cls: 0.0168, loss_rpn_bbox: 0.0156, loss_cls: 0.1100, acc: 96.4277, loss_bbox: 0.1374, loss: 0.2799
2025-11-19 07:25:39,237 - mmdet - INFO - Epoch [3][9900/16221]	lr: 2.500e-03, eta: 23:20:58, time: 0.488, data_time: 0.001, memory: 5513, loss_rpn_cls: 0.0161, loss_rpn_bbox: 0.0146, loss_cls: 0.0990, acc: 96.5469, loss_bbox: 0.1229, loss: 0.2527
2025-11-19 07:26:03,393 - mmdet - INFO - Epoch [3][9950/16221]	lr: 2.500e-03, eta: 23:20:18, time: 0.483, data_time: 0.001, memory: 5513, loss_rpn_cls: 0.0233, loss_rpn_bbox: 0.0232, loss_cls: 0.1063, acc: 96.2832, loss_bbox: 0.1320, loss: 0.2848
2025-11-19 07:26:27,651 - mmdet - INFO - Epoch [3][10000/16221]	lr: 2.500e-03, eta: 23:19:39, time: 0.485, data_time: 0.001, memory: 5513, loss_rpn_cls: 0.0185, loss_rpn_bbox: 0.0200, loss_cls: 0.1197, acc: 96.1172, loss_bbox: 0.1329, loss: 0.2911
2025-11-19 07:26:51,506 - mmdet - INFO - Epoch [3][10050/16221]	lr: 2.500e-03, eta: 23:18:58, time: 0.477, data_time: 0.001, memory: 5513, loss_rpn_cls: 0.0177, loss_rpn_bbox: 0.0201, loss_cls: 0.1040, acc: 96.2461, loss_bbox: 0.1302, loss: 0.2720
2025-11-19 07:27:15,444 - mmdet - INFO - Epoch [3][10100/16221]	lr: 2.500e-03, eta: 23:18:17, time: 0.479, data_time: 0.001, memory: 5513, loss_rpn_cls: 0.0275, loss_rpn_bbox: 0.0251, loss_cls: 0.1368, acc: 95.2656, loss_bbox: 0.1643, loss: 0.3536
2025-11-19 07:27:39,236 - mmdet - INFO - Epoch [3][10150/16221]	lr: 2.500e-03, eta: 23:17:36, time: 0.476, data_time: 0.001, memory: 5513, loss_rpn_cls: 0.0196, loss_rpn_bbox: 0.0168, loss_cls: 0.1114, acc: 96.5078, loss_bbox: 0.1183, loss: 0.2661
2025-11-19 07:28:03,247 - mmdet - INFO - Epoch [3][10200/16221]	lr: 2.500e-03, eta: 23:16:56, time: 0.480, data_time: 0.001, memory: 5513, loss_rpn_cls: 0.0198, loss_rpn_bbox: 0.0183, loss_cls: 0.1027, acc: 96.3828, loss_bbox: 0.1240, loss: 0.2648
2025-11-19 07:28:27,225 - mmdet - INFO - Epoch [3][10250/16221]	lr: 2.500e-03, eta: 23:16:15, time: 0.480, data_time: 0.001, memory: 5513, loss_rpn_cls: 0.0265, loss_rpn_bbox: 0.0229, loss_cls: 0.1132, acc: 96.4961, loss_bbox: 0.1132, loss: 0.2758
2025-11-19 07:28:51,399 - mmdet - INFO - Epoch [3][10300/16221]	lr: 2.500e-03, eta: 23:15:36, time: 0.483, data_time: 0.001, memory: 5513, loss_rpn_cls: 0.0201, loss_rpn_bbox: 0.0182, loss_cls: 0.1117, acc: 96.0742, loss_bbox: 0.1354, loss: 0.2853
2025-11-19 07:29:15,604 - mmdet - INFO - Epoch [3][10350/16221]	lr: 2.500e-03, eta: 23:14:56, time: 0.484, data_time: 0.001, memory: 5513, loss_rpn_cls: 0.0172, loss_rpn_bbox: 0.0155, loss_cls: 0.1052, acc: 96.2285, loss_bbox: 0.1268, loss: 0.2646
2025-11-19 07:29:39,934 - mmdet - INFO - Epoch [3][10400/16221]	lr: 2.500e-03, eta: 23:14:17, time: 0.487, data_time: 0.001, memory: 5513, loss_rpn_cls: 0.0145, loss_rpn_bbox: 0.0165, loss_cls: 0.0856, acc: 96.9863, loss_bbox: 0.1086, loss: 0.2252
2025-11-19 07:30:03,918 - mmdet - INFO - Epoch [3][10450/16221]	lr: 2.500e-03, eta: 23:13:37, time: 0.480, data_time: 0.002, memory: 5513, loss_rpn_cls: 0.0177, loss_rpn_bbox: 0.0182, loss_cls: 0.1060, acc: 96.2598, loss_bbox: 0.1398, loss: 0.2816
2025-11-19 07:30:28,002 - mmdet - INFO - Epoch [3][10500/16221]	lr: 2.500e-03, eta: 23:12:57, time: 0.482, data_time: 0.001, memory: 5513, loss_rpn_cls: 0.0170, loss_rpn_bbox: 0.0181, loss_cls: 0.0982, acc: 96.7656, loss_bbox: 0.1171, loss: 0.2505
2025-11-19 07:30:51,382 - mmdet - INFO - Epoch [3][10550/16221]	lr: 2.500e-03, eta: 23:12:15, time: 0.468, data_time: 0.001, memory: 5513, loss_rpn_cls: 0.0236, loss_rpn_bbox: 0.0235, loss_cls: 0.1207, acc: 96.1309, loss_bbox: 0.1311, loss: 0.2990
2025-11-19 07:31:15,445 - mmdet - INFO - Epoch [3][10600/16221]	lr: 2.500e-03, eta: 23:11:35, time: 0.482, data_time: 0.001, memory: 5513, loss_rpn_cls: 0.0185, loss_rpn_bbox: 0.0125, loss_cls: 0.0875, acc: 97.3398, loss_bbox: 0.0971, loss: 0.2156
2025-11-19 07:31:39,200 - mmdet - INFO - Epoch [3][10650/16221]	lr: 2.500e-03, eta: 23:10:55, time: 0.475, data_time: 0.001, memory: 5513, loss_rpn_cls: 0.0195, loss_rpn_bbox: 0.0199, loss_cls: 0.1164, acc: 95.7832, loss_bbox: 0.1513, loss: 0.3072
2025-11-19 07:32:03,123 - mmdet - INFO - Epoch [3][10700/16221]	lr: 2.500e-03, eta: 23:10:14, time: 0.478, data_time: 0.001, memory: 5513, loss_rpn_cls: 0.0218, loss_rpn_bbox: 0.0168, loss_cls: 0.0978, acc: 96.7969, loss_bbox: 0.1138, loss: 0.2503
2025-11-19 07:32:26,760 - mmdet - INFO - Epoch [3][10750/16221]	lr: 2.500e-03, eta: 23:09:33, time: 0.473, data_time: 0.001, memory: 5513, loss_rpn_cls: 0.0201, loss_rpn_bbox: 0.0165, loss_cls: 0.0934, acc: 96.9258, loss_bbox: 0.1118, loss: 0.2418
2025-11-19 07:32:50,646 - mmdet - INFO - Epoch [3][10800/16221]	lr: 2.500e-03, eta: 23:08:53, time: 0.478, data_time: 0.001, memory: 5513, loss_rpn_cls: 0.0140, loss_rpn_bbox: 0.0163, loss_cls: 0.0909, acc: 96.7773, loss_bbox: 0.1235, loss: 0.2448
2025-11-19 07:33:14,375 - mmdet - INFO - Epoch [3][10850/16221]	lr: 2.500e-03, eta: 23:08:12, time: 0.474, data_time: 0.001, memory: 5513, loss_rpn_cls: 0.0280, loss_rpn_bbox: 0.0228, loss_cls: 0.1132, acc: 96.1289, loss_bbox: 0.1298, loss: 0.2938
2025-11-19 07:33:38,139 - mmdet - INFO - Epoch [3][10900/16221]	lr: 2.500e-03, eta: 23:07:32, time: 0.475, data_time: 0.001, memory: 5513, loss_rpn_cls: 0.0177, loss_rpn_bbox: 0.0159, loss_cls: 0.1171, acc: 96.1934, loss_bbox: 0.1236, loss: 0.2743
2025-11-19 07:34:01,865 - mmdet - INFO - Epoch [3][10950/16221]	lr: 2.500e-03, eta: 23:06:51, time: 0.475, data_time: 0.001, memory: 5513, loss_rpn_cls: 0.0236, loss_rpn_bbox: 0.0173, loss_cls: 0.1049, acc: 96.6426, loss_bbox: 0.1142, loss: 0.2600
2025-11-19 07:34:25,335 - mmdet - INFO - Epoch [3][11000/16221]	lr: 2.500e-03, eta: 23:06:09, time: 0.469, data_time: 0.001, memory: 5513, loss_rpn_cls: 0.0173, loss_rpn_bbox: 0.0167, loss_cls: 0.1151, acc: 95.9746, loss_bbox: 0.1397, loss: 0.2889
2025-11-19 07:34:49,366 - mmdet - INFO - Epoch [3][11050/16221]	lr: 2.500e-03, eta: 23:05:30, time: 0.480, data_time: 0.001, memory: 5513, loss_rpn_cls: 0.0204, loss_rpn_bbox: 0.0124, loss_cls: 0.1005, acc: 96.4199, loss_bbox: 0.1129, loss: 0.2462
2025-11-19 07:35:13,376 - mmdet - INFO - Epoch [3][11100/16221]	lr: 2.500e-03, eta: 23:04:50, time: 0.480, data_time: 0.001, memory: 5513, loss_rpn_cls: 0.0172, loss_rpn_bbox: 0.0174, loss_cls: 0.0994, acc: 96.6113, loss_bbox: 0.1236, loss: 0.2575
2025-11-19 07:35:37,063 - mmdet - INFO - Epoch [3][11150/16221]	lr: 2.500e-03, eta: 23:04:09, time: 0.474, data_time: 0.001, memory: 5513, loss_rpn_cls: 0.0334, loss_rpn_bbox: 0.0201, loss_cls: 0.1131, acc: 96.2285, loss_bbox: 0.1353, loss: 0.3020
2025-11-19 07:36:00,579 - mmdet - INFO - Epoch [3][11200/16221]	lr: 2.500e-03, eta: 23:03:28, time: 0.471, data_time: 0.001, memory: 5513, loss_rpn_cls: 0.0198, loss_rpn_bbox: 0.0153, loss_cls: 0.1043, acc: 96.5840, loss_bbox: 0.1109, loss: 0.2503
2025-11-19 07:36:24,409 - mmdet - INFO - Epoch [3][11250/16221]	lr: 2.500e-03, eta: 23:02:48, time: 0.477, data_time: 0.001, memory: 5513, loss_rpn_cls: 0.0240, loss_rpn_bbox: 0.0191, loss_cls: 0.0884, acc: 97.0195, loss_bbox: 0.1040, loss: 0.2355
2025-11-19 07:36:48,569 - mmdet - INFO - Epoch [3][11300/16221]	lr: 2.500e-03, eta: 23:02:09, time: 0.483, data_time: 0.001, memory: 5513, loss_rpn_cls: 0.0186, loss_rpn_bbox: 0.0184, loss_cls: 0.1103, acc: 96.2812, loss_bbox: 0.1376, loss: 0.2850
2025-11-19 07:37:12,903 - mmdet - INFO - Epoch [3][11350/16221]	lr: 2.500e-03, eta: 23:01:31, time: 0.487, data_time: 0.001, memory: 5513, loss_rpn_cls: 0.0264, loss_rpn_bbox: 0.0206, loss_cls: 0.1227, acc: 95.6016, loss_bbox: 0.1535, loss: 0.3231
2025-11-19 07:37:37,045 - mmdet - INFO - Epoch [3][11400/16221]	lr: 2.500e-03, eta: 23:00:52, time: 0.483, data_time: 0.001, memory: 5513, loss_rpn_cls: 0.0203, loss_rpn_bbox: 0.0207, loss_cls: 0.1189, acc: 96.0098, loss_bbox: 0.1351, loss: 0.2949
2025-11-19 07:38:00,902 - mmdet - INFO - Epoch [3][11450/16221]	lr: 2.500e-03, eta: 23:00:12, time: 0.477, data_time: 0.001, memory: 5513, loss_rpn_cls: 0.0212, loss_rpn_bbox: 0.0162, loss_cls: 0.1092, acc: 96.3301, loss_bbox: 0.1256, loss: 0.2723
2025-11-19 07:38:25,029 - mmdet - INFO - Epoch [3][11500/16221]	lr: 2.500e-03, eta: 22:59:33, time: 0.483, data_time: 0.001, memory: 5513, loss_rpn_cls: 0.0197, loss_rpn_bbox: 0.0161, loss_cls: 0.1016, acc: 96.7910, loss_bbox: 0.1141, loss: 0.2515
2025-11-19 07:38:48,806 - mmdet - INFO - Epoch [3][11550/16221]	lr: 2.500e-03, eta: 22:58:53, time: 0.476, data_time: 0.001, memory: 5513, loss_rpn_cls: 0.0255, loss_rpn_bbox: 0.0172, loss_cls: 0.1139, acc: 96.3398, loss_bbox: 0.1301, loss: 0.2867
2025-11-19 07:39:12,813 - mmdet - INFO - Epoch [3][11600/16221]	lr: 2.500e-03, eta: 22:58:14, time: 0.480, data_time: 0.001, memory: 5513, loss_rpn_cls: 0.0190, loss_rpn_bbox: 0.0178, loss_cls: 0.1149, acc: 96.1777, loss_bbox: 0.1279, loss: 0.2797
2025-11-19 07:39:36,449 - mmdet - INFO - Epoch [3][11650/16221]	lr: 2.500e-03, eta: 22:57:33, time: 0.473, data_time: 0.001, memory: 5513, loss_rpn_cls: 0.0253, loss_rpn_bbox: 0.0223, loss_cls: 0.1385, acc: 95.5586, loss_bbox: 0.1491, loss: 0.3351
2025-11-19 07:40:00,314 - mmdet - INFO - Epoch [3][11700/16221]	lr: 2.500e-03, eta: 22:56:54, time: 0.477, data_time: 0.001, memory: 5513, loss_rpn_cls: 0.0227, loss_rpn_bbox: 0.0172, loss_cls: 0.1111, acc: 96.5898, loss_bbox: 0.1255, loss: 0.2764
2025-11-19 07:40:24,427 - mmdet - INFO - Epoch [3][11750/16221]	lr: 2.500e-03, eta: 22:56:15, time: 0.482, data_time: 0.001, memory: 5513, loss_rpn_cls: 0.0185, loss_rpn_bbox: 0.0208, loss_cls: 0.1019, acc: 96.5625, loss_bbox: 0.1301, loss: 0.2713
2025-11-19 07:40:48,466 - mmdet - INFO - Epoch [3][11800/16221]	lr: 2.500e-03, eta: 22:55:36, time: 0.481, data_time: 0.001, memory: 5513, loss_rpn_cls: 0.0160, loss_rpn_bbox: 0.0171, loss_cls: 0.0940, acc: 96.9746, loss_bbox: 0.1049, loss: 0.2319
2025-11-19 07:41:12,128 - mmdet - INFO - Epoch [3][11850/16221]	lr: 2.500e-03, eta: 22:54:56, time: 0.473, data_time: 0.001, memory: 5513, loss_rpn_cls: 0.0226, loss_rpn_bbox: 0.0215, loss_cls: 0.1272, acc: 95.7832, loss_bbox: 0.1410, loss: 0.3123
2025-11-19 07:41:36,033 - mmdet - INFO - Epoch [3][11900/16221]	lr: 2.500e-03, eta: 22:54:16, time: 0.478, data_time: 0.001, memory: 5513, loss_rpn_cls: 0.0198, loss_rpn_bbox: 0.0151, loss_cls: 0.1096, acc: 96.5020, loss_bbox: 0.1272, loss: 0.2716
2025-11-19 07:41:59,681 - mmdet - INFO - Epoch [3][11950/16221]	lr: 2.500e-03, eta: 22:53:36, time: 0.473, data_time: 0.001, memory: 5513, loss_rpn_cls: 0.0224, loss_rpn_bbox: 0.0225, loss_cls: 0.1106, acc: 96.0840, loss_bbox: 0.1351, loss: 0.2906
2025-11-19 07:42:23,474 - mmdet - INFO - Epoch [3][12000/16221]	lr: 2.500e-03, eta: 22:52:56, time: 0.476, data_time: 0.001, memory: 5513, loss_rpn_cls: 0.0232, loss_rpn_bbox: 0.0225, loss_cls: 0.0999, acc: 96.6895, loss_bbox: 0.1166, loss: 0.2622
2025-11-19 07:42:47,425 - mmdet - INFO - Epoch [3][12050/16221]	lr: 2.500e-03, eta: 22:52:17, time: 0.479, data_time: 0.001, memory: 5513, loss_rpn_cls: 0.0148, loss_rpn_bbox: 0.0195, loss_cls: 0.1047, acc: 96.3691, loss_bbox: 0.1309, loss: 0.2699
2025-11-19 07:43:11,342 - mmdet - INFO - Epoch [3][12100/16221]	lr: 2.500e-03, eta: 22:51:38, time: 0.479, data_time: 0.001, memory: 5513, loss_rpn_cls: 0.0328, loss_rpn_bbox: 0.0213, loss_cls: 0.1223, acc: 95.8477, loss_bbox: 0.1448, loss: 0.3211
2025-11-19 07:43:35,518 - mmdet - INFO - Epoch [3][12150/16221]	lr: 2.500e-03, eta: 22:51:00, time: 0.483, data_time: 0.001, memory: 5513, loss_rpn_cls: 0.0235, loss_rpn_bbox: 0.0219, loss_cls: 0.0947, acc: 96.6719, loss_bbox: 0.1208, loss: 0.2609
2025-11-19 07:43:59,446 - mmdet - INFO - Epoch [3][12200/16221]	lr: 2.500e-03, eta: 22:50:21, time: 0.479, data_time: 0.001, memory: 5513, loss_rpn_cls: 0.0247, loss_rpn_bbox: 0.0163, loss_cls: 0.1064, acc: 96.4219, loss_bbox: 0.1306, loss: 0.2779
2025-11-19 07:44:23,351 - mmdet - INFO - Epoch [3][12250/16221]	lr: 2.500e-03, eta: 22:49:41, time: 0.478, data_time: 0.001, memory: 5513, loss_rpn_cls: 0.0169, loss_rpn_bbox: 0.0167, loss_cls: 0.0991, acc: 96.5176, loss_bbox: 0.1252, loss: 0.2578
2025-11-19 07:44:47,321 - mmdet - INFO - Epoch [3][12300/16221]	lr: 2.500e-03, eta: 22:49:02, time: 0.479, data_time: 0.001, memory: 5513, loss_rpn_cls: 0.0242, loss_rpn_bbox: 0.0167, loss_cls: 0.1128, acc: 96.1699, loss_bbox: 0.1340, loss: 0.2877
2025-11-19 07:45:10,879 - mmdet - INFO - Epoch [3][12350/16221]	lr: 2.500e-03, eta: 22:48:22, time: 0.471, data_time: 0.001, memory: 5513, loss_rpn_cls: 0.0160, loss_rpn_bbox: 0.0201, loss_cls: 0.0913, acc: 96.5801, loss_bbox: 0.1199, loss: 0.2473
2025-11-19 07:45:34,830 - mmdet - INFO - Epoch [3][12400/16221]	lr: 2.500e-03, eta: 22:47:43, time: 0.479, data_time: 0.001, memory: 5513, loss_rpn_cls: 0.0155, loss_rpn_bbox: 0.0170, loss_cls: 0.1063, acc: 96.3516, loss_bbox: 0.1307, loss: 0.2695
2025-11-19 07:45:58,551 - mmdet - INFO - Epoch [3][12450/16221]	lr: 2.500e-03, eta: 22:47:04, time: 0.474, data_time: 0.001, memory: 5513, loss_rpn_cls: 0.0191, loss_rpn_bbox: 0.0170, loss_cls: 0.1039, acc: 96.4492, loss_bbox: 0.1248, loss: 0.2648
2025-11-19 07:46:22,688 - mmdet - INFO - Epoch [3][12500/16221]	lr: 2.500e-03, eta: 22:46:26, time: 0.483, data_time: 0.001, memory: 5513, loss_rpn_cls: 0.0226, loss_rpn_bbox: 0.0184, loss_cls: 0.1137, acc: 96.0156, loss_bbox: 0.1419, loss: 0.2966
2025-11-19 07:46:46,305 - mmdet - INFO - Epoch [3][12550/16221]	lr: 2.500e-03, eta: 22:45:46, time: 0.472, data_time: 0.001, memory: 5513, loss_rpn_cls: 0.0129, loss_rpn_bbox: 0.0152, loss_cls: 0.1096, acc: 96.4746, loss_bbox: 0.1267, loss: 0.2643
2025-11-19 07:47:10,130 - mmdet - INFO - Epoch [3][12600/16221]	lr: 2.500e-03, eta: 22:45:06, time: 0.477, data_time: 0.001, memory: 5513, loss_rpn_cls: 0.0168, loss_rpn_bbox: 0.0164, loss_cls: 0.1065, acc: 96.4688, loss_bbox: 0.1261, loss: 0.2658
2025-11-19 07:47:34,402 - mmdet - INFO - Epoch [3][12650/16221]	lr: 2.500e-03, eta: 22:44:29, time: 0.485, data_time: 0.001, memory: 5513, loss_rpn_cls: 0.0151, loss_rpn_bbox: 0.0157, loss_cls: 0.0853, acc: 97.1387, loss_bbox: 0.1004, loss: 0.2165
2025-11-19 07:47:58,184 - mmdet - INFO - Epoch [3][12700/16221]	lr: 2.500e-03, eta: 22:43:50, time: 0.476, data_time: 0.001, memory: 5513, loss_rpn_cls: 0.0201, loss_rpn_bbox: 0.0139, loss_cls: 0.0981, acc: 96.6289, loss_bbox: 0.1150, loss: 0.2470
2025-11-19 07:48:21,909 - mmdet - INFO - Epoch [3][12750/16221]	lr: 2.500e-03, eta: 22:43:10, time: 0.474, data_time: 0.001, memory: 5513, loss_rpn_cls: 0.0219, loss_rpn_bbox: 0.0196, loss_cls: 0.0956, acc: 96.7910, loss_bbox: 0.1224, loss: 0.2595
2025-11-19 07:48:45,757 - mmdet - INFO - Epoch [3][12800/16221]	lr: 2.500e-03, eta: 22:42:31, time: 0.477, data_time: 0.001, memory: 5513, loss_rpn_cls: 0.0215, loss_rpn_bbox: 0.0236, loss_cls: 0.1130, acc: 96.2910, loss_bbox: 0.1329, loss: 0.2909
2025-11-19 07:49:09,491 - mmdet - INFO - Epoch [3][12850/16221]	lr: 2.500e-03, eta: 22:41:52, time: 0.474, data_time: 0.001, memory: 5513, loss_rpn_cls: 0.0223, loss_rpn_bbox: 0.0195, loss_cls: 0.0864, acc: 97.1777, loss_bbox: 0.1018, loss: 0.2300
2025-11-19 07:49:33,178 - mmdet - INFO - Epoch [3][12900/16221]	lr: 2.500e-03, eta: 22:41:12, time: 0.474, data_time: 0.001, memory: 5513, loss_rpn_cls: 0.0209, loss_rpn_bbox: 0.0188, loss_cls: 0.1031, acc: 96.4434, loss_bbox: 0.1268, loss: 0.2696
2025-11-19 07:49:57,168 - mmdet - INFO - Epoch [3][12950/16221]	lr: 2.500e-03, eta: 22:40:34, time: 0.480, data_time: 0.001, memory: 5513, loss_rpn_cls: 0.0178, loss_rpn_bbox: 0.0203, loss_cls: 0.1032, acc: 96.4902, loss_bbox: 0.1270, loss: 0.2683
2025-11-19 07:50:20,905 - mmdet - INFO - Epoch [3][13000/16221]	lr: 2.500e-03, eta: 22:39:55, time: 0.475, data_time: 0.001, memory: 5513, loss_rpn_cls: 0.0221, loss_rpn_bbox: 0.0213, loss_cls: 0.1081, acc: 96.4609, loss_bbox: 0.1269, loss: 0.2784
2025-11-19 07:50:44,903 - mmdet - INFO - Epoch [3][13050/16221]	lr: 2.500e-03, eta: 22:39:16, time: 0.480, data_time: 0.001, memory: 5513, loss_rpn_cls: 0.0210, loss_rpn_bbox: 0.0185, loss_cls: 0.0994, acc: 96.8145, loss_bbox: 0.1221, loss: 0.2609
2025-11-19 07:51:08,850 - mmdet - INFO - Epoch [3][13100/16221]	lr: 2.500e-03, eta: 22:38:38, time: 0.479, data_time: 0.001, memory: 5513, loss_rpn_cls: 0.0261, loss_rpn_bbox: 0.0192, loss_cls: 0.1223, acc: 95.7754, loss_bbox: 0.1442, loss: 0.3119
2025-11-19 07:51:32,692 - mmdet - INFO - Epoch [3][13150/16221]	lr: 2.500e-03, eta: 22:37:59, time: 0.477, data_time: 0.001, memory: 5513, loss_rpn_cls: 0.0232, loss_rpn_bbox: 0.0183, loss_cls: 0.0971, acc: 96.6016, loss_bbox: 0.1212, loss: 0.2598
2025-11-19 07:51:56,569 - mmdet - INFO - Epoch [3][13200/16221]	lr: 2.500e-03, eta: 22:37:21, time: 0.478, data_time: 0.001, memory: 5513, loss_rpn_cls: 0.0225, loss_rpn_bbox: 0.0168, loss_cls: 0.1217, acc: 96.0176, loss_bbox: 0.1362, loss: 0.2972
2025-11-19 07:52:20,444 - mmdet - INFO - Epoch [3][13250/16221]	lr: 2.500e-03, eta: 22:36:42, time: 0.477, data_time: 0.001, memory: 5513, loss_rpn_cls: 0.0273, loss_rpn_bbox: 0.0215, loss_cls: 0.1165, acc: 96.3086, loss_bbox: 0.1259, loss: 0.2911
2025-11-19 07:52:44,285 - mmdet - INFO - Epoch [3][13300/16221]	lr: 2.500e-03, eta: 22:36:04, time: 0.477, data_time: 0.001, memory: 5513, loss_rpn_cls: 0.0224, loss_rpn_bbox: 0.0207, loss_cls: 0.1007, acc: 96.5020, loss_bbox: 0.1174, loss: 0.2613
2025-11-19 07:53:08,096 - mmdet - INFO - Epoch [3][13350/16221]	lr: 2.500e-03, eta: 22:35:25, time: 0.476, data_time: 0.001, memory: 5513, loss_rpn_cls: 0.0180, loss_rpn_bbox: 0.0203, loss_cls: 0.1080, acc: 96.4824, loss_bbox: 0.1223, loss: 0.2686
2025-11-19 07:53:31,934 - mmdet - INFO - Epoch [3][13400/16221]	lr: 2.500e-03, eta: 22:34:46, time: 0.477, data_time: 0.001, memory: 5513, loss_rpn_cls: 0.0371, loss_rpn_bbox: 0.0246, loss_cls: 0.1239, acc: 95.9512, loss_bbox: 0.1320, loss: 0.3176
2025-11-19 07:53:55,703 - mmdet - INFO - Epoch [3][13450/16221]	lr: 2.500e-03, eta: 22:34:07, time: 0.475, data_time: 0.001, memory: 5513, loss_rpn_cls: 0.0190, loss_rpn_bbox: 0.0184, loss_cls: 0.1043, acc: 96.5469, loss_bbox: 0.1178, loss: 0.2595
2025-11-19 07:54:19,687 - mmdet - INFO - Epoch [3][13500/16221]	lr: 2.500e-03, eta: 22:33:29, time: 0.480, data_time: 0.001, memory: 5513, loss_rpn_cls: 0.0192, loss_rpn_bbox: 0.0261, loss_cls: 0.1026, acc: 96.4688, loss_bbox: 0.1224, loss: 0.2703
2025-11-19 07:54:43,368 - mmdet - INFO - Epoch [3][13550/16221]	lr: 2.500e-03, eta: 22:32:50, time: 0.474, data_time: 0.001, memory: 5513, loss_rpn_cls: 0.0234, loss_rpn_bbox: 0.0254, loss_cls: 0.1203, acc: 95.8203, loss_bbox: 0.1380, loss: 0.3071
2025-11-19 07:55:07,068 - mmdet - INFO - Epoch [3][13600/16221]	lr: 2.500e-03, eta: 22:32:11, time: 0.474, data_time: 0.003, memory: 5513, loss_rpn_cls: 0.0170, loss_rpn_bbox: 0.0195, loss_cls: 0.1045, acc: 96.4395, loss_bbox: 0.1254, loss: 0.2665
2025-11-19 07:55:31,084 - mmdet - INFO - Epoch [3][13650/16221]	lr: 2.500e-03, eta: 22:31:33, time: 0.480, data_time: 0.004, memory: 5513, loss_rpn_cls: 0.0185, loss_rpn_bbox: 0.0161, loss_cls: 0.1095, acc: 96.3887, loss_bbox: 0.1241, loss: 0.2683
2025-11-19 07:55:55,052 - mmdet - INFO - Epoch [3][13700/16221]	lr: 2.500e-03, eta: 22:30:55, time: 0.479, data_time: 0.004, memory: 5513, loss_rpn_cls: 0.0257, loss_rpn_bbox: 0.0199, loss_cls: 0.1092, acc: 96.2285, loss_bbox: 0.1288, loss: 0.2836
2025-11-19 07:56:18,715 - mmdet - INFO - Epoch [3][13750/16221]	lr: 2.500e-03, eta: 22:30:16, time: 0.473, data_time: 0.001, memory: 5513, loss_rpn_cls: 0.0234, loss_rpn_bbox: 0.0193, loss_cls: 0.1240, acc: 96.0273, loss_bbox: 0.1306, loss: 0.2973
2025-11-19 07:56:42,360 - mmdet - INFO - Epoch [3][13800/16221]	lr: 2.500e-03, eta: 22:29:38, time: 0.473, data_time: 0.001, memory: 5513, loss_rpn_cls: 0.0219, loss_rpn_bbox: 0.0216, loss_cls: 0.0901, acc: 96.9219, loss_bbox: 0.1023, loss: 0.2359
2025-11-19 07:57:06,294 - mmdet - INFO - Epoch [3][13850/16221]	lr: 2.500e-03, eta: 22:29:00, time: 0.479, data_time: 0.001, memory: 5513, loss_rpn_cls: 0.0230, loss_rpn_bbox: 0.0198, loss_cls: 0.1086, acc: 96.2383, loss_bbox: 0.1347, loss: 0.2861
2025-11-19 07:57:30,246 - mmdet - INFO - Epoch [3][13900/16221]	lr: 2.500e-03, eta: 22:28:22, time: 0.479, data_time: 0.001, memory: 5513, loss_rpn_cls: 0.0167, loss_rpn_bbox: 0.0183, loss_cls: 0.0954, acc: 96.7539, loss_bbox: 0.1139, loss: 0.2443
2025-11-19 07:57:54,196 - mmdet - INFO - Epoch [3][13950/16221]	lr: 2.500e-03, eta: 22:27:44, time: 0.479, data_time: 0.001, memory: 5513, loss_rpn_cls: 0.0214, loss_rpn_bbox: 0.0187, loss_cls: 0.0910, acc: 96.8730, loss_bbox: 0.1173, loss: 0.2483
2025-11-19 07:58:17,795 - mmdet - INFO - Epoch [3][14000/16221]	lr: 2.500e-03, eta: 22:27:05, time: 0.472, data_time: 0.001, memory: 5513, loss_rpn_cls: 0.0179, loss_rpn_bbox: 0.0196, loss_cls: 0.0913, acc: 96.8496, loss_bbox: 0.1128, loss: 0.2416
2025-11-19 07:58:42,091 - mmdet - INFO - Epoch [3][14050/16221]	lr: 2.500e-03, eta: 22:26:28, time: 0.486, data_time: 0.001, memory: 5513, loss_rpn_cls: 0.0168, loss_rpn_bbox: 0.0144, loss_cls: 0.0832, acc: 97.3926, loss_bbox: 0.0918, loss: 0.2062
2025-11-19 07:59:06,494 - mmdet - INFO - Epoch [3][14100/16221]	lr: 2.500e-03, eta: 22:25:52, time: 0.488, data_time: 0.001, memory: 5513, loss_rpn_cls: 0.0241, loss_rpn_bbox: 0.0177, loss_cls: 0.1200, acc: 96.1113, loss_bbox: 0.1267, loss: 0.2886
2025-11-19 07:59:30,538 - mmdet - INFO - Epoch [3][14150/16221]	lr: 2.500e-03, eta: 22:25:14, time: 0.481, data_time: 0.001, memory: 5513, loss_rpn_cls: 0.0233, loss_rpn_bbox: 0.0187, loss_cls: 0.1079, acc: 96.3711, loss_bbox: 0.1225, loss: 0.2724
2025-11-19 07:59:54,334 - mmdet - INFO - Epoch [3][14200/16221]	lr: 2.500e-03, eta: 22:24:36, time: 0.476, data_time: 0.001, memory: 5513, loss_rpn_cls: 0.0179, loss_rpn_bbox: 0.0227, loss_cls: 0.1081, acc: 96.4395, loss_bbox: 0.1287, loss: 0.2775
2025-11-19 08:00:18,604 - mmdet - INFO - Epoch [3][14250/16221]	lr: 2.500e-03, eta: 22:23:59, time: 0.485, data_time: 0.001, memory: 5513, loss_rpn_cls: 0.0206, loss_rpn_bbox: 0.0157, loss_cls: 0.1130, acc: 96.1660, loss_bbox: 0.1418, loss: 0.2911
2025-11-19 08:00:42,855 - mmdet - INFO - Epoch [3][14300/16221]	lr: 2.500e-03, eta: 22:23:22, time: 0.485, data_time: 0.001, memory: 5513, loss_rpn_cls: 0.0177, loss_rpn_bbox: 0.0200, loss_cls: 0.1183, acc: 96.0469, loss_bbox: 0.1483, loss: 0.3044
2025-11-19 08:01:06,879 - mmdet - INFO - Epoch [3][14350/16221]	lr: 2.500e-03, eta: 22:22:45, time: 0.480, data_time: 0.001, memory: 5513, loss_rpn_cls: 0.0194, loss_rpn_bbox: 0.0208, loss_cls: 0.1116, acc: 96.1523, loss_bbox: 0.1329, loss: 0.2847
2025-11-19 08:01:30,862 - mmdet - INFO - Epoch [3][14400/16221]	lr: 2.500e-03, eta: 22:22:07, time: 0.480, data_time: 0.001, memory: 5513, loss_rpn_cls: 0.0251, loss_rpn_bbox: 0.0201, loss_cls: 0.0966, acc: 96.7617, loss_bbox: 0.1121, loss: 0.2539
2025-11-19 08:01:55,148 - mmdet - INFO - Epoch [3][14450/16221]	lr: 2.500e-03, eta: 22:21:31, time: 0.486, data_time: 0.001, memory: 5513, loss_rpn_cls: 0.0187, loss_rpn_bbox: 0.0185, loss_cls: 0.1051, acc: 96.5488, loss_bbox: 0.1236, loss: 0.2659
2025-11-19 08:02:18,918 - mmdet - INFO - Epoch [3][14500/16221]	lr: 2.500e-03, eta: 22:20:53, time: 0.475, data_time: 0.001, memory: 5513, loss_rpn_cls: 0.0189, loss_rpn_bbox: 0.0175, loss_cls: 0.1076, acc: 96.1758, loss_bbox: 0.1261, loss: 0.2701
2025-11-19 08:02:42,656 - mmdet - INFO - Epoch [3][14550/16221]	lr: 2.500e-03, eta: 22:20:15, time: 0.475, data_time: 0.001, memory: 5513, loss_rpn_cls: 0.0243, loss_rpn_bbox: 0.0207, loss_cls: 0.1022, acc: 96.4258, loss_bbox: 0.1299, loss: 0.2771
2025-11-19 08:03:06,526 - mmdet - INFO - Epoch [3][14600/16221]	lr: 2.500e-03, eta: 22:19:37, time: 0.477, data_time: 0.001, memory: 5513, loss_rpn_cls: 0.0256, loss_rpn_bbox: 0.0190, loss_cls: 0.0886, acc: 96.8906, loss_bbox: 0.1129, loss: 0.2461
2025-11-19 08:03:30,306 - mmdet - INFO - Epoch [3][14650/16221]	lr: 2.500e-03, eta: 22:18:59, time: 0.476, data_time: 0.001, memory: 5513, loss_rpn_cls: 0.0252, loss_rpn_bbox: 0.0215, loss_cls: 0.1040, acc: 96.6758, loss_bbox: 0.1152, loss: 0.2660
2025-11-19 08:03:54,220 - mmdet - INFO - Epoch [3][14700/16221]	lr: 2.500e-03, eta: 22:18:21, time: 0.478, data_time: 0.001, memory: 5513, loss_rpn_cls: 0.0259, loss_rpn_bbox: 0.0197, loss_cls: 0.1011, acc: 96.5801, loss_bbox: 0.1147, loss: 0.2613
2025-11-19 08:04:18,219 - mmdet - INFO - Epoch [3][14750/16221]	lr: 2.500e-03, eta: 22:17:44, time: 0.480, data_time: 0.001, memory: 5513, loss_rpn_cls: 0.0204, loss_rpn_bbox: 0.0203, loss_cls: 0.1007, acc: 96.6582, loss_bbox: 0.1153, loss: 0.2567
2025-11-19 08:04:41,965 - mmdet - INFO - Epoch [3][14800/16221]	lr: 2.500e-03, eta: 22:17:06, time: 0.475, data_time: 0.001, memory: 5513, loss_rpn_cls: 0.0198, loss_rpn_bbox: 0.0169, loss_cls: 0.0892, acc: 96.9980, loss_bbox: 0.1010, loss: 0.2269
2025-11-19 08:05:06,067 - mmdet - INFO - Epoch [3][14850/16221]	lr: 2.500e-03, eta: 22:16:29, time: 0.482, data_time: 0.001, memory: 5513, loss_rpn_cls: 0.0215, loss_rpn_bbox: 0.0209, loss_cls: 0.1168, acc: 95.9922, loss_bbox: 0.1415, loss: 0.3006
2025-11-19 08:05:30,008 - mmdet - INFO - Epoch [3][14900/16221]	lr: 2.500e-03, eta: 22:15:52, time: 0.479, data_time: 0.001, memory: 5513, loss_rpn_cls: 0.0188, loss_rpn_bbox: 0.0165, loss_cls: 0.1018, acc: 96.4023, loss_bbox: 0.1252, loss: 0.2622
2025-11-19 08:05:53,576 - mmdet - INFO - Epoch [3][14950/16221]	lr: 2.500e-03, eta: 22:15:13, time: 0.471, data_time: 0.001, memory: 5513, loss_rpn_cls: 0.0190, loss_rpn_bbox: 0.0148, loss_cls: 0.1084, acc: 96.4238, loss_bbox: 0.1257, loss: 0.2679
2025-11-19 08:06:17,526 - mmdet - INFO - Epoch [3][15000/16221]	lr: 2.500e-03, eta: 22:14:36, time: 0.479, data_time: 0.001, memory: 5513, loss_rpn_cls: 0.0212, loss_rpn_bbox: 0.0153, loss_cls: 0.1073, acc: 96.6367, loss_bbox: 0.1148, loss: 0.2585
2025-11-19 08:06:41,432 - mmdet - INFO - Epoch [3][15050/16221]	lr: 2.500e-03, eta: 22:13:58, time: 0.478, data_time: 0.001, memory: 5513, loss_rpn_cls: 0.0242, loss_rpn_bbox: 0.0217, loss_cls: 0.1115, acc: 96.4180, loss_bbox: 0.1198, loss: 0.2771
2025-11-19 08:07:05,262 - mmdet - INFO - Epoch [3][15100/16221]	lr: 2.500e-03, eta: 22:13:21, time: 0.477, data_time: 0.001, memory: 5513, loss_rpn_cls: 0.0184, loss_rpn_bbox: 0.0174, loss_cls: 0.0995, acc: 96.6797, loss_bbox: 0.1215, loss: 0.2568
2025-11-19 08:07:29,081 - mmdet - INFO - Epoch [3][15150/16221]	lr: 2.500e-03, eta: 22:12:43, time: 0.476, data_time: 0.001, memory: 5513, loss_rpn_cls: 0.0218, loss_rpn_bbox: 0.0263, loss_cls: 0.1072, acc: 96.5488, loss_bbox: 0.1232, loss: 0.2786
2025-11-19 08:07:53,067 - mmdet - INFO - Epoch [3][15200/16221]	lr: 2.500e-03, eta: 22:12:06, time: 0.480, data_time: 0.001, memory: 5513, loss_rpn_cls: 0.0178, loss_rpn_bbox: 0.0149, loss_cls: 0.1049, acc: 96.5273, loss_bbox: 0.1248, loss: 0.2623
2025-11-19 08:08:16,990 - mmdet - INFO - Epoch [3][15250/16221]	lr: 2.500e-03, eta: 22:11:29, time: 0.478, data_time: 0.001, memory: 5513, loss_rpn_cls: 0.0196, loss_rpn_bbox: 0.0167, loss_cls: 0.1074, acc: 96.4336, loss_bbox: 0.1310, loss: 0.2747
2025-11-19 08:08:40,894 - mmdet - INFO - Epoch [3][15300/16221]	lr: 2.500e-03, eta: 22:10:52, time: 0.478, data_time: 0.001, memory: 5513, loss_rpn_cls: 0.0238, loss_rpn_bbox: 0.0188, loss_cls: 0.1001, acc: 96.7480, loss_bbox: 0.1172, loss: 0.2599
2025-11-19 08:09:04,772 - mmdet - INFO - Epoch [3][15350/16221]	lr: 2.500e-03, eta: 22:10:14, time: 0.478, data_time: 0.001, memory: 5513, loss_rpn_cls: 0.0177, loss_rpn_bbox: 0.0204, loss_cls: 0.1297, acc: 95.7207, loss_bbox: 0.1446, loss: 0.3123
2025-11-19 08:09:28,634 - mmdet - INFO - Epoch [3][15400/16221]	lr: 2.500e-03, eta: 22:09:37, time: 0.477, data_time: 0.001, memory: 5513, loss_rpn_cls: 0.0208, loss_rpn_bbox: 0.0169, loss_cls: 0.1045, acc: 96.3672, loss_bbox: 0.1267, loss: 0.2690
2025-11-19 08:09:52,578 - mmdet - INFO - Epoch [3][15450/16221]	lr: 2.500e-03, eta: 22:09:00, time: 0.479, data_time: 0.001, memory: 5513, loss_rpn_cls: 0.0164, loss_rpn_bbox: 0.0162, loss_cls: 0.1105, acc: 96.5879, loss_bbox: 0.1226, loss: 0.2657
2025-11-19 08:10:16,038 - mmdet - INFO - Epoch [3][15500/16221]	lr: 2.500e-03, eta: 22:08:21, time: 0.469, data_time: 0.001, memory: 5513, loss_rpn_cls: 0.0170, loss_rpn_bbox: 0.0206, loss_cls: 0.1085, acc: 96.5996, loss_bbox: 0.1200, loss: 0.2661
2025-11-19 08:10:39,860 - mmdet - INFO - Epoch [3][15550/16221]	lr: 2.500e-03, eta: 22:07:44, time: 0.476, data_time: 0.002, memory: 5513, loss_rpn_cls: 0.0183, loss_rpn_bbox: 0.0183, loss_cls: 0.1095, acc: 96.3672, loss_bbox: 0.1310, loss: 0.2772
2025-11-19 08:11:04,008 - mmdet - INFO - Epoch [3][15600/16221]	lr: 2.500e-03, eta: 22:07:08, time: 0.483, data_time: 0.003, memory: 5513, loss_rpn_cls: 0.0289, loss_rpn_bbox: 0.0210, loss_cls: 0.0869, acc: 97.0430, loss_bbox: 0.1105, loss: 0.2473
2025-11-19 08:11:27,896 - mmdet - INFO - Epoch [3][15650/16221]	lr: 2.500e-03, eta: 22:06:31, time: 0.478, data_time: 0.002, memory: 5513, loss_rpn_cls: 0.0156, loss_rpn_bbox: 0.0183, loss_cls: 0.1083, acc: 96.3672, loss_bbox: 0.1187, loss: 0.2609
2025-11-19 08:11:52,012 - mmdet - INFO - Epoch [3][15700/16221]	lr: 2.500e-03, eta: 22:05:54, time: 0.482, data_time: 0.001, memory: 5513, loss_rpn_cls: 0.0201, loss_rpn_bbox: 0.0173, loss_cls: 0.0930, acc: 96.7461, loss_bbox: 0.1168, loss: 0.2472
2025-11-19 08:12:15,712 - mmdet - INFO - Epoch [3][15750/16221]	lr: 2.500e-03, eta: 22:05:16, time: 0.474, data_time: 0.001, memory: 5513, loss_rpn_cls: 0.0207, loss_rpn_bbox: 0.0198, loss_cls: 0.1182, acc: 95.8652, loss_bbox: 0.1453, loss: 0.3040
2025-11-19 08:12:39,664 - mmdet - INFO - Epoch [3][15800/16221]	lr: 2.500e-03, eta: 22:04:40, time: 0.479, data_time: 0.001, memory: 5513, loss_rpn_cls: 0.0215, loss_rpn_bbox: 0.0192, loss_cls: 0.1024, acc: 96.5195, loss_bbox: 0.1189, loss: 0.2619
2025-11-19 08:13:03,630 - mmdet - INFO - Epoch [3][15850/16221]	lr: 2.500e-03, eta: 22:04:03, time: 0.479, data_time: 0.001, memory: 5513, loss_rpn_cls: 0.0143, loss_rpn_bbox: 0.0144, loss_cls: 0.1002, acc: 96.5234, loss_bbox: 0.1235, loss: 0.2524
2025-11-19 08:13:27,548 - mmdet - INFO - Epoch [3][15900/16221]	lr: 2.500e-03, eta: 22:03:26, time: 0.479, data_time: 0.001, memory: 5513, loss_rpn_cls: 0.0216, loss_rpn_bbox: 0.0196, loss_cls: 0.1155, acc: 95.8789, loss_bbox: 0.1363, loss: 0.2931
2025-11-19 08:13:51,737 - mmdet - INFO - Epoch [3][15950/16221]	lr: 2.500e-03, eta: 22:02:50, time: 0.484, data_time: 0.001, memory: 5513, loss_rpn_cls: 0.0220, loss_rpn_bbox: 0.0155, loss_cls: 0.1064, acc: 96.5898, loss_bbox: 0.1157, loss: 0.2597
2025-11-19 08:14:15,875 - mmdet - INFO - Epoch [3][16000/16221]	lr: 2.500e-03, eta: 22:02:14, time: 0.482, data_time: 0.001, memory: 5513, loss_rpn_cls: 0.0271, loss_rpn_bbox: 0.0154, loss_cls: 0.1049, acc: 96.6113, loss_bbox: 0.1226, loss: 0.2700
2025-11-19 08:14:39,580 - mmdet - INFO - Epoch [3][16050/16221]	lr: 2.500e-03, eta: 22:01:36, time: 0.474, data_time: 0.001, memory: 5513, loss_rpn_cls: 0.0178, loss_rpn_bbox: 0.0216, loss_cls: 0.0926, acc: 96.9883, loss_bbox: 0.1052, loss: 0.2373
2025-11-19 08:15:03,718 - mmdet - INFO - Epoch [3][16100/16221]	lr: 2.500e-03, eta: 22:01:00, time: 0.483, data_time: 0.001, memory: 5513, loss_rpn_cls: 0.0211, loss_rpn_bbox: 0.0193, loss_cls: 0.0926, acc: 96.8438, loss_bbox: 0.1168, loss: 0.2498
2025-11-19 08:15:27,355 - mmdet - INFO - Epoch [3][16150/16221]	lr: 2.500e-03, eta: 22:00:23, time: 0.473, data_time: 0.001, memory: 5513, loss_rpn_cls: 0.0172, loss_rpn_bbox: 0.0173, loss_cls: 0.1092, acc: 96.4082, loss_bbox: 0.1293, loss: 0.2729
2025-11-19 08:15:51,013 - mmdet - INFO - Epoch [3][16200/16221]	lr: 2.500e-03, eta: 21:59:45, time: 0.473, data_time: 0.001, memory: 5513, loss_rpn_cls: 0.0131, loss_rpn_bbox: 0.0171, loss_cls: 0.0920, acc: 96.9043, loss_bbox: 0.1062, loss: 0.2284
2025-11-19 08:16:09,593 - mmdet - INFO - Saving checkpoint at 3 epochs
2025-11-19 08:17:03,064 - mmdet - INFO - Epoch [4][50/16221]	lr: 2.500e-03, eta: 21:59:46, time: 1.035, data_time: 0.553, memory: 5513, loss_rpn_cls: 0.0205, loss_rpn_bbox: 0.0184, loss_cls: 0.1059, acc: 96.5293, loss_bbox: 0.1170, loss: 0.2619
2025-11-19 08:17:26,807 - mmdet - INFO - Epoch [4][100/16221]	lr: 2.500e-03, eta: 21:59:09, time: 0.475, data_time: 0.001, memory: 5513, loss_rpn_cls: 0.0200, loss_rpn_bbox: 0.0172, loss_cls: 0.1043, acc: 96.5020, loss_bbox: 0.1188, loss: 0.2602
2025-11-19 08:17:50,869 - mmdet - INFO - Epoch [4][150/16221]	lr: 2.500e-03, eta: 21:58:33, time: 0.481, data_time: 0.001, memory: 5513, loss_rpn_cls: 0.0161, loss_rpn_bbox: 0.0189, loss_cls: 0.1036, acc: 96.3223, loss_bbox: 0.1248, loss: 0.2634
2025-11-19 08:18:14,899 - mmdet - INFO - Epoch [4][200/16221]	lr: 2.500e-03, eta: 21:57:56, time: 0.481, data_time: 0.001, memory: 5513, loss_rpn_cls: 0.0237, loss_rpn_bbox: 0.0212, loss_cls: 0.0874, acc: 96.7930, loss_bbox: 0.1167, loss: 0.2490
2025-11-19 08:18:38,890 - mmdet - INFO - Epoch [4][250/16221]	lr: 2.500e-03, eta: 21:57:20, time: 0.480, data_time: 0.001, memory: 5513, loss_rpn_cls: 0.0291, loss_rpn_bbox: 0.0245, loss_cls: 0.1223, acc: 95.7168, loss_bbox: 0.1595, loss: 0.3354
2025-11-19 08:19:03,044 - mmdet - INFO - Epoch [4][300/16221]	lr: 2.500e-03, eta: 21:56:44, time: 0.483, data_time: 0.001, memory: 5513, loss_rpn_cls: 0.0172, loss_rpn_bbox: 0.0216, loss_cls: 0.0932, acc: 96.8262, loss_bbox: 0.1126, loss: 0.2446
2025-11-19 08:19:27,160 - mmdet - INFO - Epoch [4][350/16221]	lr: 2.500e-03, eta: 21:56:08, time: 0.482, data_time: 0.001, memory: 5513, loss_rpn_cls: 0.0215, loss_rpn_bbox: 0.0193, loss_cls: 0.0981, acc: 96.6133, loss_bbox: 0.1115, loss: 0.2503
2025-11-19 08:19:50,966 - mmdet - INFO - Epoch [4][400/16221]	lr: 2.500e-03, eta: 21:55:31, time: 0.476, data_time: 0.001, memory: 5513, loss_rpn_cls: 0.0161, loss_rpn_bbox: 0.0153, loss_cls: 0.1048, acc: 96.4922, loss_bbox: 0.1245, loss: 0.2607
2025-11-19 08:20:14,799 - mmdet - INFO - Epoch [4][450/16221]	lr: 2.500e-03, eta: 21:54:54, time: 0.477, data_time: 0.001, memory: 5513, loss_rpn_cls: 0.0162, loss_rpn_bbox: 0.0189, loss_cls: 0.0918, acc: 96.7090, loss_bbox: 0.1122, loss: 0.2390
2025-11-19 08:20:38,691 - mmdet - INFO - Epoch [4][500/16221]	lr: 2.500e-03, eta: 21:54:18, time: 0.478, data_time: 0.001, memory: 5513, loss_rpn_cls: 0.0154, loss_rpn_bbox: 0.0205, loss_cls: 0.1090, acc: 96.2852, loss_bbox: 0.1354, loss: 0.2803
2025-11-19 08:21:02,734 - mmdet - INFO - Epoch [4][550/16221]	lr: 2.500e-03, eta: 21:53:42, time: 0.481, data_time: 0.001, memory: 5513, loss_rpn_cls: 0.0215, loss_rpn_bbox: 0.0170, loss_cls: 0.1107, acc: 96.0859, loss_bbox: 0.1388, loss: 0.2880
2025-11-19 08:21:26,423 - mmdet - INFO - Epoch [4][600/16221]	lr: 2.500e-03, eta: 21:53:04, time: 0.473, data_time: 0.001, memory: 5513, loss_rpn_cls: 0.0254, loss_rpn_bbox: 0.0210, loss_cls: 0.0952, acc: 96.5664, loss_bbox: 0.1264, loss: 0.2680
2025-11-19 08:21:50,148 - mmdet - INFO - Epoch [4][650/16221]	lr: 2.500e-03, eta: 21:52:27, time: 0.474, data_time: 0.001, memory: 5513, loss_rpn_cls: 0.0205, loss_rpn_bbox: 0.0158, loss_cls: 0.0996, acc: 96.7109, loss_bbox: 0.1187, loss: 0.2545
2025-11-19 08:22:14,067 - mmdet - INFO - Epoch [4][700/16221]	lr: 2.500e-03, eta: 21:51:51, time: 0.478, data_time: 0.001, memory: 5513, loss_rpn_cls: 0.0207, loss_rpn_bbox: 0.0194, loss_cls: 0.0890, acc: 97.0742, loss_bbox: 0.1069, loss: 0.2360
2025-11-19 08:22:37,969 - mmdet - INFO - Epoch [4][750/16221]	lr: 2.500e-03, eta: 21:51:14, time: 0.478, data_time: 0.002, memory: 5513, loss_rpn_cls: 0.0223, loss_rpn_bbox: 0.0250, loss_cls: 0.1131, acc: 96.0586, loss_bbox: 0.1367, loss: 0.2971
2025-11-19 08:23:02,320 - mmdet - INFO - Epoch [4][800/16221]	lr: 2.500e-03, eta: 21:50:39, time: 0.487, data_time: 0.001, memory: 5513, loss_rpn_cls: 0.0165, loss_rpn_bbox: 0.0140, loss_cls: 0.0895, acc: 96.7871, loss_bbox: 0.1117, loss: 0.2317
2025-11-19 08:23:26,202 - mmdet - INFO - Epoch [4][850/16221]	lr: 2.500e-03, eta: 21:50:03, time: 0.478, data_time: 0.001, memory: 5513, loss_rpn_cls: 0.0167, loss_rpn_bbox: 0.0165, loss_cls: 0.0971, acc: 96.7441, loss_bbox: 0.1159, loss: 0.2462
2025-11-19 08:23:49,921 - mmdet - INFO - Epoch [4][900/16221]	lr: 2.500e-03, eta: 21:49:26, time: 0.474, data_time: 0.001, memory: 5513, loss_rpn_cls: 0.0169, loss_rpn_bbox: 0.0172, loss_cls: 0.1087, acc: 96.1055, loss_bbox: 0.1331, loss: 0.2759
2025-11-19 08:24:13,972 - mmdet - INFO - Epoch [4][950/16221]	lr: 2.500e-03, eta: 21:48:50, time: 0.481, data_time: 0.001, memory: 5513, loss_rpn_cls: 0.0169, loss_rpn_bbox: 0.0185, loss_cls: 0.0819, acc: 97.0195, loss_bbox: 0.1125, loss: 0.2296
2025-11-19 08:24:37,598 - mmdet - INFO - Epoch [4][1000/16221]	lr: 2.500e-03, eta: 21:48:13, time: 0.473, data_time: 0.001, memory: 5513, loss_rpn_cls: 0.0143, loss_rpn_bbox: 0.0167, loss_cls: 0.0993, acc: 96.3223, loss_bbox: 0.1343, loss: 0.2645
2025-11-19 08:25:01,298 - mmdet - INFO - Epoch [4][1050/16221]	lr: 2.500e-03, eta: 21:47:36, time: 0.474, data_time: 0.001, memory: 5513, loss_rpn_cls: 0.0147, loss_rpn_bbox: 0.0149, loss_cls: 0.0966, acc: 96.6113, loss_bbox: 0.1196, loss: 0.2458
2025-11-19 08:25:25,248 - mmdet - INFO - Epoch [4][1100/16221]	lr: 2.500e-03, eta: 21:47:00, time: 0.479, data_time: 0.001, memory: 5513, loss_rpn_cls: 0.0200, loss_rpn_bbox: 0.0218, loss_cls: 0.1152, acc: 95.9023, loss_bbox: 0.1402, loss: 0.2972
2025-11-19 08:25:49,036 - mmdet - INFO - Epoch [4][1150/16221]	lr: 2.500e-03, eta: 21:46:23, time: 0.476, data_time: 0.001, memory: 5513, loss_rpn_cls: 0.0178, loss_rpn_bbox: 0.0211, loss_cls: 0.0989, acc: 96.4648, loss_bbox: 0.1266, loss: 0.2645
2025-11-19 08:26:12,990 - mmdet - INFO - Epoch [4][1200/16221]	lr: 2.500e-03, eta: 21:45:47, time: 0.479, data_time: 0.001, memory: 5513, loss_rpn_cls: 0.0163, loss_rpn_bbox: 0.0151, loss_cls: 0.1056, acc: 96.5430, loss_bbox: 0.1132, loss: 0.2501
2025-11-19 08:26:36,826 - mmdet - INFO - Epoch [4][1250/16221]	lr: 2.500e-03, eta: 21:45:11, time: 0.477, data_time: 0.001, memory: 5513, loss_rpn_cls: 0.0174, loss_rpn_bbox: 0.0173, loss_cls: 0.0993, acc: 96.4961, loss_bbox: 0.1245, loss: 0.2585
2025-11-19 08:27:00,448 - mmdet - INFO - Epoch [4][1300/16221]	lr: 2.500e-03, eta: 21:44:34, time: 0.472, data_time: 0.001, memory: 5513, loss_rpn_cls: 0.0167, loss_rpn_bbox: 0.0148, loss_cls: 0.0940, acc: 96.5195, loss_bbox: 0.1166, loss: 0.2420
2025-11-19 08:27:24,114 - mmdet - INFO - Epoch [4][1350/16221]	lr: 2.500e-03, eta: 21:43:57, time: 0.474, data_time: 0.002, memory: 5513, loss_rpn_cls: 0.0211, loss_rpn_bbox: 0.0196, loss_cls: 0.0911, acc: 97.0352, loss_bbox: 0.1077, loss: 0.2395
2025-11-19 08:27:47,701 - mmdet - INFO - Epoch [4][1400/16221]	lr: 2.500e-03, eta: 21:43:20, time: 0.472, data_time: 0.001, memory: 5513, loss_rpn_cls: 0.0182, loss_rpn_bbox: 0.0154, loss_cls: 0.1051, acc: 96.3848, loss_bbox: 0.1273, loss: 0.2661
2025-11-19 08:28:11,580 - mmdet - INFO - Epoch [4][1450/16221]	lr: 2.500e-03, eta: 21:42:44, time: 0.477, data_time: 0.001, memory: 5513, loss_rpn_cls: 0.0207, loss_rpn_bbox: 0.0138, loss_cls: 0.1048, acc: 96.5449, loss_bbox: 0.1206, loss: 0.2598
2025-11-19 08:28:35,642 - mmdet - INFO - Epoch [4][1500/16221]	lr: 2.500e-03, eta: 21:42:08, time: 0.481, data_time: 0.001, memory: 5513, loss_rpn_cls: 0.0165, loss_rpn_bbox: 0.0190, loss_cls: 0.1130, acc: 96.0312, loss_bbox: 0.1347, loss: 0.2832
2025-11-19 08:28:59,583 - mmdet - INFO - Epoch [4][1550/16221]	lr: 2.500e-03, eta: 21:41:32, time: 0.479, data_time: 0.001, memory: 5513, loss_rpn_cls: 0.0288, loss_rpn_bbox: 0.0250, loss_cls: 0.0987, acc: 96.7617, loss_bbox: 0.1098, loss: 0.2624
2025-11-19 08:29:23,604 - mmdet - INFO - Epoch [4][1600/16221]	lr: 2.500e-03, eta: 21:40:57, time: 0.480, data_time: 0.001, memory: 5513, loss_rpn_cls: 0.0155, loss_rpn_bbox: 0.0164, loss_cls: 0.0959, acc: 96.7383, loss_bbox: 0.1157, loss: 0.2436
2025-11-19 08:29:47,540 - mmdet - INFO - Epoch [4][1650/16221]	lr: 2.500e-03, eta: 21:40:21, time: 0.479, data_time: 0.001, memory: 5513, loss_rpn_cls: 0.0228, loss_rpn_bbox: 0.0170, loss_cls: 0.1141, acc: 96.2461, loss_bbox: 0.1329, loss: 0.2868
2025-11-19 08:30:11,593 - mmdet - INFO - Epoch [4][1700/16221]	lr: 2.500e-03, eta: 21:39:45, time: 0.481, data_time: 0.002, memory: 5513, loss_rpn_cls: 0.0171, loss_rpn_bbox: 0.0167, loss_cls: 0.1091, acc: 96.2812, loss_bbox: 0.1183, loss: 0.2613
2025-11-19 08:30:35,548 - mmdet - INFO - Epoch [4][1750/16221]	lr: 2.500e-03, eta: 21:39:09, time: 0.479, data_time: 0.001, memory: 5513, loss_rpn_cls: 0.0236, loss_rpn_bbox: 0.0182, loss_cls: 0.1195, acc: 95.9746, loss_bbox: 0.1439, loss: 0.3052
2025-11-19 08:30:59,064 - mmdet - INFO - Epoch [4][1800/16221]	lr: 2.500e-03, eta: 21:38:32, time: 0.470, data_time: 0.001, memory: 5513, loss_rpn_cls: 0.0182, loss_rpn_bbox: 0.0195, loss_cls: 0.1070, acc: 96.3516, loss_bbox: 0.1243, loss: 0.2690
2025-11-19 08:31:23,464 - mmdet - INFO - Epoch [4][1850/16221]	lr: 2.500e-03, eta: 21:37:58, time: 0.488, data_time: 0.001, memory: 5513, loss_rpn_cls: 0.0158, loss_rpn_bbox: 0.0217, loss_cls: 0.1093, acc: 95.9805, loss_bbox: 0.1457, loss: 0.2926
2025-11-19 08:31:47,654 - mmdet - INFO - Epoch [4][1900/16221]	lr: 2.500e-03, eta: 21:37:23, time: 0.484, data_time: 0.001, memory: 5513, loss_rpn_cls: 0.0185, loss_rpn_bbox: 0.0167, loss_cls: 0.1092, acc: 96.3613, loss_bbox: 0.1346, loss: 0.2790
2025-11-19 08:32:11,537 - mmdet - INFO - Epoch [4][1950/16221]	lr: 2.500e-03, eta: 21:36:47, time: 0.477, data_time: 0.001, memory: 5513, loss_rpn_cls: 0.0195, loss_rpn_bbox: 0.0179, loss_cls: 0.1219, acc: 95.9023, loss_bbox: 0.1500, loss: 0.3093
2025-11-19 08:32:35,561 - mmdet - INFO - Epoch [4][2000/16221]	lr: 2.500e-03, eta: 21:36:11, time: 0.481, data_time: 0.001, memory: 5513, loss_rpn_cls: 0.0138, loss_rpn_bbox: 0.0123, loss_cls: 0.0704, acc: 97.5586, loss_bbox: 0.0965, loss: 0.1930
2025-11-19 08:32:58,932 - mmdet - INFO - Epoch [4][2050/16221]	lr: 2.500e-03, eta: 21:35:34, time: 0.467, data_time: 0.001, memory: 5513, loss_rpn_cls: 0.0141, loss_rpn_bbox: 0.0177, loss_cls: 0.0999, acc: 96.2383, loss_bbox: 0.1351, loss: 0.2668
2025-11-19 08:33:22,906 - mmdet - INFO - Epoch [4][2100/16221]	lr: 2.500e-03, eta: 21:34:58, time: 0.479, data_time: 0.001, memory: 5513, loss_rpn_cls: 0.0165, loss_rpn_bbox: 0.0194, loss_cls: 0.0973, acc: 96.5098, loss_bbox: 0.1234, loss: 0.2565
2025-11-19 08:33:46,801 - mmdet - INFO - Epoch [4][2150/16221]	lr: 2.500e-03, eta: 21:34:23, time: 0.478, data_time: 0.002, memory: 5513, loss_rpn_cls: 0.0196, loss_rpn_bbox: 0.0243, loss_cls: 0.1131, acc: 96.0020, loss_bbox: 0.1389, loss: 0.2959
2025-11-19 08:34:11,028 - mmdet - INFO - Epoch [4][2200/16221]	lr: 2.500e-03, eta: 21:33:48, time: 0.485, data_time: 0.001, memory: 5513, loss_rpn_cls: 0.0194, loss_rpn_bbox: 0.0231, loss_cls: 0.1053, acc: 96.2383, loss_bbox: 0.1366, loss: 0.2844
2025-11-19 08:34:35,124 - mmdet - INFO - Epoch [4][2250/16221]	lr: 2.500e-03, eta: 21:33:13, time: 0.482, data_time: 0.001, memory: 5513, loss_rpn_cls: 0.0205, loss_rpn_bbox: 0.0227, loss_cls: 0.0964, acc: 96.8027, loss_bbox: 0.1091, loss: 0.2487
2025-11-19 08:34:58,846 - mmdet - INFO - Epoch [4][2300/16221]	lr: 2.500e-03, eta: 21:32:36, time: 0.474, data_time: 0.001, memory: 5513, loss_rpn_cls: 0.0206, loss_rpn_bbox: 0.0184, loss_cls: 0.1131, acc: 96.0488, loss_bbox: 0.1266, loss: 0.2787
2025-11-19 08:35:22,831 - mmdet - INFO - Epoch [4][2350/16221]	lr: 2.500e-03, eta: 21:32:01, time: 0.480, data_time: 0.001, memory: 5513, loss_rpn_cls: 0.0207, loss_rpn_bbox: 0.0210, loss_cls: 0.1148, acc: 96.0742, loss_bbox: 0.1322, loss: 0.2887
2025-11-19 08:35:46,663 - mmdet - INFO - Epoch [4][2400/16221]	lr: 2.500e-03, eta: 21:31:25, time: 0.477, data_time: 0.001, memory: 5513, loss_rpn_cls: 0.0196, loss_rpn_bbox: 0.0216, loss_cls: 0.1004, acc: 96.7773, loss_bbox: 0.1191, loss: 0.2607
2025-11-19 08:36:10,319 - mmdet - INFO - Epoch [4][2450/16221]	lr: 2.500e-03, eta: 21:30:49, time: 0.473, data_time: 0.001, memory: 5513, loss_rpn_cls: 0.0158, loss_rpn_bbox: 0.0211, loss_cls: 0.0968, acc: 96.5996, loss_bbox: 0.1227, loss: 0.2564
2025-11-19 08:36:34,141 - mmdet - INFO - Epoch [4][2500/16221]	lr: 2.500e-03, eta: 21:30:13, time: 0.476, data_time: 0.001, memory: 5513, loss_rpn_cls: 0.0198, loss_rpn_bbox: 0.0209, loss_cls: 0.1112, acc: 96.2285, loss_bbox: 0.1277, loss: 0.2795
2025-11-19 08:36:58,024 - mmdet - INFO - Epoch [4][2550/16221]	lr: 2.500e-03, eta: 21:29:37, time: 0.477, data_time: 0.001, memory: 5513, loss_rpn_cls: 0.0185, loss_rpn_bbox: 0.0196, loss_cls: 0.1005, acc: 96.6113, loss_bbox: 0.1131, loss: 0.2517
2025-11-19 08:37:21,793 - mmdet - INFO - Epoch [4][2600/16221]	lr: 2.500e-03, eta: 21:29:01, time: 0.475, data_time: 0.001, memory: 5513, loss_rpn_cls: 0.0243, loss_rpn_bbox: 0.0228, loss_cls: 0.1119, acc: 96.2754, loss_bbox: 0.1285, loss: 0.2874
2025-11-19 08:37:46,005 - mmdet - INFO - Epoch [4][2650/16221]	lr: 2.500e-03, eta: 21:28:27, time: 0.484, data_time: 0.001, memory: 5513, loss_rpn_cls: 0.0154, loss_rpn_bbox: 0.0137, loss_cls: 0.0911, acc: 96.7949, loss_bbox: 0.1045, loss: 0.2247
2025-11-19 08:38:09,729 - mmdet - INFO - Epoch [4][2700/16221]	lr: 2.500e-03, eta: 21:27:51, time: 0.475, data_time: 0.001, memory: 5513, loss_rpn_cls: 0.0176, loss_rpn_bbox: 0.0191, loss_cls: 0.0956, acc: 96.6289, loss_bbox: 0.1160, loss: 0.2483
2025-11-19 08:38:33,773 - mmdet - INFO - Epoch [4][2750/16221]	lr: 2.500e-03, eta: 21:27:16, time: 0.481, data_time: 0.001, memory: 5513, loss_rpn_cls: 0.0159, loss_rpn_bbox: 0.0190, loss_cls: 0.0920, acc: 96.5059, loss_bbox: 0.1317, loss: 0.2585
2025-11-19 08:38:57,381 - mmdet - INFO - Epoch [4][2800/16221]	lr: 2.500e-03, eta: 21:26:39, time: 0.472, data_time: 0.001, memory: 5513, loss_rpn_cls: 0.0208, loss_rpn_bbox: 0.0168, loss_cls: 0.0826, acc: 97.1680, loss_bbox: 0.1022, loss: 0.2225
2025-11-19 08:39:21,463 - mmdet - INFO - Epoch [4][2850/16221]	lr: 2.500e-03, eta: 21:26:04, time: 0.482, data_time: 0.001, memory: 5513, loss_rpn_cls: 0.0213, loss_rpn_bbox: 0.0211, loss_cls: 0.1085, acc: 96.4941, loss_bbox: 0.1179, loss: 0.2688
2025-11-19 08:39:45,233 - mmdet - INFO - Epoch [4][2900/16221]	lr: 2.500e-03, eta: 21:25:29, time: 0.475, data_time: 0.001, memory: 5513, loss_rpn_cls: 0.0172, loss_rpn_bbox: 0.0162, loss_cls: 0.1022, acc: 96.6230, loss_bbox: 0.1242, loss: 0.2599
2025-11-19 08:40:08,822 - mmdet - INFO - Epoch [4][2950/16221]	lr: 2.500e-03, eta: 21:24:52, time: 0.472, data_time: 0.001, memory: 5513, loss_rpn_cls: 0.0222, loss_rpn_bbox: 0.0207, loss_cls: 0.0990, acc: 96.5215, loss_bbox: 0.1252, loss: 0.2671
2025-11-19 08:40:32,491 - mmdet - INFO - Epoch [4][3000/16221]	lr: 2.500e-03, eta: 21:24:16, time: 0.473, data_time: 0.001, memory: 5513, loss_rpn_cls: 0.0152, loss_rpn_bbox: 0.0175, loss_cls: 0.1020, acc: 96.4336, loss_bbox: 0.1287, loss: 0.2634
2025-11-19 08:40:56,335 - mmdet - INFO - Epoch [4][3050/16221]	lr: 2.500e-03, eta: 21:23:41, time: 0.477, data_time: 0.001, memory: 5513, loss_rpn_cls: 0.0141, loss_rpn_bbox: 0.0168, loss_cls: 0.1056, acc: 96.5215, loss_bbox: 0.1186, loss: 0.2551
2025-11-19 08:41:20,340 - mmdet - INFO - Epoch [4][3100/16221]	lr: 2.500e-03, eta: 21:23:06, time: 0.480, data_time: 0.001, memory: 5513, loss_rpn_cls: 0.0181, loss_rpn_bbox: 0.0203, loss_cls: 0.1151, acc: 96.1992, loss_bbox: 0.1303, loss: 0.2839
2025-11-19 08:41:44,300 - mmdet - INFO - Epoch [4][3150/16221]	lr: 2.500e-03, eta: 21:22:31, time: 0.479, data_time: 0.001, memory: 5513, loss_rpn_cls: 0.0140, loss_rpn_bbox: 0.0196, loss_cls: 0.0918, acc: 96.7500, loss_bbox: 0.1154, loss: 0.2408
2025-11-19 08:42:08,174 - mmdet - INFO - Epoch [4][3200/16221]	lr: 2.500e-03, eta: 21:21:55, time: 0.478, data_time: 0.001, memory: 5513, loss_rpn_cls: 0.0210, loss_rpn_bbox: 0.0184, loss_cls: 0.1089, acc: 96.6191, loss_bbox: 0.1173, loss: 0.2656
2025-11-19 08:42:31,562 - mmdet - INFO - Epoch [4][3250/16221]	lr: 2.500e-03, eta: 21:21:19, time: 0.467, data_time: 0.001, memory: 5513, loss_rpn_cls: 0.0141, loss_rpn_bbox: 0.0141, loss_cls: 0.0805, acc: 97.0293, loss_bbox: 0.1052, loss: 0.2139
2025-11-19 08:42:55,619 - mmdet - INFO - Epoch [4][3300/16221]	lr: 2.500e-03, eta: 21:20:44, time: 0.481, data_time: 0.002, memory: 5513, loss_rpn_cls: 0.0156, loss_rpn_bbox: 0.0194, loss_cls: 0.1195, acc: 96.1523, loss_bbox: 0.1377, loss: 0.2922
2025-11-19 08:43:19,261 - mmdet - INFO - Epoch [4][3350/16221]	lr: 2.500e-03, eta: 21:20:08, time: 0.473, data_time: 0.002, memory: 5513, loss_rpn_cls: 0.0158, loss_rpn_bbox: 0.0190, loss_cls: 0.1132, acc: 96.2832, loss_bbox: 0.1340, loss: 0.2820
2025-11-19 08:43:43,204 - mmdet - INFO - Epoch [4][3400/16221]	lr: 2.500e-03, eta: 21:19:33, time: 0.479, data_time: 0.001, memory: 5513, loss_rpn_cls: 0.0212, loss_rpn_bbox: 0.0172, loss_cls: 0.0855, acc: 97.1289, loss_bbox: 0.0950, loss: 0.2189
2025-11-19 08:44:06,874 - mmdet - INFO - Epoch [4][3450/16221]	lr: 2.500e-03, eta: 21:18:57, time: 0.473, data_time: 0.001, memory: 5513, loss_rpn_cls: 0.0194, loss_rpn_bbox: 0.0213, loss_cls: 0.1017, acc: 96.4844, loss_bbox: 0.1288, loss: 0.2712
2025-11-19 08:44:31,063 - mmdet - INFO - Epoch [4][3500/16221]	lr: 2.500e-03, eta: 21:18:23, time: 0.484, data_time: 0.001, memory: 5513, loss_rpn_cls: 0.0182, loss_rpn_bbox: 0.0169, loss_cls: 0.0861, acc: 97.0859, loss_bbox: 0.1060, loss: 0.2272
2025-11-19 08:44:55,084 - mmdet - INFO - Epoch [4][3550/16221]	lr: 2.500e-03, eta: 21:17:48, time: 0.480, data_time: 0.001, memory: 5513, loss_rpn_cls: 0.0193, loss_rpn_bbox: 0.0193, loss_cls: 0.1203, acc: 96.0703, loss_bbox: 0.1469, loss: 0.3058
2025-11-19 08:45:19,025 - mmdet - INFO - Epoch [4][3600/16221]	lr: 2.500e-03, eta: 21:17:13, time: 0.479, data_time: 0.001, memory: 5513, loss_rpn_cls: 0.0176, loss_rpn_bbox: 0.0219, loss_cls: 0.1026, acc: 96.4531, loss_bbox: 0.1259, loss: 0.2679
2025-11-19 08:45:42,686 - mmdet - INFO - Epoch [4][3650/16221]	lr: 2.500e-03, eta: 21:16:37, time: 0.474, data_time: 0.001, memory: 5513, loss_rpn_cls: 0.0130, loss_rpn_bbox: 0.0102, loss_cls: 0.0985, acc: 96.7051, loss_bbox: 0.1137, loss: 0.2354
2025-11-19 08:46:06,628 - mmdet - INFO - Epoch [4][3700/16221]	lr: 2.500e-03, eta: 21:16:02, time: 0.479, data_time: 0.001, memory: 5513, loss_rpn_cls: 0.0127, loss_rpn_bbox: 0.0179, loss_cls: 0.0821, acc: 96.9980, loss_bbox: 0.1118, loss: 0.2244
2025-11-19 08:46:30,189 - mmdet - INFO - Epoch [4][3750/16221]	lr: 2.500e-03, eta: 21:15:26, time: 0.472, data_time: 0.001, memory: 5513, loss_rpn_cls: 0.0151, loss_rpn_bbox: 0.0170, loss_cls: 0.1069, acc: 96.4863, loss_bbox: 0.1218, loss: 0.2608
2025-11-19 08:46:53,918 - mmdet - INFO - Epoch [4][3800/16221]	lr: 2.500e-03, eta: 21:14:50, time: 0.474, data_time: 0.001, memory: 5513, loss_rpn_cls: 0.0174, loss_rpn_bbox: 0.0182, loss_cls: 0.0885, acc: 96.7363, loss_bbox: 0.1109, loss: 0.2349
2025-11-19 08:47:17,690 - mmdet - INFO - Epoch [4][3850/16221]	lr: 2.500e-03, eta: 21:14:15, time: 0.475, data_time: 0.002, memory: 5513, loss_rpn_cls: 0.0200, loss_rpn_bbox: 0.0182, loss_cls: 0.0972, acc: 96.5039, loss_bbox: 0.1241, loss: 0.2595
2025-11-19 08:47:41,559 - mmdet - INFO - Epoch [4][3900/16221]	lr: 2.500e-03, eta: 21:13:40, time: 0.477, data_time: 0.002, memory: 5513, loss_rpn_cls: 0.0151, loss_rpn_bbox: 0.0179, loss_cls: 0.1040, acc: 96.2949, loss_bbox: 0.1300, loss: 0.2669
2025-11-19 08:48:05,748 - mmdet - INFO - Epoch [4][3950/16221]	lr: 2.500e-03, eta: 21:13:06, time: 0.484, data_time: 0.001, memory: 5513, loss_rpn_cls: 0.0182, loss_rpn_bbox: 0.0184, loss_cls: 0.0963, acc: 96.7402, loss_bbox: 0.1249, loss: 0.2578
2025-11-19 08:48:30,015 - mmdet - INFO - Epoch [4][4000/16221]	lr: 2.500e-03, eta: 21:12:32, time: 0.485, data_time: 0.001, memory: 5513, loss_rpn_cls: 0.0231, loss_rpn_bbox: 0.0205, loss_cls: 0.1178, acc: 95.9492, loss_bbox: 0.1408, loss: 0.3022
2025-11-19 08:48:53,995 - mmdet - INFO - Epoch [4][4050/16221]	lr: 2.500e-03, eta: 21:11:57, time: 0.480, data_time: 0.001, memory: 5513, loss_rpn_cls: 0.0238, loss_rpn_bbox: 0.0222, loss_cls: 0.1064, acc: 96.4102, loss_bbox: 0.1307, loss: 0.2831
2025-11-19 08:49:18,336 - mmdet - INFO - Epoch [4][4100/16221]	lr: 2.500e-03, eta: 21:11:23, time: 0.487, data_time: 0.001, memory: 5513, loss_rpn_cls: 0.0202, loss_rpn_bbox: 0.0170, loss_cls: 0.1046, acc: 96.3066, loss_bbox: 0.1376, loss: 0.2795
2025-11-19 08:49:42,520 - mmdet - INFO - Epoch [4][4150/16221]	lr: 2.500e-03, eta: 21:10:49, time: 0.484, data_time: 0.001, memory: 5513, loss_rpn_cls: 0.0178, loss_rpn_bbox: 0.0245, loss_cls: 0.0984, acc: 96.7266, loss_bbox: 0.1263, loss: 0.2670
2025-11-19 08:50:06,406 - mmdet - INFO - Epoch [4][4200/16221]	lr: 2.500e-03, eta: 21:10:14, time: 0.478, data_time: 0.001, memory: 5513, loss_rpn_cls: 0.0279, loss_rpn_bbox: 0.0192, loss_cls: 0.0888, acc: 97.1816, loss_bbox: 0.1008, loss: 0.2366
2025-11-19 08:50:30,170 - mmdet - INFO - Epoch [4][4250/16221]	lr: 2.500e-03, eta: 21:09:39, time: 0.475, data_time: 0.002, memory: 5513, loss_rpn_cls: 0.0202, loss_rpn_bbox: 0.0201, loss_cls: 0.0874, acc: 96.8184, loss_bbox: 0.1177, loss: 0.2453
2025-11-19 08:50:53,834 - mmdet - INFO - Epoch [4][4300/16221]	lr: 2.500e-03, eta: 21:09:04, time: 0.473, data_time: 0.001, memory: 5513, loss_rpn_cls: 0.0212, loss_rpn_bbox: 0.0163, loss_cls: 0.1012, acc: 96.6113, loss_bbox: 0.1274, loss: 0.2662
2025-11-19 08:51:17,940 - mmdet - INFO - Epoch [4][4350/16221]	lr: 2.500e-03, eta: 21:08:29, time: 0.482, data_time: 0.001, memory: 5513, loss_rpn_cls: 0.0161, loss_rpn_bbox: 0.0180, loss_cls: 0.1019, acc: 96.5605, loss_bbox: 0.1195, loss: 0.2554
2025-11-19 08:51:41,903 - mmdet - INFO - Epoch [4][4400/16221]	lr: 2.500e-03, eta: 21:07:55, time: 0.480, data_time: 0.001, memory: 5513, loss_rpn_cls: 0.0174, loss_rpn_bbox: 0.0194, loss_cls: 0.1129, acc: 96.0938, loss_bbox: 0.1309, loss: 0.2806
2025-11-19 08:52:05,738 - mmdet - INFO - Epoch [4][4450/16221]	lr: 2.500e-03, eta: 21:07:20, time: 0.476, data_time: 0.001, memory: 5513, loss_rpn_cls: 0.0187, loss_rpn_bbox: 0.0149, loss_cls: 0.1087, acc: 96.3398, loss_bbox: 0.1309, loss: 0.2732
2025-11-19 08:52:29,418 - mmdet - INFO - Epoch [4][4500/16221]	lr: 2.500e-03, eta: 21:06:45, time: 0.474, data_time: 0.001, memory: 5513, loss_rpn_cls: 0.0199, loss_rpn_bbox: 0.0218, loss_cls: 0.1184, acc: 95.5254, loss_bbox: 0.1545, loss: 0.3147
2025-11-19 08:52:53,300 - mmdet - INFO - Epoch [4][4550/16221]	lr: 2.500e-03, eta: 21:06:10, time: 0.478, data_time: 0.002, memory: 5513, loss_rpn_cls: 0.0161, loss_rpn_bbox: 0.0179, loss_cls: 0.1006, acc: 96.4531, loss_bbox: 0.1292, loss: 0.2638
2025-11-19 08:53:16,972 - mmdet - INFO - Epoch [4][4600/16221]	lr: 2.500e-03, eta: 21:05:35, time: 0.473, data_time: 0.001, memory: 5513, loss_rpn_cls: 0.0202, loss_rpn_bbox: 0.0175, loss_cls: 0.1004, acc: 96.8242, loss_bbox: 0.1165, loss: 0.2546
2025-11-19 08:53:41,164 - mmdet - INFO - Epoch [4][4650/16221]	lr: 2.500e-03, eta: 21:05:01, time: 0.484, data_time: 0.001, memory: 5513, loss_rpn_cls: 0.0165, loss_rpn_bbox: 0.0146, loss_cls: 0.1125, acc: 95.9961, loss_bbox: 0.1431, loss: 0.2868
2025-11-19 08:54:04,925 - mmdet - INFO - Epoch [4][4700/16221]	lr: 2.500e-03, eta: 21:04:26, time: 0.475, data_time: 0.001, memory: 5513, loss_rpn_cls: 0.0177, loss_rpn_bbox: 0.0157, loss_cls: 0.1067, acc: 96.2422, loss_bbox: 0.1321, loss: 0.2721
2025-11-19 08:54:28,469 - mmdet - INFO - Epoch [4][4750/16221]	lr: 2.500e-03, eta: 21:03:50, time: 0.471, data_time: 0.001, memory: 5513, loss_rpn_cls: 0.0122, loss_rpn_bbox: 0.0126, loss_cls: 0.1014, acc: 96.6191, loss_bbox: 0.1231, loss: 0.2494
2025-11-19 08:54:52,662 - mmdet - INFO - Epoch [4][4800/16221]	lr: 2.500e-03, eta: 21:03:16, time: 0.484, data_time: 0.001, memory: 5513, loss_rpn_cls: 0.0182, loss_rpn_bbox: 0.0171, loss_cls: 0.1058, acc: 96.4473, loss_bbox: 0.1247, loss: 0.2657
2025-11-19 08:55:16,338 - mmdet - INFO - Epoch [4][4850/16221]	lr: 2.500e-03, eta: 21:02:41, time: 0.474, data_time: 0.001, memory: 5513, loss_rpn_cls: 0.0233, loss_rpn_bbox: 0.0212, loss_cls: 0.0994, acc: 96.6562, loss_bbox: 0.1190, loss: 0.2629
2025-11-19 08:55:40,324 - mmdet - INFO - Epoch [4][4900/16221]	lr: 2.500e-03, eta: 21:02:07, time: 0.480, data_time: 0.001, memory: 5513, loss_rpn_cls: 0.0160, loss_rpn_bbox: 0.0158, loss_cls: 0.0928, acc: 96.5918, loss_bbox: 0.1145, loss: 0.2390
2025-11-19 08:56:04,337 - mmdet - INFO - Epoch [4][4950/16221]	lr: 2.500e-03, eta: 21:01:32, time: 0.480, data_time: 0.001, memory: 5513, loss_rpn_cls: 0.0169, loss_rpn_bbox: 0.0154, loss_cls: 0.1090, acc: 96.1152, loss_bbox: 0.1344, loss: 0.2757
2025-11-19 08:56:28,194 - mmdet - INFO - Epoch [4][5000/16221]	lr: 2.500e-03, eta: 21:00:58, time: 0.477, data_time: 0.001, memory: 5513, loss_rpn_cls: 0.0143, loss_rpn_bbox: 0.0159, loss_cls: 0.1100, acc: 96.0801, loss_bbox: 0.1365, loss: 0.2767
2025-11-19 08:56:51,844 - mmdet - INFO - Epoch [4][5050/16221]	lr: 2.500e-03, eta: 21:00:23, time: 0.473, data_time: 0.001, memory: 5513, loss_rpn_cls: 0.0160, loss_rpn_bbox: 0.0160, loss_cls: 0.0966, acc: 96.4707, loss_bbox: 0.1133, loss: 0.2418
2025-11-19 08:57:16,182 - mmdet - INFO - Epoch [4][5100/16221]	lr: 2.500e-03, eta: 20:59:49, time: 0.487, data_time: 0.001, memory: 5513, loss_rpn_cls: 0.0214, loss_rpn_bbox: 0.0221, loss_cls: 0.1041, acc: 96.3945, loss_bbox: 0.1298, loss: 0.2774
2025-11-19 08:57:39,996 - mmdet - INFO - Epoch [4][5150/16221]	lr: 2.500e-03, eta: 20:59:14, time: 0.476, data_time: 0.001, memory: 5513, loss_rpn_cls: 0.0228, loss_rpn_bbox: 0.0226, loss_cls: 0.1293, acc: 95.5059, loss_bbox: 0.1519, loss: 0.3266
2025-11-19 08:58:03,840 - mmdet - INFO - Epoch [4][5200/16221]	lr: 2.500e-03, eta: 20:58:40, time: 0.477, data_time: 0.001, memory: 5513, loss_rpn_cls: 0.0167, loss_rpn_bbox: 0.0205, loss_cls: 0.1025, acc: 96.1270, loss_bbox: 0.1447, loss: 0.2845
2025-11-19 08:58:27,858 - mmdet - INFO - Epoch [4][5250/16221]	lr: 2.500e-03, eta: 20:58:06, time: 0.481, data_time: 0.001, memory: 5513, loss_rpn_cls: 0.0209, loss_rpn_bbox: 0.0203, loss_cls: 0.1289, acc: 95.7266, loss_bbox: 0.1538, loss: 0.3239
2025-11-19 08:58:51,816 - mmdet - INFO - Epoch [4][5300/16221]	lr: 2.500e-03, eta: 20:57:31, time: 0.479, data_time: 0.001, memory: 5513, loss_rpn_cls: 0.0196, loss_rpn_bbox: 0.0255, loss_cls: 0.1114, acc: 96.1895, loss_bbox: 0.1349, loss: 0.2914
2025-11-19 08:59:15,696 - mmdet - INFO - Epoch [4][5350/16221]	lr: 2.500e-03, eta: 20:56:57, time: 0.478, data_time: 0.001, memory: 5513, loss_rpn_cls: 0.0183, loss_rpn_bbox: 0.0177, loss_cls: 0.1017, acc: 96.2207, loss_bbox: 0.1390, loss: 0.2767
2025-11-19 08:59:39,847 - mmdet - INFO - Epoch [4][5400/16221]	lr: 2.500e-03, eta: 20:56:23, time: 0.483, data_time: 0.001, memory: 5513, loss_rpn_cls: 0.0194, loss_rpn_bbox: 0.0169, loss_cls: 0.1307, acc: 95.5703, loss_bbox: 0.1572, loss: 0.3242
2025-11-19 09:00:03,832 - mmdet - INFO - Epoch [4][5450/16221]	lr: 2.500e-03, eta: 20:55:49, time: 0.480, data_time: 0.002, memory: 5513, loss_rpn_cls: 0.0171, loss_rpn_bbox: 0.0219, loss_cls: 0.0961, acc: 96.7734, loss_bbox: 0.1173, loss: 0.2523
2025-11-19 09:00:27,523 - mmdet - INFO - Epoch [4][5500/16221]	lr: 2.500e-03, eta: 20:55:14, time: 0.474, data_time: 0.001, memory: 5513, loss_rpn_cls: 0.0184, loss_rpn_bbox: 0.0228, loss_cls: 0.1033, acc: 96.4707, loss_bbox: 0.1336, loss: 0.2782
2025-11-19 09:00:51,807 - mmdet - INFO - Epoch [4][5550/16221]	lr: 2.500e-03, eta: 20:54:41, time: 0.486, data_time: 0.001, memory: 5513, loss_rpn_cls: 0.0154, loss_rpn_bbox: 0.0166, loss_cls: 0.0827, acc: 97.0391, loss_bbox: 0.1096, loss: 0.2243
2025-11-19 09:01:15,860 - mmdet - INFO - Epoch [4][5600/16221]	lr: 2.500e-03, eta: 20:54:07, time: 0.481, data_time: 0.001, memory: 5513, loss_rpn_cls: 0.0162, loss_rpn_bbox: 0.0196, loss_cls: 0.1015, acc: 96.4609, loss_bbox: 0.1206, loss: 0.2579
2025-11-19 09:01:39,693 - mmdet - INFO - Epoch [4][5650/16221]	lr: 2.500e-03, eta: 20:53:32, time: 0.477, data_time: 0.001, memory: 5513, loss_rpn_cls: 0.0136, loss_rpn_bbox: 0.0167, loss_cls: 0.0967, acc: 96.6562, loss_bbox: 0.1171, loss: 0.2440
2025-11-19 09:02:03,747 - mmdet - INFO - Epoch [4][5700/16221]	lr: 2.500e-03, eta: 20:52:59, time: 0.481, data_time: 0.002, memory: 5513, loss_rpn_cls: 0.0132, loss_rpn_bbox: 0.0131, loss_cls: 0.0893, acc: 96.9141, loss_bbox: 0.1099, loss: 0.2255
2025-11-19 09:02:27,379 - mmdet - INFO - Epoch [4][5750/16221]	lr: 2.500e-03, eta: 20:52:24, time: 0.472, data_time: 0.001, memory: 5513, loss_rpn_cls: 0.0211, loss_rpn_bbox: 0.0208, loss_cls: 0.1087, acc: 96.1484, loss_bbox: 0.1376, loss: 0.2882
2025-11-19 09:02:51,517 - mmdet - INFO - Epoch [4][5800/16221]	lr: 2.500e-03, eta: 20:51:50, time: 0.483, data_time: 0.001, memory: 5513, loss_rpn_cls: 0.0148, loss_rpn_bbox: 0.0135, loss_cls: 0.1142, acc: 96.1582, loss_bbox: 0.1367, loss: 0.2793
2025-11-19 09:03:15,566 - mmdet - INFO - Epoch [4][5850/16221]	lr: 2.500e-03, eta: 20:51:16, time: 0.481, data_time: 0.001, memory: 5513, loss_rpn_cls: 0.0158, loss_rpn_bbox: 0.0185, loss_cls: 0.1130, acc: 96.0859, loss_bbox: 0.1400, loss: 0.2874
2025-11-19 09:03:39,483 - mmdet - INFO - Epoch [4][5900/16221]	lr: 2.500e-03, eta: 20:50:42, time: 0.478, data_time: 0.001, memory: 5513, loss_rpn_cls: 0.0136, loss_rpn_bbox: 0.0150, loss_cls: 0.1075, acc: 96.0059, loss_bbox: 0.1415, loss: 0.2777
2025-11-19 09:04:03,595 - mmdet - INFO - Epoch [4][5950/16221]	lr: 2.500e-03, eta: 20:50:08, time: 0.482, data_time: 0.001, memory: 5513, loss_rpn_cls: 0.0190, loss_rpn_bbox: 0.0219, loss_cls: 0.1127, acc: 96.0508, loss_bbox: 0.1426, loss: 0.2962
2025-11-19 09:04:27,311 - mmdet - INFO - Epoch [4][6000/16221]	lr: 2.500e-03, eta: 20:49:34, time: 0.474, data_time: 0.001, memory: 5513, loss_rpn_cls: 0.0150, loss_rpn_bbox: 0.0151, loss_cls: 0.1048, acc: 96.2676, loss_bbox: 0.1309, loss: 0.2657
2025-11-19 09:04:51,582 - mmdet - INFO - Epoch [4][6050/16221]	lr: 2.500e-03, eta: 20:49:01, time: 0.485, data_time: 0.001, memory: 5513, loss_rpn_cls: 0.0182, loss_rpn_bbox: 0.0182, loss_cls: 0.0851, acc: 97.0918, loss_bbox: 0.1068, loss: 0.2284
2025-11-19 09:05:15,527 - mmdet - INFO - Epoch [4][6100/16221]	lr: 2.500e-03, eta: 20:48:27, time: 0.479, data_time: 0.001, memory: 5513, loss_rpn_cls: 0.0186, loss_rpn_bbox: 0.0196, loss_cls: 0.1121, acc: 96.1094, loss_bbox: 0.1403, loss: 0.2907
2025-11-19 09:05:39,257 - mmdet - INFO - Epoch [4][6150/16221]	lr: 2.500e-03, eta: 20:47:52, time: 0.475, data_time: 0.001, memory: 5513, loss_rpn_cls: 0.0151, loss_rpn_bbox: 0.0140, loss_cls: 0.0999, acc: 96.6035, loss_bbox: 0.1153, loss: 0.2443
2025-11-19 09:06:02,854 - mmdet - INFO - Epoch [4][6200/16221]	lr: 2.500e-03, eta: 20:47:17, time: 0.472, data_time: 0.001, memory: 5513, loss_rpn_cls: 0.0267, loss_rpn_bbox: 0.0297, loss_cls: 0.1161, acc: 95.6621, loss_bbox: 0.1399, loss: 0.3124
2025-11-19 09:06:26,978 - mmdet - INFO - Epoch [4][6250/16221]	lr: 2.500e-03, eta: 20:46:44, time: 0.483, data_time: 0.001, memory: 5513, loss_rpn_cls: 0.0221, loss_rpn_bbox: 0.0224, loss_cls: 0.1260, acc: 95.8730, loss_bbox: 0.1423, loss: 0.3127
2025-11-19 09:06:50,972 - mmdet - INFO - Epoch [4][6300/16221]	lr: 2.500e-03, eta: 20:46:10, time: 0.479, data_time: 0.001, memory: 5513, loss_rpn_cls: 0.0138, loss_rpn_bbox: 0.0122, loss_cls: 0.0967, acc: 96.5898, loss_bbox: 0.1213, loss: 0.2440
2025-11-19 09:07:14,976 - mmdet - INFO - Epoch [4][6350/16221]	lr: 2.500e-03, eta: 20:45:36, time: 0.480, data_time: 0.001, memory: 5513, loss_rpn_cls: 0.0187, loss_rpn_bbox: 0.0193, loss_cls: 0.1125, acc: 96.1738, loss_bbox: 0.1330, loss: 0.2836
2025-11-19 09:07:38,534 - mmdet - INFO - Epoch [4][6400/16221]	lr: 2.500e-03, eta: 20:45:01, time: 0.471, data_time: 0.001, memory: 5513, loss_rpn_cls: 0.0219, loss_rpn_bbox: 0.0199, loss_cls: 0.0964, acc: 96.4961, loss_bbox: 0.1201, loss: 0.2584
2025-11-19 09:08:02,244 - mmdet - INFO - Epoch [4][6450/16221]	lr: 2.500e-03, eta: 20:44:27, time: 0.474, data_time: 0.001, memory: 5513, loss_rpn_cls: 0.0292, loss_rpn_bbox: 0.0220, loss_cls: 0.1046, acc: 96.1582, loss_bbox: 0.1374, loss: 0.2932
2025-11-19 09:08:31,565 - mmdet - INFO - Epoch [4][6500/16221]	lr: 2.500e-03, eta: 20:44:06, time: 0.586, data_time: 0.004, memory: 5513, loss_rpn_cls: 0.0183, loss_rpn_bbox: 0.0165, loss_cls: 0.0881, acc: 96.7227, loss_bbox: 0.1305, loss: 0.2535
2025-11-19 09:09:03,465 - mmdet - INFO - Epoch [4][6550/16221]	lr: 2.500e-03, eta: 20:43:53, time: 0.638, data_time: 0.006, memory: 5513, loss_rpn_cls: 0.0159, loss_rpn_bbox: 0.0149, loss_cls: 0.0835, acc: 97.0176, loss_bbox: 0.1013, loss: 0.2156
2025-11-19 09:09:37,156 - mmdet - INFO - Epoch [4][6600/16221]	lr: 2.500e-03, eta: 20:43:43, time: 0.674, data_time: 0.005, memory: 5513, loss_rpn_cls: 0.0164, loss_rpn_bbox: 0.0151, loss_cls: 0.1028, acc: 96.3633, loss_bbox: 0.1197, loss: 0.2541
2025-11-19 09:10:05,309 - mmdet - INFO - Epoch [4][6650/16221]	lr: 2.500e-03, eta: 20:43:20, time: 0.563, data_time: 0.004, memory: 5513, loss_rpn_cls: 0.0242, loss_rpn_bbox: 0.0180, loss_cls: 0.1111, acc: 96.1621, loss_bbox: 0.1286, loss: 0.2819
2025-11-19 09:10:38,409 - mmdet - INFO - Epoch [4][6700/16221]	lr: 2.500e-03, eta: 20:43:09, time: 0.662, data_time: 0.003, memory: 5513, loss_rpn_cls: 0.0157, loss_rpn_bbox: 0.0175, loss_cls: 0.0971, acc: 96.8145, loss_bbox: 0.1054, loss: 0.2357
2025-11-19 09:11:09,818 - mmdet - INFO - Epoch [4][6750/16221]	lr: 2.500e-03, eta: 20:42:54, time: 0.627, data_time: 0.004, memory: 5513, loss_rpn_cls: 0.0230, loss_rpn_bbox: 0.0188, loss_cls: 0.0977, acc: 96.7773, loss_bbox: 0.1057, loss: 0.2451
2025-11-19 09:12:37,578 - mmdet - INFO - Epoch [4][6800/16221]	lr: 2.500e-03, eta: 20:45:00, time: 1.756, data_time: 0.004, memory: 5513, loss_rpn_cls: 0.0173, loss_rpn_bbox: 0.0117, loss_cls: 0.0886, acc: 96.9785, loss_bbox: 0.1171, loss: 0.2348
2025-11-19 09:13:16,877 - mmdet - INFO - Epoch [4][6850/16221]	lr: 2.500e-03, eta: 20:45:05, time: 0.786, data_time: 0.006, memory: 5513, loss_rpn_cls: 0.0188, loss_rpn_bbox: 0.0192, loss_cls: 0.1022, acc: 96.5410, loss_bbox: 0.1234, loss: 0.2637
2025-11-19 09:13:40,633 - mmdet - INFO - Epoch [4][6900/16221]	lr: 2.500e-03, eta: 20:44:30, time: 0.475, data_time: 0.005, memory: 5513, loss_rpn_cls: 0.0199, loss_rpn_bbox: 0.0213, loss_cls: 0.1067, acc: 96.4609, loss_bbox: 0.1273, loss: 0.2752
2025-11-19 09:14:04,835 - mmdet - INFO - Epoch [4][6950/16221]	lr: 2.500e-03, eta: 20:43:57, time: 0.484, data_time: 0.006, memory: 5513, loss_rpn_cls: 0.0245, loss_rpn_bbox: 0.0215, loss_cls: 0.1125, acc: 95.9590, loss_bbox: 0.1476, loss: 0.3061
2025-11-19 09:14:29,496 - mmdet - INFO - Epoch [4][7000/16221]	lr: 2.500e-03, eta: 20:43:25, time: 0.493, data_time: 0.004, memory: 5513, loss_rpn_cls: 0.0186, loss_rpn_bbox: 0.0189, loss_cls: 0.1097, acc: 95.9492, loss_bbox: 0.1468, loss: 0.2939
2025-11-19 09:14:53,702 - mmdet - INFO - Epoch [4][7050/16221]	lr: 2.500e-03, eta: 20:42:51, time: 0.484, data_time: 0.004, memory: 5513, loss_rpn_cls: 0.0240, loss_rpn_bbox: 0.0235, loss_cls: 0.1153, acc: 96.1191, loss_bbox: 0.1389, loss: 0.3017
2025-11-19 09:15:18,095 - mmdet - INFO - Epoch [4][7100/16221]	lr: 2.500e-03, eta: 20:42:18, time: 0.488, data_time: 0.004, memory: 5513, loss_rpn_cls: 0.0174, loss_rpn_bbox: 0.0150, loss_cls: 0.1011, acc: 96.7109, loss_bbox: 0.1134, loss: 0.2470
2025-11-19 09:15:42,621 - mmdet - INFO - Epoch [4][7150/16221]	lr: 2.500e-03, eta: 20:41:46, time: 0.491, data_time: 0.004, memory: 5513, loss_rpn_cls: 0.0189, loss_rpn_bbox: 0.0140, loss_cls: 0.0977, acc: 96.6387, loss_bbox: 0.1164, loss: 0.2470
2025-11-19 09:16:07,293 - mmdet - INFO - Epoch [4][7200/16221]	lr: 2.500e-03, eta: 20:41:13, time: 0.493, data_time: 0.003, memory: 5513, loss_rpn_cls: 0.0181, loss_rpn_bbox: 0.0189, loss_cls: 0.1148, acc: 96.0098, loss_bbox: 0.1447, loss: 0.2965
2025-11-19 09:16:31,805 - mmdet - INFO - Epoch [4][7250/16221]	lr: 2.500e-03, eta: 20:40:41, time: 0.490, data_time: 0.003, memory: 5513, loss_rpn_cls: 0.0161, loss_rpn_bbox: 0.0202, loss_cls: 0.1054, acc: 96.2578, loss_bbox: 0.1373, loss: 0.2791
2025-11-19 09:16:56,419 - mmdet - INFO - Epoch [4][7300/16221]	lr: 2.500e-03, eta: 20:40:09, time: 0.492, data_time: 0.004, memory: 5513, loss_rpn_cls: 0.0168, loss_rpn_bbox: 0.0144, loss_cls: 0.0905, acc: 96.9082, loss_bbox: 0.1151, loss: 0.2368
2025-11-19 09:17:21,785 - mmdet - INFO - Epoch [4][7350/16221]	lr: 2.500e-03, eta: 20:39:38, time: 0.507, data_time: 0.005, memory: 5513, loss_rpn_cls: 0.0150, loss_rpn_bbox: 0.0142, loss_cls: 0.0872, acc: 97.0547, loss_bbox: 0.1060, loss: 0.2224
2025-11-19 09:17:50,966 - mmdet - INFO - Epoch [4][7400/16221]	lr: 2.500e-03, eta: 20:39:17, time: 0.584, data_time: 0.004, memory: 5513, loss_rpn_cls: 0.0151, loss_rpn_bbox: 0.0193, loss_cls: 0.1095, acc: 96.3652, loss_bbox: 0.1258, loss: 0.2697
2025-11-19 09:18:42,556 - mmdet - INFO - Epoch [4][7450/16221]	lr: 2.500e-03, eta: 20:39:51, time: 1.031, data_time: 0.005, memory: 5513, loss_rpn_cls: 0.0199, loss_rpn_bbox: 0.0195, loss_cls: 0.1014, acc: 96.4121, loss_bbox: 0.1253, loss: 0.2661
2025-11-19 09:19:49,288 - mmdet - INFO - Epoch [4][7500/16221]	lr: 2.500e-03, eta: 20:41:03, time: 1.335, data_time: 0.007, memory: 5513, loss_rpn_cls: 0.0113, loss_rpn_bbox: 0.0110, loss_cls: 0.0892, acc: 96.7129, loss_bbox: 0.1141, loss: 0.2257
2025-11-19 09:22:00,654 - mmdet - INFO - Epoch [4][7550/16221]	lr: 2.500e-03, eta: 20:44:53, time: 2.626, data_time: 0.006, memory: 5513, loss_rpn_cls: 0.0214, loss_rpn_bbox: 0.0163, loss_cls: 0.1075, acc: 96.4980, loss_bbox: 0.1235, loss: 0.2687
2025-11-19 09:23:05,157 - mmdet - INFO - Epoch [4][7600/16221]	lr: 2.500e-03, eta: 20:45:59, time: 1.291, data_time: 0.007, memory: 5513, loss_rpn_cls: 0.0269, loss_rpn_bbox: 0.0184, loss_cls: 0.1128, acc: 96.3691, loss_bbox: 0.1286, loss: 0.2867
2025-11-19 09:23:47,478 - mmdet - INFO - Epoch [4][7650/16221]	lr: 2.500e-03, eta: 20:46:09, time: 0.846, data_time: 0.006, memory: 5513, loss_rpn_cls: 0.0119, loss_rpn_bbox: 0.0159, loss_cls: 0.0940, acc: 96.7227, loss_bbox: 0.1120, loss: 0.2338
2025-11-19 09:24:29,843 - mmdet - INFO - Epoch [4][7700/16221]	lr: 2.500e-03, eta: 20:46:20, time: 0.848, data_time: 0.006, memory: 5513, loss_rpn_cls: 0.0204, loss_rpn_bbox: 0.0207, loss_cls: 0.0882, acc: 96.9922, loss_bbox: 0.0979, loss: 0.2271
2025-11-19 09:25:12,066 - mmdet - INFO - Epoch [4][7750/16221]	lr: 2.500e-03, eta: 20:46:30, time: 0.844, data_time: 0.006, memory: 5513, loss_rpn_cls: 0.0222, loss_rpn_bbox: 0.0260, loss_cls: 0.1010, acc: 96.5938, loss_bbox: 0.1208, loss: 0.2701
2025-11-19 09:25:54,779 - mmdet - INFO - Epoch [4][7800/16221]	lr: 2.500e-03, eta: 20:46:41, time: 0.854, data_time: 0.006, memory: 5513, loss_rpn_cls: 0.0436, loss_rpn_bbox: 0.0217, loss_cls: 0.1043, acc: 96.7520, loss_bbox: 0.1117, loss: 0.2813
2025-11-19 09:26:37,325 - mmdet - INFO - Epoch [4][7850/16221]	lr: 2.500e-03, eta: 20:46:52, time: 0.851, data_time: 0.006, memory: 5513, loss_rpn_cls: 0.0212, loss_rpn_bbox: 0.0156, loss_cls: 0.0874, acc: 97.1367, loss_bbox: 0.0984, loss: 0.2226
2025-11-19 09:27:20,182 - mmdet - INFO - Epoch [4][7900/16221]	lr: 2.500e-03, eta: 20:47:03, time: 0.856, data_time: 0.006, memory: 5513, loss_rpn_cls: 0.0256, loss_rpn_bbox: 0.0190, loss_cls: 0.0936, acc: 96.7051, loss_bbox: 0.1167, loss: 0.2549
2025-11-19 09:28:02,885 - mmdet - INFO - Epoch [4][7950/16221]	lr: 2.500e-03, eta: 20:47:14, time: 0.855, data_time: 0.007, memory: 5513, loss_rpn_cls: 0.0158, loss_rpn_bbox: 0.0223, loss_cls: 0.1017, acc: 96.3730, loss_bbox: 0.1178, loss: 0.2575
2025-11-19 09:28:47,208 - mmdet - INFO - Epoch [4][8000/16221]	lr: 2.500e-03, eta: 20:47:29, time: 0.887, data_time: 0.007, memory: 5513, loss_rpn_cls: 0.0162, loss_rpn_bbox: 0.0182, loss_cls: 0.0929, acc: 96.6133, loss_bbox: 0.1227, loss: 0.2500
2025-11-19 09:29:30,508 - mmdet - INFO - Epoch [4][8050/16221]	lr: 2.500e-03, eta: 20:47:41, time: 0.865, data_time: 0.006, memory: 5513, loss_rpn_cls: 0.0151, loss_rpn_bbox: 0.0187, loss_cls: 0.0928, acc: 96.6973, loss_bbox: 0.1158, loss: 0.2425
2025-11-19 09:30:06,616 - mmdet - INFO - Epoch [4][8100/16221]	lr: 2.500e-03, eta: 20:47:36, time: 0.724, data_time: 0.007, memory: 5513, loss_rpn_cls: 0.0170, loss_rpn_bbox: 0.0161, loss_cls: 0.1022, acc: 96.7246, loss_bbox: 0.1126, loss: 0.2478
2025-11-19 09:30:36,233 - mmdet - INFO - Epoch [4][8150/16221]	lr: 2.500e-03, eta: 20:47:15, time: 0.590, data_time: 0.005, memory: 5513, loss_rpn_cls: 0.0240, loss_rpn_bbox: 0.0229, loss_cls: 0.0998, acc: 96.5723, loss_bbox: 0.1197, loss: 0.2664
2025-11-19 09:31:26,408 - mmdet - INFO - Epoch [4][8200/16221]	lr: 2.500e-03, eta: 20:47:44, time: 1.006, data_time: 0.009, memory: 5513, loss_rpn_cls: 0.0202, loss_rpn_bbox: 0.0237, loss_cls: 0.0973, acc: 96.6934, loss_bbox: 0.1159, loss: 0.2572
2025-11-19 09:32:15,864 - mmdet - INFO - Epoch [4][8250/16221]	lr: 2.500e-03, eta: 20:48:11, time: 0.989, data_time: 0.006, memory: 5513, loss_rpn_cls: 0.0204, loss_rpn_bbox: 0.0170, loss_cls: 0.1071, acc: 96.5332, loss_bbox: 0.1241, loss: 0.2685
2025-11-19 09:32:47,366 - mmdet - INFO - Epoch [4][8300/16221]	lr: 2.500e-03, eta: 20:47:54, time: 0.628, data_time: 0.006, memory: 5513, loss_rpn_cls: 0.0155, loss_rpn_bbox: 0.0151, loss_cls: 0.1124, acc: 96.0879, loss_bbox: 0.1418, loss: 0.2849
2025-11-19 09:33:43,168 - mmdet - INFO - Epoch [4][8350/16221]	lr: 2.500e-03, eta: 20:48:36, time: 1.117, data_time: 0.008, memory: 5513, loss_rpn_cls: 0.0115, loss_rpn_bbox: 0.0138, loss_cls: 0.0988, acc: 96.7266, loss_bbox: 0.1082, loss: 0.2323
2025-11-19 09:35:46,151 - mmdet - INFO - Epoch [4][8400/16221]	lr: 2.500e-03, eta: 20:51:59, time: 2.454, data_time: 0.007, memory: 5513, loss_rpn_cls: 0.0167, loss_rpn_bbox: 0.0192, loss_cls: 0.1192, acc: 96.1855, loss_bbox: 0.1366, loss: 0.2917
2025-11-19 09:36:56,243 - mmdet - INFO - Epoch [4][8450/16221]	lr: 2.500e-03, eta: 20:53:15, time: 1.404, data_time: 0.012, memory: 5513, loss_rpn_cls: 0.0247, loss_rpn_bbox: 0.0204, loss_cls: 0.1042, acc: 96.2812, loss_bbox: 0.1208, loss: 0.2700
2025-11-19 09:37:30,501 - mmdet - INFO - Epoch [4][8500/16221]	lr: 2.500e-03, eta: 20:53:04, time: 0.689, data_time: 0.010, memory: 5513, loss_rpn_cls: 0.0171, loss_rpn_bbox: 0.0162, loss_cls: 0.1078, acc: 96.2051, loss_bbox: 0.1363, loss: 0.2773
2025-11-19 09:38:26,636 - mmdet - INFO - Epoch [4][8550/16221]	lr: 2.500e-03, eta: 20:53:46, time: 1.123, data_time: 0.005, memory: 5513, loss_rpn_cls: 0.0177, loss_rpn_bbox: 0.0156, loss_cls: 0.0945, acc: 96.6133, loss_bbox: 0.1171, loss: 0.2448
2025-11-19 09:39:15,898 - mmdet - INFO - Epoch [4][8600/16221]	lr: 2.500e-03, eta: 20:54:11, time: 0.981, data_time: 0.006, memory: 5513, loss_rpn_cls: 0.0198, loss_rpn_bbox: 0.0218, loss_cls: 0.1130, acc: 95.7910, loss_bbox: 0.1472, loss: 0.3019
2025-11-19 09:39:50,707 - mmdet - INFO - Epoch [4][8650/16221]	lr: 2.500e-03, eta: 20:54:02, time: 0.700, data_time: 0.008, memory: 5513, loss_rpn_cls: 0.0144, loss_rpn_bbox: 0.0180, loss_cls: 0.1174, acc: 95.8555, loss_bbox: 0.1424, loss: 0.2922
2025-11-19 09:40:56,042 - mmdet - INFO - Epoch [4][8700/16221]	lr: 2.500e-03, eta: 20:55:05, time: 1.306, data_time: 0.006, memory: 5513, loss_rpn_cls: 0.0176, loss_rpn_bbox: 0.0198, loss_cls: 0.1029, acc: 96.4004, loss_bbox: 0.1248, loss: 0.2651
2025-11-19 09:41:49,368 - mmdet - INFO - Epoch [4][8750/16221]	lr: 2.500e-03, eta: 20:55:39, time: 1.061, data_time: 0.007, memory: 5513, loss_rpn_cls: 0.0137, loss_rpn_bbox: 0.0182, loss_cls: 0.1061, acc: 96.4551, loss_bbox: 0.1254, loss: 0.2633
2025-11-19 09:43:00,501 - mmdet - INFO - Epoch [4][8800/16221]	lr: 2.500e-03, eta: 20:56:56, time: 1.427, data_time: 0.013, memory: 5513, loss_rpn_cls: 0.0265, loss_rpn_bbox: 0.0235, loss_cls: 0.1136, acc: 96.0527, loss_bbox: 0.1401, loss: 0.3037
2025-11-19 09:44:21,438 - mmdet - INFO - Epoch [4][8850/16221]	lr: 2.500e-03, eta: 20:58:36, time: 1.621, data_time: 0.009, memory: 5513, loss_rpn_cls: 0.0180, loss_rpn_bbox: 0.0185, loss_cls: 0.1077, acc: 96.1738, loss_bbox: 0.1278, loss: 0.2721
2025-11-19 09:44:51,362 - mmdet - INFO - Epoch [4][8900/16221]	lr: 2.500e-03, eta: 20:58:15, time: 0.599, data_time: 0.006, memory: 5513, loss_rpn_cls: 0.0183, loss_rpn_bbox: 0.0184, loss_cls: 0.0937, acc: 96.6523, loss_bbox: 0.1295, loss: 0.2598
2025-11-19 09:45:25,652 - mmdet - INFO - Epoch [4][8950/16221]	lr: 2.500e-03, eta: 20:58:03, time: 0.686, data_time: 0.006, memory: 5513, loss_rpn_cls: 0.0230, loss_rpn_bbox: 0.0212, loss_cls: 0.1036, acc: 96.3711, loss_bbox: 0.1251, loss: 0.2729
2025-11-19 09:46:00,075 - mmdet - INFO - Epoch [4][9000/16221]	lr: 2.500e-03, eta: 20:57:52, time: 0.687, data_time: 0.006, memory: 5513, loss_rpn_cls: 0.0171, loss_rpn_bbox: 0.0187, loss_cls: 0.1125, acc: 96.1602, loss_bbox: 0.1329, loss: 0.2811
2025-11-19 09:47:14,330 - mmdet - INFO - Epoch [4][9050/16221]	lr: 2.500e-03, eta: 20:59:15, time: 1.484, data_time: 0.008, memory: 5513, loss_rpn_cls: 0.0136, loss_rpn_bbox: 0.0146, loss_cls: 0.0912, acc: 96.7324, loss_bbox: 0.1160, loss: 0.2354
2025-11-19 09:48:12,770 - mmdet - INFO - Epoch [4][9100/16221]	lr: 2.500e-03, eta: 21:00:01, time: 1.170, data_time: 0.009, memory: 5513, loss_rpn_cls: 0.0179, loss_rpn_bbox: 0.0159, loss_cls: 0.1075, acc: 96.6074, loss_bbox: 0.1149, loss: 0.2562
2025-11-19 09:49:02,607 - mmdet - INFO - Epoch [4][9150/16221]	lr: 2.500e-03, eta: 21:00:26, time: 0.998, data_time: 0.007, memory: 5513, loss_rpn_cls: 0.0178, loss_rpn_bbox: 0.0153, loss_cls: 0.1019, acc: 96.3145, loss_bbox: 0.1259, loss: 0.2609
2025-11-19 09:49:32,712 - mmdet - INFO - Epoch [4][9200/16221]	lr: 2.500e-03, eta: 21:00:04, time: 0.602, data_time: 0.006, memory: 5513, loss_rpn_cls: 0.0181, loss_rpn_bbox: 0.0191, loss_cls: 0.1005, acc: 96.6172, loss_bbox: 0.1282, loss: 0.2660
2025-11-19 09:50:03,893 - mmdet - INFO - Epoch [4][9250/16221]	lr: 2.500e-03, eta: 20:59:45, time: 0.624, data_time: 0.005, memory: 5513, loss_rpn_cls: 0.0221, loss_rpn_bbox: 0.0205, loss_cls: 0.1022, acc: 96.6328, loss_bbox: 0.1272, loss: 0.2720
2025-11-19 09:51:08,224 - mmdet - INFO - Epoch [4][9300/16221]	lr: 2.500e-03, eta: 21:00:44, time: 1.286, data_time: 0.006, memory: 5513, loss_rpn_cls: 0.0178, loss_rpn_bbox: 0.0197, loss_cls: 0.1021, acc: 96.4824, loss_bbox: 0.1265, loss: 0.2662
2025-11-19 09:52:00,939 - mmdet - INFO - Epoch [4][9350/16221]	lr: 2.500e-03, eta: 21:01:15, time: 1.054, data_time: 0.007, memory: 5513, loss_rpn_cls: 0.0160, loss_rpn_bbox: 0.0188, loss_cls: 0.0840, acc: 97.1465, loss_bbox: 0.0962, loss: 0.2150
2025-11-19 09:52:33,773 - mmdet - INFO - Epoch [4][9400/16221]	lr: 2.500e-03, eta: 21:00:59, time: 0.658, data_time: 0.008, memory: 5513, loss_rpn_cls: 0.0190, loss_rpn_bbox: 0.0150, loss_cls: 0.1158, acc: 96.0742, loss_bbox: 0.1270, loss: 0.2768
2025-11-19 09:53:24,160 - mmdet - INFO - Epoch [4][9450/16221]	lr: 2.500e-03, eta: 21:01:25, time: 1.008, data_time: 0.006, memory: 5513, loss_rpn_cls: 0.0160, loss_rpn_bbox: 0.0212, loss_cls: 0.0933, acc: 96.8945, loss_bbox: 0.1156, loss: 0.2461
2025-11-19 09:54:11,259 - mmdet - INFO - Epoch [4][9500/16221]	lr: 2.500e-03, eta: 21:01:43, time: 0.942, data_time: 0.006, memory: 5513, loss_rpn_cls: 0.0191, loss_rpn_bbox: 0.0129, loss_cls: 0.1004, acc: 96.7441, loss_bbox: 0.1100, loss: 0.2425
2025-11-19 09:54:50,463 - mmdet - INFO - Epoch [4][9550/16221]	lr: 2.500e-03, eta: 21:01:42, time: 0.784, data_time: 0.006, memory: 5513, loss_rpn_cls: 0.0167, loss_rpn_bbox: 0.0163, loss_cls: 0.0855, acc: 96.9844, loss_bbox: 0.1058, loss: 0.2243
2025-11-19 09:55:19,812 - mmdet - INFO - Epoch [4][9600/16221]	lr: 2.500e-03, eta: 21:01:18, time: 0.587, data_time: 0.004, memory: 5513, loss_rpn_cls: 0.0203, loss_rpn_bbox: 0.0160, loss_cls: 0.1042, acc: 96.6602, loss_bbox: 0.1145, loss: 0.2549
2025-11-19 09:55:46,645 - mmdet - INFO - Epoch [4][9650/16221]	lr: 2.500e-03, eta: 21:00:48, time: 0.537, data_time: 0.004, memory: 5513, loss_rpn_cls: 0.0153, loss_rpn_bbox: 0.0199, loss_cls: 0.0823, acc: 97.0039, loss_bbox: 0.1026, loss: 0.2202
2025-11-19 09:58:29,223 - mmdet - INFO - Epoch [4][9700/16221]	lr: 2.500e-03, eta: 21:05:35, time: 3.251, data_time: 0.006, memory: 5513, loss_rpn_cls: 0.0200, loss_rpn_bbox: 0.0183, loss_cls: 0.1038, acc: 96.5645, loss_bbox: 0.1253, loss: 0.2674
2025-11-19 10:00:38,705 - mmdet - INFO - Epoch [4][9750/16221]	lr: 2.500e-03, eta: 21:09:04, time: 2.589, data_time: 0.006, memory: 5513, loss_rpn_cls: 0.0213, loss_rpn_bbox: 0.0229, loss_cls: 0.1265, acc: 95.7402, loss_bbox: 0.1454, loss: 0.3160
2025-11-19 10:01:18,229 - mmdet - INFO - Epoch [4][9800/16221]	lr: 2.500e-03, eta: 21:09:03, time: 0.790, data_time: 0.006, memory: 5513, loss_rpn_cls: 0.0168, loss_rpn_bbox: 0.0158, loss_cls: 0.0866, acc: 97.1738, loss_bbox: 0.1048, loss: 0.2240
2025-11-19 10:01:56,780 - mmdet - INFO - Epoch [4][9850/16221]	lr: 2.500e-03, eta: 21:09:00, time: 0.772, data_time: 0.006, memory: 5513, loss_rpn_cls: 0.0131, loss_rpn_bbox: 0.0146, loss_cls: 0.0957, acc: 96.6855, loss_bbox: 0.1177, loss: 0.2411
2025-11-19 10:02:22,377 - mmdet - INFO - Epoch [4][9900/16221]	lr: 2.500e-03, eta: 21:08:27, time: 0.512, data_time: 0.005, memory: 5513, loss_rpn_cls: 0.0194, loss_rpn_bbox: 0.0208, loss_cls: 0.1107, acc: 96.0723, loss_bbox: 0.1433, loss: 0.2942
2025-11-19 10:02:47,060 - mmdet - INFO - Epoch [4][9950/16221]	lr: 2.500e-03, eta: 21:07:51, time: 0.494, data_time: 0.005, memory: 5513, loss_rpn_cls: 0.0228, loss_rpn_bbox: 0.0164, loss_cls: 0.1031, acc: 96.4883, loss_bbox: 0.1272, loss: 0.2695
2025-11-19 10:03:12,325 - mmdet - INFO - Epoch [4][10000/16221]	lr: 2.500e-03, eta: 21:07:17, time: 0.505, data_time: 0.005, memory: 5513, loss_rpn_cls: 0.0196, loss_rpn_bbox: 0.0244, loss_cls: 0.0820, acc: 97.2031, loss_bbox: 0.0997, loss: 0.2257
2025-11-19 10:03:37,482 - mmdet - INFO - Epoch [4][10050/16221]	lr: 2.500e-03, eta: 21:06:42, time: 0.503, data_time: 0.005, memory: 5513, loss_rpn_cls: 0.0180, loss_rpn_bbox: 0.0147, loss_cls: 0.0920, acc: 96.7344, loss_bbox: 0.1216, loss: 0.2462
2025-11-19 10:04:02,431 - mmdet - INFO - Epoch [4][10100/16221]	lr: 2.500e-03, eta: 21:06:07, time: 0.499, data_time: 0.005, memory: 5513, loss_rpn_cls: 0.0169, loss_rpn_bbox: 0.0176, loss_cls: 0.1017, acc: 96.4805, loss_bbox: 0.1310, loss: 0.2672
2025-11-19 10:04:27,390 - mmdet - INFO - Epoch [4][10150/16221]	lr: 2.500e-03, eta: 21:05:33, time: 0.499, data_time: 0.005, memory: 5513, loss_rpn_cls: 0.0210, loss_rpn_bbox: 0.0198, loss_cls: 0.1042, acc: 96.4258, loss_bbox: 0.1280, loss: 0.2730
2025-11-19 10:04:52,327 - mmdet - INFO - Epoch [4][10200/16221]	lr: 2.500e-03, eta: 21:04:58, time: 0.499, data_time: 0.005, memory: 5513, loss_rpn_cls: 0.0234, loss_rpn_bbox: 0.0177, loss_cls: 0.1144, acc: 95.8477, loss_bbox: 0.1395, loss: 0.2949
2025-11-19 10:05:17,302 - mmdet - INFO - Epoch [4][10250/16221]	lr: 2.500e-03, eta: 21:04:23, time: 0.499, data_time: 0.005, memory: 5513, loss_rpn_cls: 0.0218, loss_rpn_bbox: 0.0203, loss_cls: 0.1087, acc: 96.4160, loss_bbox: 0.1213, loss: 0.2721
2025-11-19 10:05:42,403 - mmdet - INFO - Epoch [4][10300/16221]	lr: 2.500e-03, eta: 21:03:48, time: 0.502, data_time: 0.005, memory: 5513, loss_rpn_cls: 0.0209, loss_rpn_bbox: 0.0179, loss_cls: 0.0917, acc: 96.8164, loss_bbox: 0.1173, loss: 0.2478
2025-11-19 10:06:07,301 - mmdet - INFO - Epoch [4][10350/16221]	lr: 2.500e-03, eta: 21:03:13, time: 0.498, data_time: 0.005, memory: 5513, loss_rpn_cls: 0.0136, loss_rpn_bbox: 0.0135, loss_cls: 0.0796, acc: 97.3672, loss_bbox: 0.1009, loss: 0.2075
2025-11-19 10:06:31,984 - mmdet - INFO - Epoch [4][10400/16221]	lr: 2.500e-03, eta: 21:02:38, time: 0.494, data_time: 0.005, memory: 5513, loss_rpn_cls: 0.0225, loss_rpn_bbox: 0.0212, loss_cls: 0.1055, acc: 96.2715, loss_bbox: 0.1314, loss: 0.2806
2025-11-19 10:06:57,225 - mmdet - INFO - Epoch [4][10450/16221]	lr: 2.500e-03, eta: 21:02:04, time: 0.505, data_time: 0.005, memory: 5513, loss_rpn_cls: 0.0197, loss_rpn_bbox: 0.0184, loss_cls: 0.1052, acc: 96.5781, loss_bbox: 0.1262, loss: 0.2696
2025-11-19 10:07:22,173 - mmdet - INFO - Epoch [4][10500/16221]	lr: 2.500e-03, eta: 21:01:29, time: 0.499, data_time: 0.005, memory: 5513, loss_rpn_cls: 0.0176, loss_rpn_bbox: 0.0169, loss_cls: 0.1024, acc: 96.6680, loss_bbox: 0.1235, loss: 0.2604
2025-11-19 10:07:46,421 - mmdet - INFO - Epoch [4][10550/16221]	lr: 2.500e-03, eta: 21:00:53, time: 0.485, data_time: 0.005, memory: 5513, loss_rpn_cls: 0.0157, loss_rpn_bbox: 0.0182, loss_cls: 0.0767, acc: 97.3711, loss_bbox: 0.0942, loss: 0.2049
2025-11-19 10:08:11,261 - mmdet - INFO - Epoch [4][10600/16221]	lr: 2.500e-03, eta: 21:00:18, time: 0.497, data_time: 0.005, memory: 5513, loss_rpn_cls: 0.0099, loss_rpn_bbox: 0.0129, loss_cls: 0.0786, acc: 97.0801, loss_bbox: 0.1031, loss: 0.2044
2025-11-19 10:08:36,386 - mmdet - INFO - Epoch [4][10650/16221]	lr: 2.500e-03, eta: 20:59:44, time: 0.502, data_time: 0.004, memory: 5513, loss_rpn_cls: 0.0157, loss_rpn_bbox: 0.0147, loss_cls: 0.0926, acc: 96.8145, loss_bbox: 0.1197, loss: 0.2429
2025-11-19 10:09:01,454 - mmdet - INFO - Epoch [4][10700/16221]	lr: 2.500e-03, eta: 20:59:09, time: 0.501, data_time: 0.004, memory: 5513, loss_rpn_cls: 0.0196, loss_rpn_bbox: 0.0167, loss_cls: 0.1334, acc: 95.2871, loss_bbox: 0.1526, loss: 0.3223
2025-11-19 10:09:26,377 - mmdet - INFO - Epoch [4][10750/16221]	lr: 2.500e-03, eta: 20:58:34, time: 0.498, data_time: 0.004, memory: 5513, loss_rpn_cls: 0.0205, loss_rpn_bbox: 0.0218, loss_cls: 0.1218, acc: 95.7031, loss_bbox: 0.1452, loss: 0.3092
2025-11-19 10:09:51,186 - mmdet - INFO - Epoch [4][10800/16221]	lr: 2.500e-03, eta: 20:57:59, time: 0.497, data_time: 0.003, memory: 5513, loss_rpn_cls: 0.0190, loss_rpn_bbox: 0.0208, loss_cls: 0.1041, acc: 96.3418, loss_bbox: 0.1289, loss: 0.2727
2025-11-19 10:10:16,378 - mmdet - INFO - Epoch [4][10850/16221]	lr: 2.500e-03, eta: 20:57:25, time: 0.504, data_time: 0.001, memory: 5513, loss_rpn_cls: 0.0160, loss_rpn_bbox: 0.0203, loss_cls: 0.1108, acc: 96.2871, loss_bbox: 0.1251, loss: 0.2721
2025-11-19 10:10:41,342 - mmdet - INFO - Epoch [4][10900/16221]	lr: 2.500e-03, eta: 20:56:51, time: 0.499, data_time: 0.004, memory: 5513, loss_rpn_cls: 0.0221, loss_rpn_bbox: 0.0171, loss_cls: 0.0906, acc: 97.0195, loss_bbox: 0.1083, loss: 0.2381
2025-11-19 10:11:06,594 - mmdet - INFO - Epoch [4][10950/16221]	lr: 2.500e-03, eta: 20:56:17, time: 0.505, data_time: 0.003, memory: 5513, loss_rpn_cls: 0.0150, loss_rpn_bbox: 0.0184, loss_cls: 0.1016, acc: 96.3652, loss_bbox: 0.1347, loss: 0.2697
2025-11-19 10:11:31,428 - mmdet - INFO - Epoch [4][11000/16221]	lr: 2.500e-03, eta: 20:55:42, time: 0.497, data_time: 0.004, memory: 5513, loss_rpn_cls: 0.0269, loss_rpn_bbox: 0.0193, loss_cls: 0.1134, acc: 96.3164, loss_bbox: 0.1287, loss: 0.2882
2025-11-19 10:11:56,215 - mmdet - INFO - Epoch [4][11050/16221]	lr: 2.500e-03, eta: 20:55:07, time: 0.496, data_time: 0.005, memory: 5513, loss_rpn_cls: 0.0189, loss_rpn_bbox: 0.0214, loss_cls: 0.1196, acc: 95.9062, loss_bbox: 0.1373, loss: 0.2972
2025-11-19 10:12:21,271 - mmdet - INFO - Epoch [4][11100/16221]	lr: 2.500e-03, eta: 20:54:33, time: 0.501, data_time: 0.005, memory: 5513, loss_rpn_cls: 0.0221, loss_rpn_bbox: 0.0167, loss_cls: 0.1057, acc: 96.4824, loss_bbox: 0.1295, loss: 0.2739
2025-11-19 10:12:46,351 - mmdet - INFO - Epoch [4][11150/16221]	lr: 2.500e-03, eta: 20:53:58, time: 0.502, data_time: 0.005, memory: 5513, loss_rpn_cls: 0.0198, loss_rpn_bbox: 0.0174, loss_cls: 0.0918, acc: 96.8652, loss_bbox: 0.1161, loss: 0.2451
2025-11-19 10:13:11,257 - mmdet - INFO - Epoch [4][11200/16221]	lr: 2.500e-03, eta: 20:53:24, time: 0.498, data_time: 0.004, memory: 5513, loss_rpn_cls: 0.0202, loss_rpn_bbox: 0.0168, loss_cls: 0.0970, acc: 96.6641, loss_bbox: 0.1222, loss: 0.2562
2025-11-19 10:13:36,099 - mmdet - INFO - Epoch [4][11250/16221]	lr: 2.500e-03, eta: 20:52:49, time: 0.497, data_time: 0.005, memory: 5513, loss_rpn_cls: 0.0178, loss_rpn_bbox: 0.0180, loss_cls: 0.1073, acc: 96.2988, loss_bbox: 0.1321, loss: 0.2752
2025-11-19 10:14:01,022 - mmdet - INFO - Epoch [4][11300/16221]	lr: 2.500e-03, eta: 20:52:14, time: 0.499, data_time: 0.005, memory: 5513, loss_rpn_cls: 0.0148, loss_rpn_bbox: 0.0216, loss_cls: 0.0947, acc: 96.5566, loss_bbox: 0.1268, loss: 0.2580
2025-11-19 10:14:25,836 - mmdet - INFO - Epoch [4][11350/16221]	lr: 2.500e-03, eta: 20:51:39, time: 0.496, data_time: 0.005, memory: 5513, loss_rpn_cls: 0.0259, loss_rpn_bbox: 0.0212, loss_cls: 0.1157, acc: 96.0195, loss_bbox: 0.1385, loss: 0.3013
2025-11-19 10:14:50,543 - mmdet - INFO - Epoch [4][11400/16221]	lr: 2.500e-03, eta: 20:51:04, time: 0.494, data_time: 0.005, memory: 5513, loss_rpn_cls: 0.0166, loss_rpn_bbox: 0.0167, loss_cls: 0.0974, acc: 96.8301, loss_bbox: 0.1097, loss: 0.2403
2025-11-19 10:15:15,284 - mmdet - INFO - Epoch [4][11450/16221]	lr: 2.500e-03, eta: 20:50:30, time: 0.495, data_time: 0.005, memory: 5513, loss_rpn_cls: 0.0154, loss_rpn_bbox: 0.0156, loss_cls: 0.0795, acc: 97.1562, loss_bbox: 0.1026, loss: 0.2131
2025-11-19 10:15:39,972 - mmdet - INFO - Epoch [4][11500/16221]	lr: 2.500e-03, eta: 20:49:55, time: 0.494, data_time: 0.004, memory: 5513, loss_rpn_cls: 0.0153, loss_rpn_bbox: 0.0187, loss_cls: 0.0838, acc: 96.9648, loss_bbox: 0.1088, loss: 0.2266
2025-11-19 10:16:04,786 - mmdet - INFO - Epoch [4][11550/16221]	lr: 2.500e-03, eta: 20:49:20, time: 0.496, data_time: 0.003, memory: 5513, loss_rpn_cls: 0.0161, loss_rpn_bbox: 0.0178, loss_cls: 0.0849, acc: 97.3027, loss_bbox: 0.1024, loss: 0.2212
2025-11-19 10:16:30,179 - mmdet - INFO - Epoch [4][11600/16221]	lr: 2.500e-03, eta: 20:48:46, time: 0.508, data_time: 0.003, memory: 5513, loss_rpn_cls: 0.0167, loss_rpn_bbox: 0.0193, loss_cls: 0.1009, acc: 96.4668, loss_bbox: 0.1262, loss: 0.2631
2025-11-19 10:16:55,375 - mmdet - INFO - Epoch [4][11650/16221]	lr: 2.500e-03, eta: 20:48:13, time: 0.504, data_time: 0.004, memory: 5513, loss_rpn_cls: 0.0201, loss_rpn_bbox: 0.0221, loss_cls: 0.1034, acc: 96.3066, loss_bbox: 0.1247, loss: 0.2703
2025-11-19 10:17:20,797 - mmdet - INFO - Epoch [4][11700/16221]	lr: 2.500e-03, eta: 20:47:39, time: 0.508, data_time: 0.004, memory: 5513, loss_rpn_cls: 0.0206, loss_rpn_bbox: 0.0193, loss_cls: 0.1099, acc: 96.1914, loss_bbox: 0.1344, loss: 0.2841
2025-11-19 10:17:45,797 - mmdet - INFO - Epoch [4][11750/16221]	lr: 2.500e-03, eta: 20:47:05, time: 0.500, data_time: 0.004, memory: 5513, loss_rpn_cls: 0.0240, loss_rpn_bbox: 0.0184, loss_cls: 0.0993, acc: 96.5391, loss_bbox: 0.1167, loss: 0.2584
2025-11-19 10:18:11,025 - mmdet - INFO - Epoch [4][11800/16221]	lr: 2.500e-03, eta: 20:46:31, time: 0.505, data_time: 0.004, memory: 5513, loss_rpn_cls: 0.0200, loss_rpn_bbox: 0.0207, loss_cls: 0.0988, acc: 96.5645, loss_bbox: 0.1181, loss: 0.2576
2025-11-19 10:18:35,673 - mmdet - INFO - Epoch [4][11850/16221]	lr: 2.500e-03, eta: 20:45:56, time: 0.492, data_time: 0.003, memory: 5513, loss_rpn_cls: 0.0253, loss_rpn_bbox: 0.0230, loss_cls: 0.1115, acc: 95.9961, loss_bbox: 0.1429, loss: 0.3027
2025-11-19 10:19:00,801 - mmdet - INFO - Epoch [4][11900/16221]	lr: 2.500e-03, eta: 20:45:22, time: 0.503, data_time: 0.004, memory: 5513, loss_rpn_cls: 0.0182, loss_rpn_bbox: 0.0172, loss_cls: 0.0930, acc: 96.6914, loss_bbox: 0.1232, loss: 0.2516
2025-11-19 10:19:25,719 - mmdet - INFO - Epoch [4][11950/16221]	lr: 2.500e-03, eta: 20:44:48, time: 0.498, data_time: 0.003, memory: 5513, loss_rpn_cls: 0.0177, loss_rpn_bbox: 0.0167, loss_cls: 0.1023, acc: 96.4727, loss_bbox: 0.1190, loss: 0.2557
2025-11-19 10:19:50,893 - mmdet - INFO - Epoch [4][12000/16221]	lr: 2.500e-03, eta: 20:44:14, time: 0.503, data_time: 0.004, memory: 5513, loss_rpn_cls: 0.0127, loss_rpn_bbox: 0.0157, loss_cls: 0.0907, acc: 96.9746, loss_bbox: 0.1103, loss: 0.2294
2025-11-19 10:20:15,862 - mmdet - INFO - Epoch [4][12050/16221]	lr: 2.500e-03, eta: 20:43:40, time: 0.499, data_time: 0.004, memory: 5513, loss_rpn_cls: 0.0171, loss_rpn_bbox: 0.0171, loss_cls: 0.0926, acc: 97.0195, loss_bbox: 0.1078, loss: 0.2346
2025-11-19 10:20:40,887 - mmdet - INFO - Epoch [4][12100/16221]	lr: 2.500e-03, eta: 20:43:06, time: 0.500, data_time: 0.004, memory: 5513, loss_rpn_cls: 0.0151, loss_rpn_bbox: 0.0174, loss_cls: 0.0986, acc: 96.5156, loss_bbox: 0.1251, loss: 0.2561
2025-11-19 10:21:05,670 - mmdet - INFO - Epoch [4][12150/16221]	lr: 2.500e-03, eta: 20:42:31, time: 0.496, data_time: 0.004, memory: 5513, loss_rpn_cls: 0.0170, loss_rpn_bbox: 0.0173, loss_cls: 0.1012, acc: 96.3691, loss_bbox: 0.1320, loss: 0.2675
2025-11-19 10:21:30,373 - mmdet - INFO - Epoch [4][12200/16221]	lr: 2.500e-03, eta: 20:41:56, time: 0.494, data_time: 0.005, memory: 5513, loss_rpn_cls: 0.0136, loss_rpn_bbox: 0.0184, loss_cls: 0.0857, acc: 97.2305, loss_bbox: 0.1034, loss: 0.2211
2025-11-19 10:21:55,309 - mmdet - INFO - Epoch [4][12250/16221]	lr: 2.500e-03, eta: 20:41:22, time: 0.499, data_time: 0.004, memory: 5513, loss_rpn_cls: 0.0168, loss_rpn_bbox: 0.0216, loss_cls: 0.1119, acc: 95.7402, loss_bbox: 0.1460, loss: 0.2963
2025-11-19 10:22:20,103 - mmdet - INFO - Epoch [4][12300/16221]	lr: 2.500e-03, eta: 20:40:48, time: 0.496, data_time: 0.004, memory: 5513, loss_rpn_cls: 0.0159, loss_rpn_bbox: 0.0175, loss_cls: 0.0879, acc: 96.9316, loss_bbox: 0.1094, loss: 0.2307
2025-11-19 10:22:45,478 - mmdet - INFO - Epoch [4][12350/16221]	lr: 2.500e-03, eta: 20:40:14, time: 0.507, data_time: 0.004, memory: 5513, loss_rpn_cls: 0.0221, loss_rpn_bbox: 0.0210, loss_cls: 0.1131, acc: 95.9414, loss_bbox: 0.1298, loss: 0.2860
2025-11-19 10:23:09,883 - mmdet - INFO - Epoch [4][12400/16221]	lr: 2.500e-03, eta: 20:39:39, time: 0.488, data_time: 0.004, memory: 5513, loss_rpn_cls: 0.0163, loss_rpn_bbox: 0.0181, loss_cls: 0.0909, acc: 96.8926, loss_bbox: 0.1070, loss: 0.2322
2025-11-19 10:23:34,385 - mmdet - INFO - Epoch [4][12450/16221]	lr: 2.500e-03, eta: 20:39:04, time: 0.490, data_time: 0.004, memory: 5513, loss_rpn_cls: 0.0171, loss_rpn_bbox: 0.0132, loss_cls: 0.0829, acc: 97.1543, loss_bbox: 0.0995, loss: 0.2126
2025-11-19 10:23:59,105 - mmdet - INFO - Epoch [4][12500/16221]	lr: 2.500e-03, eta: 20:38:29, time: 0.494, data_time: 0.003, memory: 5513, loss_rpn_cls: 0.0156, loss_rpn_bbox: 0.0155, loss_cls: 0.0856, acc: 96.9961, loss_bbox: 0.1101, loss: 0.2268
2025-11-19 10:24:24,277 - mmdet - INFO - Epoch [4][12550/16221]	lr: 2.500e-03, eta: 20:37:56, time: 0.503, data_time: 0.004, memory: 5513, loss_rpn_cls: 0.0106, loss_rpn_bbox: 0.0141, loss_cls: 0.0809, acc: 97.2988, loss_bbox: 0.0920, loss: 0.1975
2025-11-19 10:24:49,094 - mmdet - INFO - Epoch [4][12600/16221]	lr: 2.500e-03, eta: 20:37:21, time: 0.497, data_time: 0.004, memory: 5513, loss_rpn_cls: 0.0178, loss_rpn_bbox: 0.0205, loss_cls: 0.0975, acc: 96.6465, loss_bbox: 0.1297, loss: 0.2655
2025-11-19 10:25:14,134 - mmdet - INFO - Epoch [4][12650/16221]	lr: 2.500e-03, eta: 20:36:47, time: 0.500, data_time: 0.003, memory: 5513, loss_rpn_cls: 0.0158, loss_rpn_bbox: 0.0207, loss_cls: 0.0972, acc: 96.8750, loss_bbox: 0.1062, loss: 0.2399
2025-11-19 10:25:39,111 - mmdet - INFO - Epoch [4][12700/16221]	lr: 2.500e-03, eta: 20:36:13, time: 0.500, data_time: 0.005, memory: 5513, loss_rpn_cls: 0.0233, loss_rpn_bbox: 0.0207, loss_cls: 0.1236, acc: 95.9941, loss_bbox: 0.1429, loss: 0.3105
2025-11-19 10:26:04,234 - mmdet - INFO - Epoch [4][12750/16221]	lr: 2.500e-03, eta: 20:35:40, time: 0.502, data_time: 0.004, memory: 5513, loss_rpn_cls: 0.0212, loss_rpn_bbox: 0.0229, loss_cls: 0.1095, acc: 96.2285, loss_bbox: 0.1292, loss: 0.2828
2025-11-19 10:26:29,559 - mmdet - INFO - Epoch [4][12800/16221]	lr: 2.500e-03, eta: 20:35:06, time: 0.507, data_time: 0.004, memory: 5513, loss_rpn_cls: 0.0205, loss_rpn_bbox: 0.0183, loss_cls: 0.1068, acc: 96.5410, loss_bbox: 0.1176, loss: 0.2632
2025-11-19 10:26:54,349 - mmdet - INFO - Epoch [4][12850/16221]	lr: 2.500e-03, eta: 20:34:32, time: 0.496, data_time: 0.004, memory: 5513, loss_rpn_cls: 0.0173, loss_rpn_bbox: 0.0185, loss_cls: 0.1031, acc: 96.1562, loss_bbox: 0.1430, loss: 0.2819
2025-11-19 10:27:19,324 - mmdet - INFO - Epoch [4][12900/16221]	lr: 2.500e-03, eta: 20:33:58, time: 0.499, data_time: 0.004, memory: 5513, loss_rpn_cls: 0.0164, loss_rpn_bbox: 0.0163, loss_cls: 0.0875, acc: 96.9648, loss_bbox: 0.1059, loss: 0.2261
2025-11-19 10:27:44,132 - mmdet - INFO - Epoch [4][12950/16221]	lr: 2.500e-03, eta: 20:33:24, time: 0.496, data_time: 0.004, memory: 5513, loss_rpn_cls: 0.0147, loss_rpn_bbox: 0.0166, loss_cls: 0.1058, acc: 96.5527, loss_bbox: 0.1295, loss: 0.2665
2025-11-19 10:28:08,987 - mmdet - INFO - Epoch [4][13000/16221]	lr: 2.500e-03, eta: 20:32:49, time: 0.497, data_time: 0.003, memory: 5513, loss_rpn_cls: 0.0162, loss_rpn_bbox: 0.0137, loss_cls: 0.1049, acc: 96.4551, loss_bbox: 0.1246, loss: 0.2594
2025-11-19 10:28:33,724 - mmdet - INFO - Epoch [4][13050/16221]	lr: 2.500e-03, eta: 20:32:15, time: 0.495, data_time: 0.004, memory: 5513, loss_rpn_cls: 0.0184, loss_rpn_bbox: 0.0208, loss_cls: 0.1001, acc: 96.5801, loss_bbox: 0.1215, loss: 0.2609
2025-11-19 10:28:58,308 - mmdet - INFO - Epoch [4][13100/16221]	lr: 2.500e-03, eta: 20:31:40, time: 0.492, data_time: 0.004, memory: 5513, loss_rpn_cls: 0.0138, loss_rpn_bbox: 0.0149, loss_cls: 0.0922, acc: 97.1895, loss_bbox: 0.0991, loss: 0.2199
2025-11-19 10:29:22,758 - mmdet - INFO - Epoch [4][13150/16221]	lr: 2.500e-03, eta: 20:31:05, time: 0.489, data_time: 0.004, memory: 5513, loss_rpn_cls: 0.0131, loss_rpn_bbox: 0.0178, loss_cls: 0.0978, acc: 96.6699, loss_bbox: 0.1175, loss: 0.2461
2025-11-19 10:29:47,623 - mmdet - INFO - Epoch [4][13200/16221]	lr: 2.500e-03, eta: 20:30:31, time: 0.497, data_time: 0.004, memory: 5513, loss_rpn_cls: 0.0165, loss_rpn_bbox: 0.0136, loss_cls: 0.0904, acc: 96.9316, loss_bbox: 0.1087, loss: 0.2292
2025-11-19 10:30:12,811 - mmdet - INFO - Epoch [4][13250/16221]	lr: 2.500e-03, eta: 20:29:58, time: 0.504, data_time: 0.004, memory: 5513, loss_rpn_cls: 0.0145, loss_rpn_bbox: 0.0165, loss_cls: 0.0967, acc: 96.7969, loss_bbox: 0.1228, loss: 0.2505
2025-11-19 10:30:37,951 - mmdet - INFO - Epoch [4][13300/16221]	lr: 2.500e-03, eta: 20:29:24, time: 0.503, data_time: 0.005, memory: 5513, loss_rpn_cls: 0.0166, loss_rpn_bbox: 0.0184, loss_cls: 0.0900, acc: 97.0527, loss_bbox: 0.1038, loss: 0.2288
2025-11-19 10:31:02,945 - mmdet - INFO - Epoch [4][13350/16221]	lr: 2.500e-03, eta: 20:28:51, time: 0.500, data_time: 0.003, memory: 5513, loss_rpn_cls: 0.0168, loss_rpn_bbox: 0.0161, loss_cls: 0.0940, acc: 96.8066, loss_bbox: 0.1155, loss: 0.2425
2025-11-19 10:31:27,928 - mmdet - INFO - Epoch [4][13400/16221]	lr: 2.500e-03, eta: 20:28:17, time: 0.500, data_time: 0.004, memory: 5513, loss_rpn_cls: 0.0224, loss_rpn_bbox: 0.0145, loss_cls: 0.1035, acc: 96.5098, loss_bbox: 0.1256, loss: 0.2660
2025-11-19 10:31:52,264 - mmdet - INFO - Epoch [4][13450/16221]	lr: 2.500e-03, eta: 20:27:42, time: 0.487, data_time: 0.002, memory: 5513, loss_rpn_cls: 0.0196, loss_rpn_bbox: 0.0239, loss_cls: 0.1004, acc: 96.5781, loss_bbox: 0.1252, loss: 0.2691
2025-11-19 10:32:16,951 - mmdet - INFO - Epoch [4][13500/16221]	lr: 2.500e-03, eta: 20:27:07, time: 0.494, data_time: 0.003, memory: 5513, loss_rpn_cls: 0.0209, loss_rpn_bbox: 0.0179, loss_cls: 0.1088, acc: 96.2109, loss_bbox: 0.1371, loss: 0.2847
2025-11-19 10:32:42,395 - mmdet - INFO - Epoch [4][13550/16221]	lr: 2.500e-03, eta: 20:26:34, time: 0.509, data_time: 0.004, memory: 5513, loss_rpn_cls: 0.0210, loss_rpn_bbox: 0.0180, loss_cls: 0.0903, acc: 96.8535, loss_bbox: 0.1183, loss: 0.2476
2025-11-19 10:33:07,519 - mmdet - INFO - Epoch [4][13600/16221]	lr: 2.500e-03, eta: 20:26:01, time: 0.502, data_time: 0.004, memory: 5513, loss_rpn_cls: 0.0213, loss_rpn_bbox: 0.0197, loss_cls: 0.1159, acc: 96.0293, loss_bbox: 0.1337, loss: 0.2906
2025-11-19 10:33:32,919 - mmdet - INFO - Epoch [4][13650/16221]	lr: 2.500e-03, eta: 20:25:28, time: 0.508, data_time: 0.003, memory: 5513, loss_rpn_cls: 0.0149, loss_rpn_bbox: 0.0169, loss_cls: 0.1077, acc: 96.4199, loss_bbox: 0.1268, loss: 0.2662
2025-11-19 10:33:57,841 - mmdet - INFO - Epoch [4][13700/16221]	lr: 2.500e-03, eta: 20:24:54, time: 0.498, data_time: 0.003, memory: 5513, loss_rpn_cls: 0.0161, loss_rpn_bbox: 0.0159, loss_cls: 0.0879, acc: 97.0605, loss_bbox: 0.1053, loss: 0.2252
2025-11-19 10:34:22,755 - mmdet - INFO - Epoch [4][13750/16221]	lr: 2.500e-03, eta: 20:24:20, time: 0.498, data_time: 0.004, memory: 5513, loss_rpn_cls: 0.0206, loss_rpn_bbox: 0.0213, loss_cls: 0.1022, acc: 96.5879, loss_bbox: 0.1177, loss: 0.2618
2025-11-19 10:34:48,191 - mmdet - INFO - Epoch [4][13800/16221]	lr: 2.500e-03, eta: 20:23:48, time: 0.508, data_time: 0.003, memory: 5513, loss_rpn_cls: 0.0210, loss_rpn_bbox: 0.0263, loss_cls: 0.0949, acc: 96.6445, loss_bbox: 0.1223, loss: 0.2645
2025-11-19 10:35:13,069 - mmdet - INFO - Epoch [4][13850/16221]	lr: 2.500e-03, eta: 20:23:14, time: 0.498, data_time: 0.003, memory: 5513, loss_rpn_cls: 0.0161, loss_rpn_bbox: 0.0229, loss_cls: 0.0913, acc: 96.8652, loss_bbox: 0.1118, loss: 0.2421
2025-11-19 10:35:37,946 - mmdet - INFO - Epoch [4][13900/16221]	lr: 2.500e-03, eta: 20:22:40, time: 0.498, data_time: 0.004, memory: 5513, loss_rpn_cls: 0.0132, loss_rpn_bbox: 0.0187, loss_cls: 0.0965, acc: 96.5059, loss_bbox: 0.1214, loss: 0.2499
2025-11-19 10:36:02,505 - mmdet - INFO - Epoch [4][13950/16221]	lr: 2.500e-03, eta: 20:22:05, time: 0.491, data_time: 0.003, memory: 5513, loss_rpn_cls: 0.0221, loss_rpn_bbox: 0.0224, loss_cls: 0.0942, acc: 96.8164, loss_bbox: 0.1168, loss: 0.2555
2025-11-19 10:36:26,759 - mmdet - INFO - Epoch [4][14000/16221]	lr: 2.500e-03, eta: 20:21:30, time: 0.485, data_time: 0.004, memory: 5513, loss_rpn_cls: 0.0233, loss_rpn_bbox: 0.0224, loss_cls: 0.1127, acc: 96.3613, loss_bbox: 0.1268, loss: 0.2852
2025-11-19 10:36:56,113 - mmdet - INFO - Epoch [4][14050/16221]	lr: 2.500e-03, eta: 20:21:06, time: 0.585, data_time: 0.004, memory: 5513, loss_rpn_cls: 0.0153, loss_rpn_bbox: 0.0205, loss_cls: 0.1009, acc: 96.4707, loss_bbox: 0.1217, loss: 0.2584
2025-11-19 10:37:25,934 - mmdet - INFO - Epoch [4][14100/16221]	lr: 2.500e-03, eta: 20:20:41, time: 0.588, data_time: 0.008, memory: 5513, loss_rpn_cls: 0.0156, loss_rpn_bbox: 0.0159, loss_cls: 0.0913, acc: 96.8066, loss_bbox: 0.1149, loss: 0.2378
2025-11-19 10:39:02,527 - mmdet - INFO - Epoch [4][14150/16221]	lr: 2.500e-03, eta: 20:22:39, time: 1.942, data_time: 0.017, memory: 5513, loss_rpn_cls: 0.0186, loss_rpn_bbox: 0.0124, loss_cls: 0.0963, acc: 96.8281, loss_bbox: 0.1093, loss: 0.2366
2025-11-19 10:40:03,261 - mmdet - INFO - Epoch [4][14200/16221]	lr: 2.500e-03, eta: 20:23:20, time: 1.214, data_time: 0.006, memory: 5513, loss_rpn_cls: 0.0176, loss_rpn_bbox: 0.0182, loss_cls: 0.1039, acc: 96.5762, loss_bbox: 0.1084, loss: 0.2480
2025-11-19 10:40:54,338 - mmdet - INFO - Epoch [4][14250/16221]	lr: 2.500e-03, eta: 20:23:41, time: 1.022, data_time: 0.007, memory: 5513, loss_rpn_cls: 0.0132, loss_rpn_bbox: 0.0132, loss_cls: 0.0983, acc: 96.7109, loss_bbox: 0.1113, loss: 0.2359
2025-11-19 10:41:49,594 - mmdet - INFO - Epoch [4][14300/16221]	lr: 2.500e-03, eta: 20:24:10, time: 1.105, data_time: 0.007, memory: 5513, loss_rpn_cls: 0.0154, loss_rpn_bbox: 0.0153, loss_cls: 0.0975, acc: 96.6875, loss_bbox: 0.1189, loss: 0.2471
2025-11-19 10:42:44,151 - mmdet - INFO - Epoch [4][14350/16221]	lr: 2.500e-03, eta: 20:24:38, time: 1.091, data_time: 0.007, memory: 5513, loss_rpn_cls: 0.0181, loss_rpn_bbox: 0.0196, loss_cls: 0.1012, acc: 96.6230, loss_bbox: 0.1190, loss: 0.2580
2025-11-19 10:43:21,829 - mmdet - INFO - Epoch [4][14400/16221]	lr: 2.500e-03, eta: 20:24:31, time: 0.754, data_time: 0.007, memory: 5513, loss_rpn_cls: 0.0164, loss_rpn_bbox: 0.0170, loss_cls: 0.1021, acc: 96.5547, loss_bbox: 0.1258, loss: 0.2614
2025-11-19 10:44:11,064 - mmdet - INFO - Epoch [4][14450/16221]	lr: 2.500e-03, eta: 20:24:47, time: 0.981, data_time: 0.006, memory: 5513, loss_rpn_cls: 0.0145, loss_rpn_bbox: 0.0171, loss_cls: 0.0893, acc: 97.0234, loss_bbox: 0.1124, loss: 0.2333
2025-11-19 10:44:46,320 - mmdet - INFO - Epoch [4][14500/16221]	lr: 2.500e-03, eta: 20:24:35, time: 0.709, data_time: 0.009, memory: 5513, loss_rpn_cls: 0.0184, loss_rpn_bbox: 0.0175, loss_cls: 0.1092, acc: 96.2363, loss_bbox: 0.1265, loss: 0.2716
2025-11-19 10:45:23,059 - mmdet - INFO - Epoch [4][14550/16221]	lr: 2.500e-03, eta: 20:24:25, time: 0.735, data_time: 0.005, memory: 5513, loss_rpn_cls: 0.0187, loss_rpn_bbox: 0.0176, loss_cls: 0.1109, acc: 96.2891, loss_bbox: 0.1310, loss: 0.2783
2025-11-19 10:45:58,581 - mmdet - INFO - Epoch [4][14600/16221]	lr: 2.500e-03, eta: 20:24:13, time: 0.710, data_time: 0.004, memory: 5513, loss_rpn_cls: 0.0203, loss_rpn_bbox: 0.0170, loss_cls: 0.0901, acc: 97.0977, loss_bbox: 0.1018, loss: 0.2292
2025-11-19 10:46:33,462 - mmdet - INFO - Epoch [4][14650/16221]	lr: 2.500e-03, eta: 20:23:59, time: 0.698, data_time: 0.004, memory: 5513, loss_rpn_cls: 0.0126, loss_rpn_bbox: 0.0188, loss_cls: 0.0846, acc: 96.9629, loss_bbox: 0.1057, loss: 0.2218
2025-11-19 10:47:12,819 - mmdet - INFO - Epoch [4][14700/16221]	lr: 2.500e-03, eta: 20:23:55, time: 0.787, data_time: 0.005, memory: 5513, loss_rpn_cls: 0.0179, loss_rpn_bbox: 0.0173, loss_cls: 0.1105, acc: 96.0801, loss_bbox: 0.1275, loss: 0.2732
2025-11-19 10:47:51,620 - mmdet - INFO - Epoch [4][14750/16221]	lr: 2.500e-03, eta: 20:23:49, time: 0.776, data_time: 0.004, memory: 5513, loss_rpn_cls: 0.0158, loss_rpn_bbox: 0.0138, loss_cls: 0.0813, acc: 97.1855, loss_bbox: 0.0986, loss: 0.2095
2025-11-19 10:48:33,133 - mmdet - INFO - Epoch [4][14800/16221]	lr: 2.500e-03, eta: 20:23:49, time: 0.825, data_time: 0.005, memory: 5513, loss_rpn_cls: 0.0162, loss_rpn_bbox: 0.0140, loss_cls: 0.1057, acc: 96.3477, loss_bbox: 0.1273, loss: 0.2632
2025-11-19 10:50:18,104 - mmdet - INFO - Epoch [4][14850/16221]	lr: 2.500e-03, eta: 20:26:00, time: 2.103, data_time: 0.011, memory: 5513, loss_rpn_cls: 0.0231, loss_rpn_bbox: 0.0168, loss_cls: 0.0991, acc: 96.6309, loss_bbox: 0.1132, loss: 0.2522
2025-11-19 10:50:49,494 - mmdet - INFO - Epoch [4][14900/16221]	lr: 2.500e-03, eta: 20:25:39, time: 0.629, data_time: 0.007, memory: 5513, loss_rpn_cls: 0.0129, loss_rpn_bbox: 0.0147, loss_cls: 0.0860, acc: 97.0156, loss_bbox: 0.1090, loss: 0.2226
2025-11-19 10:51:30,380 - mmdet - INFO - Epoch [4][14950/16221]	lr: 2.500e-03, eta: 20:25:37, time: 0.817, data_time: 0.006, memory: 5513, loss_rpn_cls: 0.0144, loss_rpn_bbox: 0.0169, loss_cls: 0.0849, acc: 97.0938, loss_bbox: 0.1192, loss: 0.2354
2025-11-19 10:52:20,533 - mmdet - INFO - Epoch [4][15000/16221]	lr: 2.500e-03, eta: 20:25:55, time: 1.003, data_time: 0.005, memory: 5513, loss_rpn_cls: 0.0137, loss_rpn_bbox: 0.0146, loss_cls: 0.0926, acc: 96.7148, loss_bbox: 0.1184, loss: 0.2393
2025-11-19 10:53:13,379 - mmdet - INFO - Epoch [4][15050/16221]	lr: 2.500e-03, eta: 20:26:17, time: 1.056, data_time: 0.005, memory: 5513, loss_rpn_cls: 0.0201, loss_rpn_bbox: 0.0175, loss_cls: 0.1157, acc: 96.0859, loss_bbox: 0.1410, loss: 0.2943
2025-11-19 10:54:07,062 - mmdet - INFO - Epoch [4][15100/16221]	lr: 2.500e-03, eta: 20:26:42, time: 1.075, data_time: 0.006, memory: 5513, loss_rpn_cls: 0.0143, loss_rpn_bbox: 0.0132, loss_cls: 0.1131, acc: 96.2324, loss_bbox: 0.1290, loss: 0.2696
2025-11-19 10:55:12,509 - mmdet - INFO - Epoch [4][15150/16221]	lr: 2.500e-03, eta: 20:27:30, time: 1.309, data_time: 0.005, memory: 5513, loss_rpn_cls: 0.0186, loss_rpn_bbox: 0.0173, loss_cls: 0.1013, acc: 96.3984, loss_bbox: 0.1220, loss: 0.2592
2025-11-19 10:56:08,209 - mmdet - INFO - Epoch [4][15200/16221]	lr: 2.500e-03, eta: 20:27:59, time: 1.112, data_time: 0.005, memory: 5513, loss_rpn_cls: 0.0158, loss_rpn_bbox: 0.0165, loss_cls: 0.0832, acc: 97.1074, loss_bbox: 0.0992, loss: 0.2147
2025-11-19 10:57:00,306 - mmdet - INFO - Epoch [4][15250/16221]	lr: 2.500e-03, eta: 20:28:19, time: 1.043, data_time: 0.007, memory: 5513, loss_rpn_cls: 0.0128, loss_rpn_bbox: 0.0144, loss_cls: 0.0941, acc: 96.5195, loss_bbox: 0.1339, loss: 0.2553
2025-11-19 11:00:32,950 - mmdet - INFO - Epoch [4][15300/16221]	lr: 2.500e-03, eta: 20:34:07, time: 4.240, data_time: 0.006, memory: 5513, loss_rpn_cls: 0.0217, loss_rpn_bbox: 0.0187, loss_cls: 0.1000, acc: 96.4785, loss_bbox: 0.1236, loss: 0.2640
2025-11-19 11:04:25,783 - mmdet - INFO - Epoch [4][15350/16221]	lr: 2.500e-03, eta: 20:40:37, time: 4.663, data_time: 0.019, memory: 5513, loss_rpn_cls: 0.0208, loss_rpn_bbox: 0.0177, loss_cls: 0.1045, acc: 96.4648, loss_bbox: 0.1258, loss: 0.2688
2025-11-19 11:07:53,363 - mmdet - INFO - Epoch [4][15400/16221]	lr: 2.500e-03, eta: 20:46:14, time: 4.159, data_time: 0.013, memory: 5513, loss_rpn_cls: 0.0199, loss_rpn_bbox: 0.0190, loss_cls: 0.0935, acc: 96.8242, loss_bbox: 0.1204, loss: 0.2528
2025-11-19 11:11:08,628 - mmdet - INFO - Epoch [4][15450/16221]	lr: 2.500e-03, eta: 20:51:24, time: 3.903, data_time: 0.005, memory: 5513, loss_rpn_cls: 0.0217, loss_rpn_bbox: 0.0153, loss_cls: 0.0932, acc: 96.7109, loss_bbox: 0.1193, loss: 0.2495
2025-11-19 11:12:21,560 - mmdet - INFO - Epoch [4][15500/16221]	lr: 2.500e-03, eta: 20:52:26, time: 1.460, data_time: 0.007, memory: 5513, loss_rpn_cls: 0.0178, loss_rpn_bbox: 0.0195, loss_cls: 0.1105, acc: 96.3203, loss_bbox: 0.1219, loss: 0.2697
2025-11-19 11:13:12,696 - mmdet - INFO - Epoch [4][15550/16221]	lr: 2.500e-03, eta: 20:52:42, time: 1.023, data_time: 0.006, memory: 5513, loss_rpn_cls: 0.0152, loss_rpn_bbox: 0.0151, loss_cls: 0.1040, acc: 96.2656, loss_bbox: 0.1275, loss: 0.2618
2025-11-19 11:14:14,938 - mmdet - INFO - Epoch [4][15600/16221]	lr: 2.500e-03, eta: 20:53:21, time: 1.244, data_time: 0.005, memory: 5513, loss_rpn_cls: 0.0158, loss_rpn_bbox: 0.0182, loss_cls: 0.1138, acc: 95.9961, loss_bbox: 0.1407, loss: 0.2885
2025-11-19 11:15:15,830 - mmdet - INFO - Epoch [4][15650/16221]	lr: 2.500e-03, eta: 20:53:57, time: 1.217, data_time: 0.005, memory: 5513, loss_rpn_cls: 0.0194, loss_rpn_bbox: 0.0173, loss_cls: 0.1168, acc: 95.9648, loss_bbox: 0.1337, loss: 0.2873
2025-11-19 11:16:44,603 - mmdet - INFO - Epoch [4][15700/16221]	lr: 2.500e-03, eta: 20:55:30, time: 1.776, data_time: 0.006, memory: 5513, loss_rpn_cls: 0.0151, loss_rpn_bbox: 0.0145, loss_cls: 0.0999, acc: 96.5332, loss_bbox: 0.1247, loss: 0.2541
2025-11-19 11:18:06,261 - mmdet - INFO - Epoch [4][15750/16221]	lr: 2.500e-03, eta: 20:56:47, time: 1.633, data_time: 0.006, memory: 5513, loss_rpn_cls: 0.0162, loss_rpn_bbox: 0.0138, loss_cls: 0.0977, acc: 96.7031, loss_bbox: 0.1180, loss: 0.2458
2025-11-19 11:19:14,747 - mmdet - INFO - Epoch [4][15800/16221]	lr: 2.500e-03, eta: 20:57:38, time: 1.371, data_time: 0.006, memory: 5513, loss_rpn_cls: 0.0148, loss_rpn_bbox: 0.0185, loss_cls: 0.1063, acc: 96.3398, loss_bbox: 0.1253, loss: 0.2650
2025-11-19 11:20:18,547 - mmdet - INFO - Epoch [4][15850/16221]	lr: 2.500e-03, eta: 20:58:20, time: 1.276, data_time: 0.006, memory: 5513, loss_rpn_cls: 0.0247, loss_rpn_bbox: 0.0202, loss_cls: 0.1053, acc: 96.2910, loss_bbox: 0.1401, loss: 0.2903
2025-11-19 11:21:17,224 - mmdet - INFO - Epoch [4][15900/16221]	lr: 2.500e-03, eta: 20:58:50, time: 1.174, data_time: 0.006, memory: 5513, loss_rpn_cls: 0.0221, loss_rpn_bbox: 0.0185, loss_cls: 0.1174, acc: 96.1543, loss_bbox: 0.1306, loss: 0.2887
2025-11-19 11:23:26,583 - mmdet - INFO - Epoch [4][15950/16221]	lr: 2.500e-03, eta: 21:01:42, time: 2.579, data_time: 0.006, memory: 5513, loss_rpn_cls: 0.0161, loss_rpn_bbox: 0.0137, loss_cls: 0.1161, acc: 95.9395, loss_bbox: 0.1417, loss: 0.2876
2025-11-19 11:24:39,245 - mmdet - INFO - Epoch [4][16000/16221]	lr: 2.500e-03, eta: 21:02:42, time: 1.462, data_time: 0.015, memory: 5513, loss_rpn_cls: 0.0262, loss_rpn_bbox: 0.0251, loss_cls: 0.0989, acc: 97.1250, loss_bbox: 0.0994, loss: 0.2495
2025-11-19 11:25:13,679 - mmdet - INFO - Epoch [4][16050/16221]	lr: 2.500e-03, eta: 21:02:23, time: 0.689, data_time: 0.006, memory: 5513, loss_rpn_cls: 0.0197, loss_rpn_bbox: 0.0211, loss_cls: 0.1100, acc: 96.3984, loss_bbox: 0.1248, loss: 0.2757
2025-11-19 11:25:48,684 - mmdet - INFO - Epoch [4][16100/16221]	lr: 2.500e-03, eta: 21:02:06, time: 0.700, data_time: 0.007, memory: 5513, loss_rpn_cls: 0.0122, loss_rpn_bbox: 0.0148, loss_cls: 0.0971, acc: 96.7695, loss_bbox: 0.1209, loss: 0.2449
2025-11-19 11:26:20,187 - mmdet - INFO - Epoch [4][16150/16221]	lr: 2.500e-03, eta: 21:01:41, time: 0.630, data_time: 0.006, memory: 5513, loss_rpn_cls: 0.0148, loss_rpn_bbox: 0.0185, loss_cls: 0.1065, acc: 96.2031, loss_bbox: 0.1348, loss: 0.2747
2025-11-19 11:26:50,864 - mmdet - INFO - Epoch [4][16200/16221]	lr: 2.500e-03, eta: 21:01:15, time: 0.614, data_time: 0.006, memory: 5513, loss_rpn_cls: 0.0179, loss_rpn_bbox: 0.0232, loss_cls: 0.0924, acc: 96.6816, loss_bbox: 0.1205, loss: 0.2541
2025-11-19 11:27:15,858 - mmdet - INFO - Saving checkpoint at 4 epochs
2025-11-19 11:28:31,996 - mmdet - INFO - Epoch [5][50/16221]	lr: 2.500e-03, eta: 21:01:39, time: 1.481, data_time: 0.710, memory: 5513, loss_rpn_cls: 0.0143, loss_rpn_bbox: 0.0149, loss_cls: 0.1033, acc: 96.2637, loss_bbox: 0.1328, loss: 0.2653
2025-11-19 11:29:00,694 - mmdet - INFO - Epoch [5][100/16221]	lr: 2.500e-03, eta: 21:01:09, time: 0.574, data_time: 0.006, memory: 5513, loss_rpn_cls: 0.0147, loss_rpn_bbox: 0.0162, loss_cls: 0.0940, acc: 96.6621, loss_bbox: 0.1211, loss: 0.2459
2025-11-19 11:29:33,360 - mmdet - INFO - Epoch [5][150/16221]	lr: 2.500e-03, eta: 21:00:47, time: 0.653, data_time: 0.006, memory: 5513, loss_rpn_cls: 0.0126, loss_rpn_bbox: 0.0158, loss_cls: 0.1035, acc: 96.4180, loss_bbox: 0.1227, loss: 0.2546
